nome,whatsapp,endereco,cidade,latitude,longitude,categorias,url_maps,status_funil
F.A Studio de Beleza,5599981019154,"R. Nova, 59, Bacabal - MA, 65700-000, Brasil",Bacabal,-4.2145412,-44.7915636,"{""Clínica de Estética""}",https://www.google.com/maps/search/?api=1&query=F.A%20Studio%20de%20Beleza&query_place_id=ChIJBUIDgJdvigcRxrh1vNeDR14,prospect
Studio Beleza & Estetica,,"Bacabal - MA, 65700-000, Brasil",Bacabal,-4.224807,-44.7912924,"{""Salão de Beleza""}",https://www.google.com/maps/search/?api=1&query=Studio%20Beleza%20%26%20Estetica&query_place_id=ChIJ1z7KE99uigcR1uFQLA-ZNxY,prospect
BRUNA MACEDO BEAUTY STUDIO,5599920002903,"R. Jorge José de Mendonça - Centro, Bacabal - MA, 65700-000, Brasil",Bacabal,-4.2216085,-44.7690267,"{""Salão de Beleza""}",https://www.google.com/maps/search/?api=1&query=BRUNA%20MACEDO%20BEAUTY%20STUDIO&query_place_id=ChIJm7qugbZpigcRyiUmsic0YJM,prospect
Centro de beleza CBMARGÔ,,"R. Seis, 219-327, Bacabal - MA, 65700-000, Brasil",Bacabal,-4.2080766,-44.7935695,"{""Salão de Beleza""}",https://www.google.com/maps/search/?api=1&query=Centro%20de%20beleza%20CBMARG%C3%94&query_place_id=ChIJM9qLEgBvigcRzw0zNGPdjxA,prospect
Salão daliana e michelle,5599982705344,"Av 4 Quadra 22 casa 5, Av. Cohab, 2, Bacabal - MA, 65700-000, Brasil",Bacabal,-4.2259172,-44.796057,"{""Salão de Beleza""}",https://www.google.com/maps/search/?api=1&query=Sal%C3%A3o%20daliana%20e%20michelle&query_place_id=ChIJN-IxzW1vigcRJf3KoIURVEU,prospect
Espaço de beleza JS,5588981042121,"R. Teixeira de Freitas, 22 - Centro, Bacabal - MA, 65700-000, Brasil",Bacabal,-4.2338271,-44.7740484,"{""Salão de Beleza""}",https://www.google.com/maps/search/?api=1&query=Espa%C3%A7o%20de%20beleza%20JS&query_place_id=ChIJLaiRceFpigcRcJsKbvo0t8A,prospect
STUDIO GLAM Centro de Beleza,5599985516161,"R. Maranhão Sobrinho, 1557 - Centro, Bacabal - MA, 65700-000, Brasil",Bacabal,-4.2252769,-44.7875797,"{""Salão de Beleza""}",https://www.google.com/maps/search/?api=1&query=STUDIO%20GLAM%20Centro%20de%20Beleza&query_place_id=ChIJgT5bC9RpigcR4kV_fnivVgI,prospect
Me Espaço De Beleza,,"Bacabal - MA, 65700-000, Brasil",Bacabal,-4.2183272,-44.768218,"{""Salão de Beleza""}",https://www.google.com/maps/search/?api=1&query=Me%20Espa%C3%A7o%20De%20Beleza&query_place_id=ChIJHyPFMdBoigcRaj1teX-G3pM,prospect
Espaço de Beleza Rita Sousa,5599981286304,"Em frente o Shopping da Madeira - Estr. Bela Vista, 22 - Parque Manoel Lacerda, Bacabal - MA, 65700-000, Brasil",Bacabal,-4.2187836,-44.7870676,"{""Salão de Beleza""}",https://www.google.com/maps/search/?api=1&query=Espa%C3%A7o%20de%20Beleza%20Rita%20Sousa&query_place_id=ChIJdb6p5VRvigcRq2Rng8tpRtc,prospect
Estética Paula Marcelly,5599981296056,"R. Dezoito, 50 - Vila São João, Bacabal - MA, 65700-000, Brasil",Bacabal,-4.250693,-44.785191,"{""Salão de Beleza""}",https://www.google.com/maps/search/?api=1&query=Est%C3%A9tica%20Paula%20Marcelly&query_place_id=ChIJHzcn1iZvigcR3WOrFSAwmcg,prospect
Espaço Da Beleza Andréia Cunnha,,"Bacabal - MA, 65708-000, Brasil",Bacabal,-4.250081,-44.7882167,"{""Salão de Beleza""}",https://www.google.com/maps/search/?api=1&query=Espa%C3%A7o%20Da%20Beleza%20Andr%C3%A9ia%20Cunnha&query_place_id=ChIJAdCrJqRuigcRudbReNlpn7U,prospect
Barbearia do Leleco,5599992150542,"Rua Ruir barbosa, Bacabal - MA, 65700-000, Brasil",Bacabal,-4.1204745,-44.5764243,"{""Barbearia""}",https://www.google.com/maps/search/?api=1&query=Barbearia%20do%20Leleco&query_place_id=ChIJs2-P7d5ZigcRSK70p0mbDJ4,prospect
Dona Crespa,5599991748082,"R. Getúlio Vargas, 678, Bacabal - MA, 65700-000, Brasil",Bacabal,-4.2358057,-44.7836777,"{""Salão de Beleza""}",https://www.google.com/maps/search/?api=1&query=Dona%20Crespa&query_place_id=ChIJywPVPE1vigcRe09OMegTkXM,prospect
Espaço Elinalda mega hair,5599984348824,"R. João Alberto, casa 93 - Vila Pedro Brito, Bacabal - MA, 65700-000, Brasil",Bacabal,-4.2116529,-44.7832772,"{""Salão de Beleza""}",https://www.google.com/maps/search/?api=1&query=Espa%C3%A7o%20Elinalda%20mega%20hair&query_place_id=ChIJXWkjemlvigcRMvbp32dONQc,prospect
Espaço Valdene Gomez,5599984011926,"Galeria da Blitz - R. Osvaldo Cruz, Sl 04 - Centro, Bacabal - MA, 65700-000, Brasil",Bacabal,-4.2294085,-44.7885655,"{""Salão de Beleza""}",https://www.google.com/maps/search/?api=1&query=Espa%C3%A7o%20Valdene%20Gomez&query_place_id=ChIJqQrqqHVvigcRCyFJVNgW3m4,prospect
Salao Do Chinês - BARBER SHOP TUNAI MARINHO,5599981416157,"R. Carlos Pereira, 643, Bacabal - MA, 65700-000, Brasil",Bacabal,-4.229672,-44.7819837,"{""Barbearia""}",https://www.google.com/maps/search/?api=1&query=Salao%20Do%20Chin%C3%AAs%20-%20BARBER%20SHOP%20TUNAI%20MARINHO&query_place_id=ChIJgxcsDtFuigcRTVruOOFKUSc,prospect
Laís Gabrielli Makeup,5598983000089,"Vp16 quadra 37 casa 02 - Cohab II, Bacabal - MA, 65700-000, Brasil",Bacabal,-4.2274289,-44.7976927,"{""Maquiagem""}",https://www.google.com/maps/search/?api=1&query=La%C3%ADs%20Gabrielli%20Makeup&query_place_id=ChIJowE00OZuigcRx94lFo3boPI,prospect
CarlMary,5599984463003,"Rua Barão De Rio Branca, 216, Bacabal - MA, 65700-000, Brasil",Bacabal,-4.2298876,-44.7758948,"{""Maquiagem""}",https://www.google.com/maps/search/?api=1&query=CarlMary&query_place_id=ChIJuTR16u5vigcRpRMLZtk7p5I,prospect
Espaço Driica Makeup,5599996491646,"R. Taváres de Moura, 421 - Esperanca, Bacabal - MA, 65700-000, Brasil",Bacabal,-4.241763,-44.7861639,"{""Maquiagem""}",https://www.google.com/maps/search/?api=1&query=Espa%C3%A7o%20Driica%20Makeup&query_place_id=ChIJcRzNrK1vigcRC8xSpw6RcLY,prospect
Salão Juliana Cabeleireira,5599992174837,"Bacabal - MA, 65700-000, Brasil",Bacabal,-4.1993197,-44.7832569,"{""Salão de Beleza""}",https://www.google.com/maps/search/?api=1&query=Sal%C3%A3o%20Juliana%20Cabeleireira&query_place_id=ChIJMRqkySFvigcRWOsGoglzaMI,prospect
Wk_estudiodebeleza,5599984885637,"R. da Forquilha, Bacabal - MA, 65700-000, Brasil",Bacabal,-4.2245805,-44.7847947,"{""Salão de Beleza""}",https://www.google.com/maps/search/?api=1&query=Wk_estudiodebeleza&query_place_id=ChIJ3RpxFBVvigcR5CsJcm4Dj6Q,prospect
Jessie cabeleireira,,"R. Djalma Dutra, 1714 - da areia, Bacabal - MA, 65700-000, Brasil",Bacabal,-4.2204621,-44.776185,"{""Salão de Beleza""}",https://www.google.com/maps/search/?api=1&query=Jessie%20cabeleireira&query_place_id=ChIJ9ztpCoJvigcRQ7D6GZqSZSk,prospect
Studio Rosilene Santos,,"R. Carlos Pereira, 982A, Bacabal - MA, 65700-000, Brasil",Bacabal,-4.230763,-44.7838119,"{""Salão de Beleza""}",https://www.google.com/maps/search/?api=1&query=Studio%20Rosilene%20Santos&query_place_id=ChIJDxXHir5vigcRQ5DStg0n30o,prospect
Salão Realce,,"Bacabal - MA, 65700-000, Brasil",Bacabal,-4.2378833,-44.7830481,"{""Salão de Beleza""}",https://www.google.com/maps/search/?api=1&query=Sal%C3%A3o%20Realce&query_place_id=ChIJ8ZC-UchuigcRWc2xpYq7jCs,prospect
Salão da Nalvinha,5599982143293,"Av. Dom Banco, 520, Bacabal - MA, 65700-000, Brasil",Bacabal,-4.2081888,-44.8007741,"{""Salão de Beleza""}",https://www.google.com/maps/search/?api=1&query=Sal%C3%A3o%20da%20Nalvinha&query_place_id=ChIJUZ10zwJvigcR4_LEP4FQZwA,prospect
Corpo Bronzeado estetica,5599982718536,"Av. Um, 223 - residencial bela vista, Bacabal - MA, 65700-000, Brasil",Bacabal,-4.2073012,-44.8032254,"{""Bronzeamento""}",https://www.google.com/maps/search/?api=1&query=Corpo%20Bronzeado%20estetica&query_place_id=ChIJA7OGKABvigcRGhp-_SkfUFs,prospect
Iza Santos,,"Bacabal - MA, 65700-000, Brasil",Bacabal,-4.2083335,-44.8010728,"{""Salão de Beleza""}",https://www.google.com/maps/search/?api=1&query=Iza%20Santos&query_place_id=ChIJDUJFLxNvigcR__6ciSrIcx0,prospect
Espaço de Beleza Yanne,5599984131945,"Av. B, 36, Bacabal - MA, 65700-000, Brasil",Bacabal,-4.2090524,-44.7998713,"{""Manicure - Esmalteria""}",https://www.google.com/maps/search/?api=1&query=Espa%C3%A7o%20de%20Beleza%20Yanne&query_place_id=ChIJt1PBPCdvigcR7cg3d3eG8M4,prospect
Nails_studio,5599991507172,"R. Santa Catarina, 251 - Novo Bacabal, Bacabal - MA, 65700-000, Brasil",Bacabal,-4.2084395,-44.8042674,"{""Manicure - Esmalteria""}",https://www.google.com/maps/search/?api=1&query=Nails_studio&query_place_id=ChIJD_p0kIJvigcRBSLGshZuu18,prospect
Studio Jamilly vitória,5599984240826,"R. Antonio Almeida, Bacabal - MA, 65708-000, Brasil",Bacabal,-4.2523096,-44.8034431,"{""Sobrancelhas e Cílios""}",https://www.google.com/maps/search/?api=1&query=Studio%20Jamilly%20vit%C3%B3ria&query_place_id=ChIJcXJQTQBvigcR0MWHd2GKd9M,prospect
Lm Nails Design,5599992028097,"Rua Santo André N:17A próximo ao comercial Dom Bosco Novo, Bacabal - MA, 65700-000, Brasil",Bacabal,-4.2080855,-44.800172,"{""Manicure - Esmalteria""}",https://www.google.com/maps/search/?api=1&query=Lm%20Nails%20Design&query_place_id=ChIJ02jhimVvigcRiaHhM2POsSo,prospect
Tainá Cardoso Beauty,,"Rua Dom Bôsco, Bacabal - MA, 65700-000, Brasil",Bacabal,-4.2084523,-44.8006475,"{""Salão de Beleza""}",https://www.google.com/maps/search/?api=1&query=Tain%C3%A1%20Cardoso%20Beauty&query_place_id=ChIJgWiwUABvigcRHC-GDtw1KmM,prospect
Beijadas Pelo Sol,5599982001130,"Av. Marcone Caldas - Santa Marina, Bacabal - MA, 65700-000, Brasil",Bacabal,-4.2303937,-44.7967958,"{""Bronzeamento""}",https://www.google.com/maps/search/?api=1&query=Beijadas%20Pelo%20Sol&query_place_id=ChIJCcohLeZuigcRbWaQfPUafrs,prospect
Studio Milena Santos,5599981192573,"Rua do Sol, 2, Bacabal - MA, 65700-000, Brasil",Bacabal,-4.1964103,-44.7891066,"{""Salão de Beleza""}",https://www.google.com/maps/search/?api=1&query=Studio%20Milena%20Santos&query_place_id=ChIJ_6WLZABvigcRkoeOeBe_PIo,prospect
Salão Naldo Ferreira,5599981180269,"Av. Um, 13, Bacabal - MA, 65700-000, Brasil",Bacabal,-4.2248367,-44.7935584,"{""Salão de Beleza""}",https://www.google.com/maps/search/?api=1&query=Sal%C3%A3o%20Naldo%20Ferreira&query_place_id=ChIJo9bIxd9uigcRv3jshMH43h4,prospect
Eudiane Bronze,5599991504283,"R. José Coutinho, 18, Bacabal - MA, 65708-000, Brasil",Bacabal,-4.2514193,-44.8033506,"{""Bronzeamento""}",https://www.google.com/maps/search/?api=1&query=Eudiane%20Bronze&query_place_id=ChIJp2VXCABvigcRhCqyv10spHo,prospect
Estúdio de beleza MA&TL,5599999049790,"R. Onze, Bacabal - MA, 65708-000, Brasil",Bacabal,-4.2515238,-44.7843944,"{""Salão de Beleza""}",https://www.google.com/maps/search/?api=1&query=Est%C3%BAdio%20de%20beleza%20MA%26TL&query_place_id=ChIJ1zc6agBvigcRFkWrqP4LKu4,prospect
Clínica TS Estética,5599981930306,"Posto Qatar - BR-316 - Cohab l, Bacabal - MA, 65700-000, Brasil",Bacabal,-4.2240011,-44.7941388,"{""Salão de Beleza""}",https://www.google.com/maps/search/?api=1&query=Cl%C3%ADnica%20TS%20Est%C3%A9tica&query_place_id=ChIJb5vvP_lvigcRKj02lg43RAc,prospect
Wm_tranças,5599982130373,"R. Quatorze, Casa 29 - Vila da paz, Bacabal - MA, 65700-000, Brasil",Bacabal,-4.2546233,-44.7913048,"{""Salão de Beleza""}",https://www.google.com/maps/search/?api=1&query=Wm_tran%C3%A7as&query_place_id=ChIJe328MGBvigcRNltAze_sB8Y,prospect
ESPAÇO DE BELEZA ELIS,,"R. Varsia Formosa, 63, Bacabal - MA, 65700-000, Brasil",Bacabal,-4.2186537,-44.7908731,"{""Salão de Beleza""}",https://www.google.com/maps/search/?api=1&query=ESPA%C3%87O%20DE%20BELEZA%20ELIS&query_place_id=ChIJqRL-PgBvigcRW9_oElef6CM,prospect
Studio Thais Lucena,5599984845783,"R. Cloris Miranda, Bacabal - MA, 65700-000, Brasil",Bacabal,-4.231371,-44.7822293,"{""Salão de Beleza""}",https://www.google.com/maps/search/?api=1&query=Studio%20Thais%20Lucena&query_place_id=ChIJAV8ygHtvigcR0IfVHR0qXpI,prospect
Studio Lucivan Lima,5599982079291,"R. Viriato Corrêa, 824 - Bairro da areia, Bacabal - MA, 65700-000, Brasil",Bacabal,-4.2176664,-44.778323,"{""Salão de Beleza""}",https://www.google.com/maps/search/?api=1&query=Studio%20Lucivan%20Lima&query_place_id=ChIJCYMOG7BvigcR11JsiXVCJXo,prospect
Stúdio de Beleza Vitória Régia,,"Bacabal - MA, 65700-000, Brasil",Bacabal,-4.2162061,-44.7899859,"{""Salão de Beleza""}",https://www.google.com/maps/search/?api=1&query=St%C3%BAdio%20de%20Beleza%20Vit%C3%B3ria%20R%C3%A9gia&query_place_id=ChIJIWEOUSNvigcRZ9bhKN7-PRc,prospect
Studio Vanessa Valentin,5599984642034,"Rua São Pantaleão - Pedro Brito, Bacabal - MA, 65700-000, Brasil",Bacabal,-4.2141172,-44.7848158,"{""Salão de Beleza""}",https://www.google.com/maps/search/?api=1&query=Studio%20Vanessa%20Valentin&query_place_id=ChIJL6BykPtvigcR8bTsVlWVRBE,prospect
Nrj Studio De Beleza,,"Bacabal - MA, 65700-000, Brasil",Bacabal,-4.2244831,-44.7846625,"{""Salão de Beleza""}",https://www.google.com/maps/search/?api=1&query=Nrj%20Studio%20De%20Beleza&query_place_id=ChIJ3YYe-tduigcRA4awYzM4wgM,prospect
Espaço de beleza Conselheiro e cida,,"Vp 15 quadra 36, Av. Cohab, 2 - casa 2, Bacabal - MA, 65700-000, Brasil",Bacabal,-4.22755,-44.7923494,"{""Salão de Beleza""}",https://www.google.com/maps/search/?api=1&query=Espa%C3%A7o%20de%20beleza%20Conselheiro%20e%20cida&query_place_id=ChIJReC0gVFvigcR-QH7ZJ5MPb8,prospect
Espaço Da Beleza Suêla Segadilha,,"R. Magalhães de Almeida, 209, Bacabal - MA, 65700-000, Brasil",Bacabal,-4.2313713,-44.7799167,"{""Salão de Beleza""}",https://www.google.com/maps/search/?api=1&query=Espa%C3%A7o%20Da%20Beleza%20Su%C3%AAla%20Segadilha&query_place_id=ChIJP1LQG9JuigcRKlHY9BXf58g,prospect
Kely Gomes Beleza e Cuidado,5599991653113,"R. São Joaquim, n°12 - Areal, Bacabal - MA, 65700-000, Brasil",Bacabal,-4.2422797,-44.8086782,"{""Salão de Beleza""}",https://www.google.com/maps/search/?api=1&query=Kely%20Gomes%20Beleza%20e%20Cuidado&query_place_id=ChIJp_FXas1vigcREatqYWR6bVo,prospect
Studio Mariana Assunção,5599981308604,"R. Santa Catarina, Bacabal - MA, 65700-000, Brasil",Bacabal,-4.207763,-44.8001742,"{""Salão de Beleza""}",https://www.google.com/maps/search/?api=1&query=Studio%20Mariana%20Assun%C3%A7%C3%A3o&query_place_id=ChIJ1xb3WldvigcReUGuyv9Oyr4,prospect
Maison Centro De Beleza E Estética,5599981226986,"R. VP-7, 12, Bacabal - MA, 65700-000, Brasil",Bacabal,-4.2272137,-44.793671,"{""Salão de Beleza""}",https://www.google.com/maps/search/?api=1&query=Maison%20Centro%20De%20Beleza%20E%20Est%C3%A9tica&query_place_id=ChIJobpLCN5uigcRjwHIzM7fg1c,prospect
Centro de Beleza Cleidimar Almeida,5599985516161,"R. Mariano Couto, 40 - Madre Rosa, Bacabal - MA, 65700-000, Brasil",Bacabal,-4.2318088,-44.7878168,"{""Salão de Beleza""}",https://www.google.com/maps/search/?api=1&query=Centro%20de%20Beleza%20Cleidimar%20Almeida&query_place_id=ChIJWUCsEoRvigcRiSY42EkAO7Q,prospect
salão e centro de estética toda bela,559936215917,"R. 10 de Novembro, 167, Bacabal - MA, 65700-000, Brasil",Bacabal,-4.2405448,-44.7826058,"{""Salão de Beleza""}",https://www.google.com/maps/search/?api=1&query=sal%C3%A3o%20e%20centro%20de%20est%C3%A9tica%20toda%20bela&query_place_id=ChIJ7cNGg7luigcRkr0d8MTSfCk,prospect
Salão De Beleza Espaço Beleza Dhara,5599982267695,"Tv. Gomes Vidal, 38, Bacabal - MA, 65700-000, Brasil",Bacabal,-4.239663,-44.78267,"{""Salão de Beleza""}",https://www.google.com/maps/search/?api=1&query=Sal%C3%A3o%20De%20Beleza%20Espa%C3%A7o%20Beleza%20Dhara&query_place_id=ChIJB-2uLLZuigcRtSQuOQeIgpE,prospect
Salão Tok de Beleza,5599981062067,"R. Getúlio Vargas, 665 - Centro, Bacabal - MA, 65700-000, Brasil",Bacabal,-4.2355711,-44.7830333,"{""Salão de Beleza""}",https://www.google.com/maps/search/?api=1&query=Sal%C3%A3o%20Tok%20de%20Beleza&query_place_id=ChIJH3_7KuVvigcR__gGLDcqI3Y,prospect
Studio Janaina Barbosa,5599981301178,"R. Maranhão Sobrinho, 1557 - Centro, Bacabal - MA, 65700-000, Brasil",Bacabal,-4.2252636,-44.7875684,"{""Depilação""}",https://www.google.com/maps/search/?api=1&query=Studio%20Janaina%20Barbosa&query_place_id=ChIJ_3jaNg5vigcRVpjJLBdLS7Y,prospect
Pathy Chiquetosa,,"R. Rui Barbosa, 1246 - Centro, Bacabal - MA, 65700-000, Brasil",Bacabal,-4.2223761,-44.7826755,"{""Sobrancelhas e Cílios""}",https://www.google.com/maps/search/?api=1&query=Pathy%20Chiquetosa&query_place_id=ChIJ0_geLapvigcRDJh7TcLg7p4,prospect
‍ ️Barbearia Gomes,5599991365337,"Ao lado do Bar do seu Chico Careca - R. São Joaquim, N° 37 - Areal, Bacabal - MA, 65700-000, Brasil",Bacabal,-4.2422967,-44.8089236,"{""Barbearia""}",https://www.google.com/maps/search/?api=1&query=%E2%80%8D%20%EF%B8%8FBarbearia%20Gomes&query_place_id=ChIJr-bXoy5vigcRaxD0YMPKUdY,prospect
Márcia Cabelos,5599981860209,"R. Cloris Miranda, 466, Bacabal - MA, 65700-000, Brasil",Bacabal,-4.2307605,-44.7816556,"{""Salão de Beleza""}",https://www.google.com/maps/search/?api=1&query=M%C3%A1rcia%20Cabelos&query_place_id=ChIJoWTWvdFuigcR9xrET8LXxeU,prospect
Janny E Jhenny Cabelo E Depilação,,"Bacabal - MA, 65700-000, Brasil",Bacabal,-4.1954625,-44.7882644,"{""Salão de Beleza""}",https://www.google.com/maps/search/?api=1&query=Janny%20E%20Jhenny%20Cabelo%20E%20Depila%C3%A7%C3%A3o&query_place_id=ChIJIX0q4lhvigcR-aKNsPX14s0,prospect
Jk BARBEARIA é estética ele ela,,"R. Vp 06, Av. Cohab, box 04, Bacabal - MA, 65700-000, Brasil",Bacabal,-4.2266703,-44.7937777,"{""Barbearia""}",https://www.google.com/maps/search/?api=1&query=Jk%20BARBEARIA%20%C3%A9%20est%C3%A9tica%20ele%20ela&query_place_id=ChIJNYD0uQVvigcRbXgqx4KIOL0,prospect
Brasil Barbearia,5599981354630,"Praça da Cohab - Av. 1, Av. Cohab, 1 - Box 20, Bacabal - MA, 65700-000, Brasil",Bacabal,-4.2263967,-44.7934927,"{""Barbearia""}",https://www.google.com/maps/search/?api=1&query=Brasil%20Barbearia&query_place_id=ChIJpeg-wrduigcRTZHyJn6R5L8,prospect
Cris Cosméticos Cabelo E Estética,5599981117059,"R. Maranhão Sobrinho, 1108, Bacabal - MA, 65700-000, Brasil",Bacabal,-4.2304459,-44.7837331,"{""Salão de Beleza""}",https://www.google.com/maps/search/?api=1&query=Cris%20Cosm%C3%A9ticos%20Cabelo%20E%20Est%C3%A9tica&query_place_id=ChIJFdtYQtBuigcRSbQlRN3mTP0,prospect
Studio Nayara Carvalho,5599981629401,"R. Cleomenes Falcão, 860 - Esperança, Bacabal - MA, 65700-000, Brasil",Bacabal,-4.2437955,-44.781904,"{""Salão de Beleza""}",https://www.google.com/maps/search/?api=1&query=Studio%20Nayara%20Carvalho&query_place_id=ChIJV2RrFv5vigcRdHgKPUtnyaE,prospect
Salão Belíssima,5599981152372,"R. do Arame, Bacabal - MA, 65700-000, Brasil",Bacabal,-4.2239178,-44.7902512,"{""Salão de Beleza""}",https://www.google.com/maps/search/?api=1&query=Sal%C3%A3o%20Bel%C3%ADssima&query_place_id=ChIJbZhtuQFvigcRYlhGNCTeRVA,prospect
Studio Lya Thayne,5599981188042,"R. Cleomenes Falcão, 860, Bacabal - MA, 65700-000, Brasil",Bacabal,-4.2437955,-44.781904,"{""Salão de Beleza""}",https://www.google.com/maps/search/?api=1&query=Studio%20Lya%20Thayne&query_place_id=ChIJ2_u0VBxvigcRevYXoDHtE2A,prospect
Studio A,5599981092591,"R. das Tulipas, 143 - Cidade Jardins, Bacabal - MA, 65700-000, Brasil",Bacabal,-4.2491736,-44.8021263,"{""Salão de Beleza""}",https://www.google.com/maps/search/?api=1&query=Studio%20A&query_place_id=ChIJG4Gi7W9vigcRecCiSBfVByw,prospect
Divas Make-Up,5599984509224,"R. Doze, Bacabal - MA, 65700-000, Brasil",Bacabal,-4.2085872,-44.7965224,"{""Maquiagem""}",https://www.google.com/maps/search/?api=1&query=Divas%20Make-Up&query_place_id=ChIJy1g98xxvigcR8gEnpL8OXpA,prospect
Chiquetosa On- Bacabal/Ma,5599981003424,"Rua Carlos Pereira 629, piso II, sala 01, R. Carlos Pereira, 623 - Centro, Bacabal - MA, 65700-000, Brasil",Bacabal,-4.2295455,-44.7818153,"{""Maquiagem""}",https://www.google.com/maps/search/?api=1&query=Chiquetosa%20On-%20Bacabal%2FMa&query_place_id=ChIJoZEvfMpvigcREHStVN6MXTA,prospect
Studio Ada Oliveira Makeup,5599984711361,"R. Gonçalves Dias, 425, Bacabal - MA, 65700-000, Brasil",Bacabal,-4.2255516,-44.7791002,"{""Maquiagem""}",https://www.google.com/maps/search/?api=1&query=Studio%20Ada%20Oliveira%20Makeup&query_place_id=ChIJb7UoJABvigcRoeX1MeXcfC0,prospect
Lene cabelos e estéticas,5598992367896,"Pov.Brejinho - Rua Lucélio Pinto, Bacabal - MA, 65700-000, Brasil",Bacabal,-4.2939857,-45.0078592,"{""Salão de Beleza""}",https://www.google.com/maps/search/?api=1&query=Lene%20cabelos%20e%20est%C3%A9ticas&query_place_id=ChIJgUpexds1y5IR8oZew7e2AMY,prospect
Salao Da Ivone,5599981848219,"R. 3 3 - Vila Jurandir, Rio de Janeiro - MA, 65708-000, Brasil",Bacabal,-4.2473384,-44.7855828,"{""Salão de Beleza""}",https://www.google.com/maps/search/?api=1&query=Salao%20Da%20Ivone&query_place_id=ChIJwzOjWqVuigcRoU-Og6XhTIs,prospect
TUILZA ESTETICA,5599981138252,"R. Padre Mahana, Bacabal - MA, 65700-000, Brasil",Bacabal,-4.2290255,-44.7825765,"{""Salão de Beleza""}",https://www.google.com/maps/search/?api=1&query=TUILZA%20ESTETICA&query_place_id=ChIJI8uoztBuigcR7NB1KTzXOuY,prospect
Rosa Matos Salao De Beleza,5599981433777,"R. Dr. Paulo Ramos, 75, Bacabal - MA, 65700-000, Brasil",Bacabal,-4.2295656,-44.7774259,"{""Salão de Beleza""}",https://www.google.com/maps/search/?api=1&query=Rosa%20Matos%20Salao%20De%20Beleza&query_place_id=ChIJI_SODdNuigcRWQjvSrBgnpk,prospect
Dell Gomes Hairstylist,5599982546065,"R. José Bonifácio, 161A - Esperança, Bacabal - MA, 65700-000, Brasil",Bacabal,-4.2425431,-44.7832091,"{""Salão de Beleza""}",https://www.google.com/maps/search/?api=1&query=Dell%20Gomes%20Hairstylist&query_place_id=ChIJ9_9ODvFvigcR86OsZipvLpM,prospect
SALÃO LÁ - MUNDICA,,"R. Vinte, 47 - Quadra 20 - Terra do Sol 2, Bacabal - MA, 65700-000, Brasil",Bacabal,-4.2467814,-44.7885434,"{""Salão de Beleza""}",https://www.google.com/maps/search/?api=1&query=SAL%C3%83O%20L%C3%81%20-%20MUNDICA&query_place_id=ChIJK1gNETtvigcRoCAxHpjMoo0,prospect
Salão do Miguel,,"Bacabal - MA, 65708-000, Brasil",Bacabal,-4.2472049,-44.784363,"{""Barbearia""}",https://www.google.com/maps/search/?api=1&query=Sal%C3%A3o%20do%20Miguel&query_place_id=ChIJgQgQ5a9uigcR1h7pVaTaF2s,prospect
Espaço Erika Alves,5599984510764,"R. Monte Castelo, Bacabal - MA, 65700-000, Brasil",Bacabal,-4.235838,-44.7784115,"{""Salão de Beleza""}",https://www.google.com/maps/search/?api=1&query=Espa%C3%A7o%20Erika%20Alves&query_place_id=ChIJx2s2_j1vigcR7JxPKzeAeNw,prospect
Salão De Beleza Ana Maria,,"R. Djalma Dutra, 240, Bacabal - MA, 65700-000, Brasil",Bacabal,-4.2267986,-44.777932,"{""Salão de Beleza""}",https://www.google.com/maps/search/?api=1&query=Sal%C3%A3o%20De%20Beleza%20Ana%20Maria&query_place_id=ChIJIzCx-NRuigcRd8hssoYKxBE,prospect
F. E Beauty Salon,5599984752400,"R. Rui Barbosa, 40 - Centro, Bacabal - MA, 65700-000, Brasil",Bacabal,-4.2312841,-44.7764971,"{""Salão de Beleza""}",https://www.google.com/maps/search/?api=1&query=F.%20E%20Beauty%20Salon&query_place_id=ChIJdfnBbjJpigcRCJQTwL0yCgI,prospect
Salao Styllus,5599981100554,"R. Osvaldo Cruz, 203, Bacabal - MA, 65700-000, Brasil",Bacabal,-4.2292816,-44.7779349,"{""Salão de Beleza""}",https://www.google.com/maps/search/?api=1&query=Salao%20Styllus&query_place_id=ChIJHe_zddNuigcRFq3zXpJfFms,prospect
Elma Hair,5599981950858,"R. Luís Domingues, 376 - Alto Cururupu, Bacabal - MA, 65700-000, Brasil",Bacabal,-4.2401935,-44.7807046,"{""Salão de Beleza""}",https://www.google.com/maps/search/?api=1&query=Elma%20Hair&query_place_id=ChIJXyvBDrZuigcRPo_iBAMPbhM,prospect
Salão de beleza,5599981526716,"R. Djalma Dutra, 1714, Bacabal - MA, 65700-000, Brasil",Bacabal,-4.2169055,-44.7758844,"{""Salão de Beleza""}",https://www.google.com/maps/search/?api=1&query=Sal%C3%A3o%20de%20beleza&query_place_id=ChIJraVQ0clvigcR3qvklB3IGa4,prospect
Centro Técnico Cristiana Moura,5599981117059,"R. Osvaldo Cruz, 790 - Centro, Bacabal - MA, 65700-000, Brasil",Bacabal,-4.2325934,-44.7820845,"{""Salão de Beleza""}",https://www.google.com/maps/search/?api=1&query=Centro%20T%C3%A9cnico%20Cristiana%20Moura&query_place_id=ChIJPwWala5vigcRcV0_DtWXtLk,prospect
Pintei e Amei Esmalteria,5599981588059,"R. Djalma Dutra, 1311 - 1311, Bacabal - MA, 65700-000, Brasil",Bacabal,-4.2174018,-44.7761837,"{""Manicure - Esmalteria""}",https://www.google.com/maps/search/?api=1&query=Pintei%20e%20Amei%20Esmalteria&query_place_id=ChIJZTrBWS1vigcRjWta9nAoWn0,prospect
SALÃO DA NETY SILVA,,"Rua 18, segunda avenida principal, Quadra 30 - Residencial Terra do Sol, Bacabal - MA, 65700-000, Brasil",Bacabal,-4.196345,-44.7853069,"{""Salão de Beleza""}",https://www.google.com/maps/search/?api=1&query=SAL%C3%83O%20DA%20NETY%20SILVA&query_place_id=ChIJnf0vUQBvigcRr_W7r30gP2w,prospect
Ana Souza salão de Beleza,5599992018257,"R. das Flôres, 144, Bacabal - MA, 65700-000, Brasil",Bacabal,-4.2120868,-44.7822528,"{""Salão de Beleza""}",https://www.google.com/maps/search/?api=1&query=Ana%20Souza%20sal%C3%A3o%20de%20Beleza&query_place_id=ChIJQTfPAW1vigcRyzt7HACiY6s,prospect
Espaço Leudy Cabelos,5599981504555,"R. Teixeira de Freitas, 451 - Centro, Bacabal - MA, 65700-000, Brasil",Bacabal,-4.2342378,-44.7776114,"{""Salão de Beleza""}",https://www.google.com/maps/search/?api=1&query=Espa%C3%A7o%20Leudy%20Cabelos&query_place_id=ChIJu6XR7gNvigcRmDZQX2ozOjI,prospect
Donna Esmalteria Bacabal,5599985421965,"R. Vinte e Oito de Julho, 211 - Centro, Bacabal - MA, 65700-000, Brasil",Bacabal,-4.2310415,-44.7792157,"{""Manicure - Esmalteria""}",https://www.google.com/maps/search/?api=1&query=Donna%20Esmalteria%20Bacabal&query_place_id=ChIJNYyQeapvigcRT5BQUPcC10w,prospect
Irresistível Esmalteria,,"R. Cloris Miranda, 428, Bacabal - MA, 65700-000, Brasil",Bacabal,-4.2305032,-44.7814144,"{""Manicure - Esmalteria""}",https://www.google.com/maps/search/?api=1&query=Irresist%C3%ADvel%20Esmalteria&query_place_id=ChIJx3ShcI1vigcRYRLt_VxtFAo,prospect
Salão Sempre Bela - Irmã Josélia,,"R. Quatro, casa 63, Bacabal - MA, 65708-000, Brasil",Bacabal,-4.2459891,-44.7844534,"{""Salão de Beleza""}",https://www.google.com/maps/search/?api=1&query=Sal%C3%A3o%20Sempre%20Bela%20-%20Irm%C3%A3%20Jos%C3%A9lia&query_place_id=ChIJY3yoKT9vigcRXis3TjjXbIM,prospect
Studio Krys Barbosa,,"Bacabal - MA, 65700-000, Brasil",Bacabal,-4.1955245,-44.7865376,"{""Salão de Beleza""}",https://www.google.com/maps/search/?api=1&query=Studio%20Krys%20Barbosa&query_place_id=ChIJQ5KgTlhvigcRbG3Q16VJAmQ,prospect
Queens Studio,5599981182560,"Rua 22 quadra, 21 - casa 09 - Terra do sol 2, Bacabal - MA, 65700-000, Brasil",Bacabal,-4.1977199,-44.7885916,"{""Salão de Beleza""}",https://www.google.com/maps/search/?api=1&query=Queens%20Studio&query_place_id=ChIJLX9JDdVvigcRXlxCqVgmhQU,prospect
Studio Mayara Silva,5599982284345,"Estr. Bela Vista, Bacabal - MA, 65700-000, Brasil",Bacabal,-4.2174669,-44.7868055,"{""Salão de Beleza""}",https://www.google.com/maps/search/?api=1&query=Studio%20Mayara%20Silva&query_place_id=ChIJHVeJWwBvigcRVwbjGbBH15g,prospect
Studio Dagiane Sabino,5599981003406,"Rua :Clores Miranda, 403, Bacabal - MA, 65700-000, Brasil",Bacabal,-4.2305721,-44.781402,"{""Salão de Beleza""}",https://www.google.com/maps/search/?api=1&query=Studio%20Dagiane%20Sabino&query_place_id=ChIJpy6_SgBvigcRIo2i0V_HvTg,prospect
Estúdio de Beleza Letícia Albuquerque,5599981555837,"R. Um, 23 - Vila São João, Bacabal - MA, 65700-000, Brasil",Bacabal,-4.2310345,-44.7799993,"{""Salão de Beleza""}",https://www.google.com/maps/search/?api=1&query=Est%C3%BAdio%20de%20Beleza%20Let%C3%ADcia%20Albuquerque&query_place_id=ChIJAamwMqNvigcRlmq-QNJquN8,prospect
Espaço MichelyKelly,5599982740283,"R. Luís Domingues, 164-504, Bacabal - MA, 65700-000, Brasil",Bacabal,-4.2403986,-44.7805417,"{""Manicure - Esmalteria""}",https://www.google.com/maps/search/?api=1&query=Espa%C3%A7o%20MichelyKelly&query_place_id=ChIJ8-YMC7ZuigcRsyEUXu7PL1Q,prospect
Luxus Esmalteria,5599991381816,"R. Jorge José de Mendonça, 688, Bacabal - MA, 65700-000, Brasil",Bacabal,-4.2227198,-44.7700852,"{""Manicure - Esmalteria""}",https://www.google.com/maps/search/?api=1&query=Luxus%20Esmalteria&query_place_id=ChIJcYlglG9pigcROFUXXUzfEqY,prospect
Salão de Beleza Versátil,5599982475448,"Rua praça Santos dumont - Centro, Bacabal - MA, 65700-000, Brasil",Bacabal,-4.2310345,-44.7799993,"{""Salão de Beleza""}",https://www.google.com/maps/search/?api=1&query=Sal%C3%A3o%20de%20Beleza%20Vers%C3%A1til&query_place_id=ChIJo8UcEx9vigcRFSnSnDF7m6Y,prospect
Esmalteria Yahara,5599982222261,"Rua 18 quadra 46 casa 38, Bacabal - MA, 65700-000, Brasil",Bacabal,-4.1974804,-44.7838282,"{""Manicure - Esmalteria""}",https://www.google.com/maps/search/?api=1&query=Esmalteria%20Yahara&query_place_id=ChIJk4iQSDlvigcRbEVMonCOrBo,prospect
Jôsy Empório,5599981364107,"R. Dr. Paulo Ramos, 105 - Centro, Bacabal - MA, 65700-000, Brasil",Bacabal,-4.2297306,-44.7776971,"{""Salão de Beleza""}",https://www.google.com/maps/search/?api=1&query=J%C3%B4sy%20Emp%C3%B3rio&query_place_id=ChIJIw3cgVlvigcR-uXLmg611XI,prospect
Espaço Bianca Carvalho,5599981039154,"R. José Bonifácio, Bacabal - MA, 65700-000, Brasil",Bacabal,-4.2431516,-44.7847574,"{""Salão de Beleza""}",https://www.google.com/maps/search/?api=1&query=Espa%C3%A7o%20Bianca%20Carvalho&query_place_id=ChIJRUV2NU1vigcRUICO31kRT2o,prospect
Bem Star,5599981094614,"R. da Forquilha, Bacabal - MA, 65700-000, Brasil",Bacabal,-4.2251948,-44.7867728,"{""Salão de Beleza""}",https://www.google.com/maps/search/?api=1&query=Bem%20Star&query_place_id=ChIJo4jcJgBvigcRBaAiRLLKZ_Y,prospect
Lazulli SPA,5599982104878,"R. Dr. Paulo Ramos, 189 - Centro, Bacabal - MA, 65700-000, Brasil",Bacabal,-4.2302485,-44.7782228,"{""Salão de Beleza""}",https://www.google.com/maps/search/?api=1&query=Lazulli%20SPA&query_place_id=ChIJEy34pINvigcRMrVAMjYpI_4,prospect
Salão da Dinah,,"R. Maranhão Sobrinho, 1005, Bacabal - MA, 65700-000, Brasil",Bacabal,-4.2306508,-44.7837707,"{""Salão de Beleza""}",https://www.google.com/maps/search/?api=1&query=Sal%C3%A3o%20da%20Dinah&query_place_id=ChIJVzzlOtBuigcRHo3rl_Rtq34,prospect
StudioLoveLashe,,"R. Vinte, 3 - vila São João, Bacabal - MA, 65700-000, Brasil",Bacabal,-4.2493371,-44.7869193,"{""Salão de Beleza""}",https://www.google.com/maps/search/?api=1&query=StudioLoveLashe&query_place_id=ChIJW_DZBQBvigcR-flgN8eR1rs,prospect
Estúdio epilar Fátima morais,,"R. Seis, 1, Bacabal - MA, 65700-000, Brasil",Bacabal,-4.2081629,-44.7929297,"{""Depilação""}",https://www.google.com/maps/search/?api=1&query=Est%C3%BAdio%20epilar%20F%C3%A1tima%20morais&query_place_id=ChIJXzvnfwBvigcRNnDsU3m2Z14,prospect
Salão Nova Face,,"R. Dez, 56, Bacabal - MA, 65700-000, Brasil",Bacabal,-4.2490273,-44.7866561,"{""Salão de Beleza""}",https://www.google.com/maps/search/?api=1&query=Sal%C3%A3o%20Nova%20Face&query_place_id=ChIJl22qYQBvigcRfB0t98CSAP8,prospect
Delicatta Esmalteria,5599981668697,"Rua Frederico Leda, n•2021 - COHAB, Bacabal - MA, 65700-000, Brasil",Bacabal,-4.228969,-44.7930096,"{""Manicure - Esmalteria""}",https://www.google.com/maps/search/?api=1&query=Delicatta%20Esmalteria&query_place_id=ChIJ1SYdIMlvigcRqfftFOL8X5g,prospect
STUDIO DE BELEZA NADIA LYMA,,"R. Manuel Alves de Abreu, 470, Bacabal - MA, 65700-000, Brasil",Bacabal,-4.2278732,-44.778557,"{""Salão de Beleza""}",https://www.google.com/maps/search/?api=1&query=STUDIO%20DE%20BELEZA%20NADIA%20LYMA&query_place_id=ChIJJQjxb9RuigcRdfSA-NIMewg,prospect
Ledda Santos,5599981589871,"R. Dr. Paulo Ramos, 154 - Centro, Bacabal - MA, 65700-000, Brasil",Bacabal,-4.2296208,-44.7778039,"{""Salão de Beleza""}",https://www.google.com/maps/search/?api=1&query=Ledda%20Santos&query_place_id=ChIJh7DsXhpvigcRgA-YKcOh69s,prospect
Maquiadora e Penteados em Bacabal -- Aline Cruz,5599981939307,"R. Teixeira de Freitas, 226 - Centro, Bacabal - MA, 65700-000, Brasil",Bacabal,-4.2343119,-44.7756946,"{""Maquiagem""}",https://www.google.com/maps/search/?api=1&query=Maquiadora%20e%20Penteados%20em%20Bacabal%20--%20Aline%20Cruz&query_place_id=ChIJCWZjWm5pigcRF014Wy9evZo,prospect
Salão e loja ketlen,5599984707961,"R. Florêncio Monteiro, 37, Bacabal - MA, 65700-000, Brasil",Bacabal,-4.2363522,-44.7802817,"{""Salão de Beleza""}",https://www.google.com/maps/search/?api=1&query=Sal%C3%A3o%20e%20loja%20ketlen&query_place_id=ChIJ14niS71vigcRItJ2RhzrF1k,prospect
Espaço de beleza Rosy Portela,,"Bacabal - MA, 65700-000, Brasil",Bacabal,-4.2194125,-44.7781249,"{""Salão de Beleza""}",https://www.google.com/maps/search/?api=1&query=Espa%C3%A7o%20de%20beleza%20Rosy%20Portela&query_place_id=ChIJi_0UcgBvigcRV9VcjLUvnCk,prospect
Espaço essencial Bella,5599982553900,"R. Teixeira de Freitas - CENTRO, Bacabal - MA, 65700-000, Brasil",Bacabal,-4.2387603,-44.7841493,"{""Salão de Beleza""}",https://www.google.com/maps/search/?api=1&query=Espa%C3%A7o%20essencial%20Bella&query_place_id=ChIJpRa0fONvigcR0VB9GQ1yKag,prospect
Espaço Aurora Center,5599981444598,"R. Frederico Lêda, 1740 - CENTRO, Bacabal - MA, 65700-000, Brasil",Bacabal,-4.2291376,-44.7917025,"{""Salão de Beleza""}",https://www.google.com/maps/search/?api=1&query=Espa%C3%A7o%20Aurora%20Center&query_place_id=ChIJR9jOWedvigcRUacE1TNjsMI,prospect
Espaço das unhas Geane Ferreira,5599982467360,"Rua:pantanal - R. das Flôres, 104 - Vila Pedro brito, Bacabal - MA, 65700-000, Brasil",Bacabal,-4.2120893,-44.7839334,"{""Manicure - Esmalteria""}",https://www.google.com/maps/search/?api=1&query=Espa%C3%A7o%20das%20unhas%20Geane%20Ferreira&query_place_id=ChIJuxpe7cBvigcRvYyA2Wl322I,prospect
Espaço Cristiane Silva,5599981193213,"Miguel Arcanjo - Rua São, R. São José - operário, Bacabal - MA, 65700-000, Brasil",Bacabal,-4.2116401,-44.7852477,"{""Manicure - Esmalteria""}",https://www.google.com/maps/search/?api=1&query=Espa%C3%A7o%20Cristiane%20Silva&query_place_id=ChIJL8LOJHBvigcR4tAogmoyhpU,prospect
Leila Branco Estetica Avança,,"Bacabal - MA, 65700-000, Brasil",Bacabal,-4.2348435,-44.7817175,"{""Salão de Beleza""}",https://www.google.com/maps/search/?api=1&query=Leila%20Branco%20Estetica%20Avan%C3%A7a&query_place_id=ChIJqyIebu9vigcRGB6qKiP32qU,prospect
Meraki Beauty,5599985138162,"Rua 02, Antigo Campo de Pouso, 02 Centro, Bacabal - MA, 65700-000, Brasil",Bacabal,-4.2418582,-44.7811701,"{""Salão de Beleza""}",https://www.google.com/maps/search/?api=1&query=Meraki%20Beauty&query_place_id=ChIJIbZ7dgFvigcRLbbnywzX-Mw,prospect
Gilderlane Sousa Beauty Academy,5599981312346,"R. Frederico Lêda, 1740, Bacabal - MA, 65700-000, Brasil",Bacabal,-4.2291868,-44.7916972,"{""Salão de Beleza""}",https://www.google.com/maps/search/?api=1&query=Gilderlane%20Sousa%20Beauty%20Academy&query_place_id=ChIJU4KpvxBvigcRvl1ZSMMmVPQ,prospect
Salão Udalisa,,"R. Osvaldo Cruz, 210 - Centro, Bacabal - MA, 65700-000, Brasil",Bacabal,-4.2292264,-44.7780508,"{""Salão de Beleza""}",https://www.google.com/maps/search/?api=1&query=Sal%C3%A3o%20Udalisa&query_place_id=ChIJmWc2ntNuigcRb7jJCXtgtXQ,prospect
Estética Suane Carvalho,5599984418000,"R. Vinte e Oito de Julho, 233C - Centro, Bacabal - MA, 65700-000, Brasil",Bacabal,-4.2309009,-44.7792567,"{""Salão de Beleza""}",https://www.google.com/maps/search/?api=1&query=Est%C3%A9tica%20Suane%20Carvalho&query_place_id=ChIJuSU8cQJvigcRMZ-zx3eSzvo,prospect
Iuda Lima Massoterapia,5599984382758,"R. Santa Teresinha, 18 - Vila Pedro Brito, Bacabal - MA, 65700-000, Brasil",Bacabal,-4.2131088,-44.7871278,"{""Clínica de Estética""}",https://www.google.com/maps/search/?api=1&query=Iuda%20Lima%20Massoterapia&query_place_id=ChIJazxJ36hvigcRluShcayw10g,prospect
Salão Renascer,,"R. Maranhão Sobrinho, 436 - Centro, Bacabal - MA, 65700-000, Brasil",Bacabal,-4.2353767,-44.7803449,"{""Salão de Beleza""}",https://www.google.com/maps/search/?api=1&query=Sal%C3%A3o%20Renascer&query_place_id=ChIJDwiDAsxuigcRIJfz3qKCXSw,prospect
Espaço corpo dourado,,"Bacabal - MA, 65700-000, Brasil",Bacabal,-4.1963887,-44.7821693,"{""Salão de Beleza""}",https://www.google.com/maps/search/?api=1&query=Espa%C3%A7o%20corpo%20dourado&query_place_id=ChIJFx6iXABvigcRwPeCwGpfZFQ,prospect
Espaço Rosy Portela Manicure & Pedicurere,,"R. Antonio Lobo, 345 - Centro, Bacabal - MA, 65700-000, Brasil",Bacabal,-4.2265048,-44.7811114,"{""Manicure - Esmalteria""}",https://www.google.com/maps/search/?api=1&query=Espa%C3%A7o%20Rosy%20Portela%20Manicure%20%26%20Pedicurere&query_place_id=ChIJ--5Ij9ZuigcR8ONu-55WxAE,prospect
Espaço Antonia Santas,,"Bacabal - MA, 65708-000, Brasil",Bacabal,-4.245784,-44.7863005,"{""Salão de Beleza""}",https://www.google.com/maps/search/?api=1&query=Espa%C3%A7o%20Antonia%20Santas&query_place_id=ChIJJ6g3wLpuigcRRFy9g6cKlMU,prospect
Dani Depil,5599982553900,"R. Rui Barbosa, 1259, Bacabal - MA, 65700-000, Brasil",Bacabal,-4.2225186,-44.78279,"{""Depilação""}",https://www.google.com/maps/search/?api=1&query=Dani%20Depil&query_place_id=ChIJoUufEdxvigcREZxRNRx18E8,prospect
Salão Netty,5599992066411,"R. Srg. Maurício, 657, Bacabal - MA, 65700-000, Brasil",Bacabal,-4.2171403,-44.7774012,"{""Salão de Beleza""}",https://www.google.com/maps/search/?api=1&query=Sal%C3%A3o%20Netty&query_place_id=ChIJd_nQt81vigcRzengs-BiL7Y,prospect
Estética Com Estilo,,"R. 7 de Setembro, 182, Bacabal - MA, 65700-000, Brasil",Bacabal,-4.2289488,-44.7860019,"{""Salão de Beleza""}",https://www.google.com/maps/search/?api=1&query=Est%C3%A9tica%20Com%20Estilo&query_place_id=ChIJO7G3a9puigcRZuWxO6E_cKg,prospect
Salão Fênix,,"R. Padre Carvalho, 97, Bacabal - MA, 65700-000, Brasil",Bacabal,-4.2229961,-44.7800173,"{""Salão de Beleza""}",https://www.google.com/maps/search/?api=1&query=Sal%C3%A3o%20F%C3%AAnix&query_place_id=ChIJWRdGLypvigcRrWebmM3cTrE,prospect
C'STILO ESMALTERIA,5599984055583,"Estrada da bela vista ponto 1 1 - Pedro brito, Bacabal - MA, 65700-000, Brasil",Bacabal,-4.2139765,-44.7878111,"{""Manicure - Esmalteria""}",https://www.google.com/maps/search/?api=1&query=C'STILO%20ESMALTERIA&query_place_id=ChIJfZWG6ppvigcRWmsX8zXjflA,prospect
Mikely oliveira lisos de alta performance ❤️,5599981875368,"R. da Cruz - Vila Pedro brito, Bacabal - MA, 65700-000, Brasil",Bacabal,-4.2144963,-44.7814939,"{""Salão de Beleza""}",https://www.google.com/maps/search/?api=1&query=Mikely%20oliveira%20lisos%20de%20alta%20performance%20%E2%9D%A4%EF%B8%8F&query_place_id=ChIJZzBbEvtvigcRLawdfxY0wUU,prospect
Salão mãos de fada,5599981091095,"R. Bom Jesus - Setúbal, Bacabal - MA, 65700-000, Brasil",Bacabal,-4.2104653,-44.7822176,"{""Salão de Beleza""}",https://www.google.com/maps/search/?api=1&query=Sal%C3%A3o%20m%C3%A3os%20de%20fada&query_place_id=ChIJW4tQ35FvigcRXnEtRZIHdLs,prospect
CORPORE & CIA,5599981393635,"próximo ao detran, R. Srg. Maurício, n°72, Bacabal - MA, 65700-000, Brasil",Bacabal,-4.2207277,-44.7778003,"{""Salão de Beleza""}",https://www.google.com/maps/search/?api=1&query=CORPORE%20%26%20CIA&query_place_id=ChIJD-QXgCdvigcRCxcUu81GRHM,prospect
Studio Melissa Mello,5599984597634,"Rua 1º de Maio, 378 - Esperança, Bacabal - MA, 65700-000, Brasil",Bacabal,-4.2435836,-44.7833507,"{""Salão de Beleza""}",https://www.google.com/maps/search/?api=1&query=Studio%20Melissa%20Mello&query_place_id=ChIJGxzcBTlvigcRyxpdwS3bK0o,prospect
Patriciamedeirosbeauty,5599981549147,"R. São Raimundo, 24, Bacabal - MA, 65700-000, Brasil",Bacabal,-4.2173902,-44.7884709,"{""Salão de Beleza""}",https://www.google.com/maps/search/?api=1&query=Patriciamedeirosbeauty&query_place_id=ChIJg23U-nVvigcRTMoR4V70zPE,prospect
Salāo Fik-Chick,,"R. Cloris Miranda, 296, Bacabal - MA, 65700-000, Brasil",Bacabal,-4.2297676,-44.7806081,"{""Salão de Beleza""}",https://www.google.com/maps/search/?api=1&query=Sal%C4%81o%20Fik-Chick&query_place_id=ChIJpzqOfNFuigcReK5Cz9fvcnI,prospect
Duarte Barbearia,5599985363736,"R. Frederico Lêda, Bacabal - MA, 65700-000, Brasil",Bacabal,-4.2457673,-44.7817104,"{""Barbearia""}",https://www.google.com/maps/search/?api=1&query=Duarte%20Barbearia&query_place_id=ChIJH9Ky8rlvigcRKlAmBDMd3CI,prospect
Salão Novo Estillo Unissex,,"R. Frederico Lêda, 25, Bacabal - MA, 65700-000, Brasil",Bacabal,-4.2457509,-44.7818662,"{""Salão de Beleza""}",https://www.google.com/maps/search/?api=1&query=Sal%C3%A3o%20Novo%20Estillo%20Unissex&query_place_id=ChIJGQWOu7FuigcRMlseVltevGI,prospect
Barbearia Vinicius,5599999022132,"R. da Cruz, 59 - Setubal, Bacabal - MA, 65700-000, Brasil",Bacabal,-4.2120091,-44.7818905,"{""Barbearia""}",https://www.google.com/maps/search/?api=1&query=Barbearia%20Vinicius&query_place_id=ChIJo77yO9dvigcRza42dHsb2Kk,prospect
Empório Das Unhas,,"R. Florêncio Monteiro, 166, Bacabal - MA, 65700-000, Brasil",Bacabal,-4.2358594,-44.7791549,"{""Manicure - Esmalteria""}",https://www.google.com/maps/search/?api=1&query=Emp%C3%B3rio%20Das%20Unhas&query_place_id=ChIJidZSdcxuigcRWeuxWtUlHMg,prospect
Studio de depilação Alexsandra Lima,5599982698879,"Prox so so areia AlAlmiro Paiva Fernandes miro paiva - R. 7, casa 2, Bacabal - MA, 65700-000, Brasil",Bacabal,-4.2152592,-44.7874744,"{""Depilação""}",https://www.google.com/maps/search/?api=1&query=Studio%20de%20depila%C3%A7%C3%A3o%20Alexsandra%20Lima&query_place_id=ChIJg_mtk0BpigcRmP1aR1tuX40,prospect
Esmalteria Sonho de cores,5599984192454,"R. José Bonifácio, 139 - Esperança, Bacabal - MA, 65700-000, Brasil",Bacabal,-4.2422506,-44.7831824,"{""Manicure - Esmalteria""}",https://www.google.com/maps/search/?api=1&query=Esmalteria%20Sonho%20de%20cores&query_place_id=ChIJ_aI6cbZvigcRgd1plCzYh_c,prospect
Studio Cílios Laryssa Carvalho,5599981111128,"R. Castelo Branco, 281 - Jardim Valéria, Bacabal - MA, 65700-000, Brasil",Bacabal,-4.2313366,-44.7911939,"{""Sobrancelhas e Cílios""}",https://www.google.com/maps/search/?api=1&query=Studio%20C%C3%ADlios%20Laryssa%20Carvalho&query_place_id=ChIJ843xyThvigcRrqK-HzTkocQ,prospect
jarderline,,"Bacabal - MA, 65700-000, Brasil",Bacabal,-4.1974822,-44.7861406,"{""Manicure - Esmalteria""}",https://www.google.com/maps/search/?api=1&query=jarderline&query_place_id=ChIJ_Vxzp7VvigcR3p1XLaKkN7o,prospect
Fios Belos,,"Rua nova, N85C - Alto bandeirante, Bacabal - MA, Brasil",Bacabal,-4.2152592,-44.7874744,"{""Salão de Beleza""}",https://www.google.com/maps/search/?api=1&query=Fios%20Belos&query_place_id=ChIJH4lPBABvigcR14U5MLu5LDc,prospect
A.H house,,"Rua 04, n° 7 - Santa Elisa, Bacabal - MA, 65700-000, Brasil",Bacabal,-4.2112507,-44.7932164,"{""Manicure - Esmalteria""}",https://www.google.com/maps/search/?api=1&query=A.H%20house&query_place_id=ChIJ8d_EZwBvigcR3EzqIevouyg,prospect
Fran Lima,5599982477291,"Rua,21, quadra, 48,casa -08,terra do sol, Bacabal - MA, Brasil",Bacabal,-4.1982743,-44.7843071,"{""Manicure - Esmalteria""}",https://www.google.com/maps/search/?api=1&query=Fran%20Lima&query_place_id=ChIJacQCTkZvigcRfSVcMlc5990,prospect
Ratinho do Corte Hair Style,5599984018207,"R. Vinte e Oito de Julho, Bacabal - MA, 65700-000, Brasil",Bacabal,-4.2265377,-44.7825126,"{""Salão de Beleza""}",https://www.google.com/maps/search/?api=1&query=Ratinho%20do%20Corte%20Hair%20Style&query_place_id=ChIJyf88bHJvigcRpnFAlLs_ty4,prospect
LM.ESTÚDIODEBELEZA,5599984728221,"R. Frederico Lêda, 113, Bacabal - MA, 65700-000, Brasil",Bacabal,-4.2472016,-44.7819685,"{""Salão de Beleza""}",https://www.google.com/maps/search/?api=1&query=LM.EST%C3%9ADIODEBELEZA&query_place_id=ChIJZ9b-oOBvigcRW6LE3hTfjMg,prospect
Depilação é estética JoyceRezende,5599991747071,"R. Santa Helena, 21 - Vila Pedro Brito, Bacabal - MA, 65700-000, Brasil",Bacabal,-4.2126187,-44.7853736,"{""Depilação""}",https://www.google.com/maps/search/?api=1&query=Depila%C3%A7%C3%A3o%20%C3%A9%20est%C3%A9tica%20JoyceRezende&query_place_id=ChIJDZOZgbtvigcRwS798Lk5axg,prospect
Studio Gil Oliveira,,"Bacabal - MA, 65700-000, Brasil",Bacabal,-4.2310345,-44.7799993,"{""Salão de Beleza""}",https://www.google.com/maps/search/?api=1&query=Studio%20Gil%20Oliveira&query_place_id=ChIJUY7IfwBvigcRPCR7tBWYqUw,prospect
Mari Santos Nails,5598984799078,"Avenida Lins, 06 - Residencial Novo Horizonte, Bacabal - MA, 65700-000, Brasil",Bacabal,-4.2148274,-44.7813212,"{""Manicure - Esmalteria""}",https://www.google.com/maps/search/?api=1&query=Mari%20Santos%20Nails&query_place_id=ChIJjWjjMQBvigcRciAkNHkw17o,prospect
Rayane santos manicure,5599985237165,"R. Maneco Mendes Pinto, 112 - Trizidela, Bacabal - MA, 65700-000, Brasil",Bacabal,-4.2328623,-44.7722468,"{""Manicure - Esmalteria""}",https://www.google.com/maps/search/?api=1&query=Rayane%20santos%20manicure&query_place_id=ChIJB-xWX41pigcRS1cuD6aBZAg,prospect
STUDIO JAMESCONCEPT,5599984501426,"R. Amazonas, Bacabal - MA, 65600-000, Brasil",Bacabal,-4.213559,-44.7863194,"{""Salão de Beleza""}",https://www.google.com/maps/search/?api=1&query=STUDIO%20JAMESCONCEPT&query_place_id=ChIJAef8dT1vigcREryPzk6svJc,prospect
Netto barbershop,5599981353819,"R. Osvaldo Cruz, 218, Bacabal - MA, 65700-000, Brasil",Bacabal,-4.229289,-44.7781279,"{""Barbearia""}",https://www.google.com/maps/search/?api=1&query=Netto%20barbershop&query_place_id=ChIJAwsO_0JvigcRX2WuaPMMEDM,prospect
BARBEARIA LK,5599992277936,"Avenida 01 , Cohab, Av. Cohab, 01 - Box 26, Bacabal - MA, 65700-000, Brasil",Bacabal,-4.2261166,-44.7935154,"{""Barbearia""}",https://www.google.com/maps/search/?api=1&query=BARBEARIA%20LK&query_place_id=ChIJEdj4W5VvigcR_-BHUtwsgT4,prospect
Laura Cosméticos e Variedades,5599981911770,"R. Srg. Maurício, Nº11 - Areias, Bacabal - MA, 65700-000, Brasil",Bacabal,-4.2187745,-44.7774091,"{""Salão de Beleza""}",https://www.google.com/maps/search/?api=1&query=Laura%20Cosm%C3%A9ticos%20e%20Variedades&query_place_id=ChIJAT-FtsxvigcRUVsd7MMZNnc,prospect
Barbearia KADOSH,5599982776177,"R. Quatro - Vl Sao Joao, Bacabal - MA, 65700-000, Brasil",Bacabal,-4.2458921,-44.7833102,"{""Barbearia""}",https://www.google.com/maps/search/?api=1&query=Barbearia%20KADOSH&query_place_id=ChIJ6Tx_OLBuigcRMC_76WuPYm0,prospect
Barbearia Madre Rosa,5599984525632,"R. Castelo Branco, Bacabal - MA, 65700-000, Brasil",Bacabal,-4.2299375,-44.7893138,"{""Barbearia""}",https://www.google.com/maps/search/?api=1&query=Barbearia%20Madre%20Rosa&query_place_id=ChIJV68FGppvigcRB-2LLi9pAtg,prospect
Santos Barbearia,5599984249864,"R. Maranhão Sobrinho - Centro, Bacabal - MA, 65700-000, Brasil",Bacabal,-4.2361188,-44.7799418,"{""Barbearia""}",https://www.google.com/maps/search/?api=1&query=Santos%20Barbearia&query_place_id=ChIJRxnEo2pvigcRqKQWWoQDkjg,prospect
Sr.Barbershop,5599982506968,"R. Vinte e Oito de Julho, 382 - centro, Bacabal - MA, 65700-000, Brasil",Bacabal,-4.2298104,-44.7801749,"{""Barbearia""}",https://www.google.com/maps/search/?api=1&query=Sr.Barbershop&query_place_id=ChIJo0K_v89vigcRQWWok7mU52g,prospect
Júnior's Barbearia,5599981604991,"R. Amazonas - Vila Pedro Brito, Bacabal - MA, 65700-000, Brasil",Bacabal,-4.213602,-44.7861061,"{""Barbearia""}",https://www.google.com/maps/search/?api=1&query=J%C3%BAnior's%20Barbearia&query_place_id=ChIJuQbUpS5vigcR0IfI-OSdWF8,prospect
Jotape barbearia,5599984591838,"R. da Areia, 551 - Bairro da areia, Bacabal - MA, 65700-000, Brasil",Bacabal,-4.2167806,-44.779601,"{""Barbearia""}",https://www.google.com/maps/search/?api=1&query=Jotape%20barbearia&query_place_id=ChIJRdUZVt5vigcRVNv15j05yUk,prospect
Soares barbearia,5598985088579,"R. Frederico Lêda, 772 - Vila São João, Bacabal - MA, 65700-000, Brasil",Bacabal,-4.2441765,-44.7818922,"{""Barbearia""}",https://www.google.com/maps/search/?api=1&query=Soares%20barbearia&query_place_id=ChIJU5l-Ba5vigcRwjXZyryObus,prospect
BARBEARIA SERGIO,5599981911250,"Bacabal - MA, 65700-000, Brasil",Bacabal,-4.2248784,-44.789769,"{""Barbearia""}",https://www.google.com/maps/search/?api=1&query=BARBEARIA%20SERGIO&query_place_id=ChIJ5xjtNN9uigcRRfYkxVm6VCM,prospect
Barbearia Prime,5599982696534,"R. Maranhão Sobrinho, 1117 - Centro, Bacabal - MA, 65700-000, Brasil",Bacabal,-4.230362,-44.7837926,"{""Barbearia""}",https://www.google.com/maps/search/?api=1&query=Barbearia%20Prime&query_place_id=ChIJ0Vml2chvigcRQ6fO56nd_wA,prospect
Barbearia Damata,5599981847850,"R. Cloris Miranda - Centro, Bacabal - MA, 65700-000, Brasil",Bacabal,-4.2292764,-44.7799148,"{""Barbearia""}",https://www.google.com/maps/search/?api=1&query=Barbearia%20Damata&query_place_id=ChIJSf37d9RuigcR-lNAcKkGcu8,prospect
Studio de Sobrancelhas Raquel Lima,,"Rua 24, quadra 51 - casa 05 - Terra do Sol 5, Bacabal - MA, 65700-000, Brasil",Bacabal,-4.2310345,-44.7799993,"{""Sobrancelhas e Cílios""}",https://www.google.com/maps/search/?api=1&query=Studio%20de%20Sobrancelhas%20Raquel%20Lima&query_place_id=ChIJ5ZfmTQBvigcRh8yDgnqEDNU,prospect
Carol Palhano designer de sobrancelhas,5599982354167,"Residência terra do sol 3, casa 40, Bacabal - MA, 65700-000, Brasil",Bacabal,-4.1985964,-44.7860571,"{""Sobrancelhas e Cílios""}",https://www.google.com/maps/search/?api=1&query=Carol%20Palhano%20designer%20de%20sobrancelhas&query_place_id=ChIJ3_eEoE5vigcRL9HVngbJ8tU,prospect
To Na Makeunhas,5599991252510,"Bacabal - MA, 65700-000, Brasil",Bacabal,-4.2150077,-44.7751544,"{""Manicure - Esmalteria""}",https://www.google.com/maps/search/?api=1&query=To%20Na%20Makeunhas&query_place_id=ChIJZ8T20cxoigcRakwsDaipcz0,prospect
Florisbela ESMALTERIA,,"Estr. Bela Vista - Bairro Dareia, Bacabal - MA, 65700-000, Brasil",Bacabal,-4.216596,-44.7873774,"{""Manicure - Esmalteria""}",https://www.google.com/maps/search/?api=1&query=Florisbela%20ESMALTERIA&query_place_id=ChIJofdzKiVvigcR8kFeQvcRNU8,prospect
Estúdio Fernanda Ferreira,5599981757095,"R. Um, 10 - Vl Frei Solano, Bacabal - MA, 65700-000 Vl Frei Solano, Bacabal -Ma, 65700000, Bacabal - MA, 65700-000, Brasil",Bacabal,-4.2081675,-44.7908755,"{""Sobrancelhas e Cílios""}",https://www.google.com/maps/search/?api=1&query=Est%C3%BAdio%20Fernanda%20Ferreira&query_place_id=ChIJ9cojnhNtigcRsQNYy4wimKg,prospect
Rayane_nails,5599981563417,"R. das Flôres, Bacabal - MA, 65700-000, Brasil",Bacabal,-4.2126462,-44.7826329,"{""Manicure - Esmalteria""}",https://www.google.com/maps/search/?api=1&query=Rayane_nails&query_place_id=ChIJP31U3wlvigcRinOqE8jLnjA,prospect
Bellas Unhas Esmalteria,5599982533726,"R. Frederico Lêda, Bacabal - MA, 65700-000, Brasil",Bacabal,-4.2404115,-44.7837596,"{""Manicure - Esmalteria""}",https://www.google.com/maps/search/?api=1&query=Bellas%20Unhas%20Esmalteria&query_place_id=ChIJ8WBqpCJvigcRqA8cZiWcHqg,prospect
Ana Maria Designer de Unhas,5599984335543,"R. São Domingos, Bacabal - MA, 65700-000, Brasil",Bacabal,-4.2157617,-44.7920311,"{""Manicure - Esmalteria""}",https://www.google.com/maps/search/?api=1&query=Ana%20Maria%20Designer%20de%20Unhas&query_place_id=ChIJpzhXDwlvigcRdAQ8u3GDbqA,prospect
Cleiris Alexandre,5599984116225,"2, Tv. Luís Domingues Segundo, 66 - Cururupu, Bacabal - MA, 65700-000, Brasil",Bacabal,-4.2418183,-44.7804108,"{""Salão de Beleza""}",https://www.google.com/maps/search/?api=1&query=Cleiris%20Alexandre&query_place_id=ChIJO73_ophvigcR4aukR1sLk04,prospect
Jesus Manicure,5599981704995,"R. Cinco - Casa 6, Bacabal - MA, 65700-000, Brasil",Bacabal,-4.2465585,-44.7820296,"{""Manicure - Esmalteria""}",https://www.google.com/maps/search/?api=1&query=Jesus%20Manicure&query_place_id=ChIJuw3GaW9vigcRb2vKRXVH9R8,prospect
Ingridy nails Designer,5599984811238,"R. da Areia, Bacabal - MA, 65700-000, Brasil",Bacabal,-4.2166704,-44.7793974,"{""Manicure - Esmalteria""}",https://www.google.com/maps/search/?api=1&query=Ingridy%20nails%20Designer&query_place_id=ChIJrU-Z8AJvigcRLoLgQ-6SM-M,prospect
Unhas da eva,5599981671096,"R. Dois, quadra 3 - n/13 - vila frei solano, Bacabal - MA, 65700-000, Brasil",Bacabal,-4.2083656,-44.7908394,"{""Manicure - Esmalteria""}",https://www.google.com/maps/search/?api=1&query=Unhas%20da%20eva&query_place_id=ChIJJaldKxpvigcRE8aGtVCFBmU,prospect
Sombrancelhas e Depilações,5599981101181,"BR-316, Bacabal - MA, 65700-000, Brasil",Bacabal,-4.2234489,-44.7919629,"{""Sobrancelhas e Cílios""}",https://www.google.com/maps/search/?api=1&query=Sombrancelhas%20e%20Depila%C3%A7%C3%B5es&query_place_id=ChIJgScCAzxvigcRxTDx5D46sEM,prospect
Edianecris _beauty,,"Quadra, 43 - casa 21 - Terra do Sol 4, Bacabal - MA, 65700-000, Brasil",Bacabal,-4.1965493,-44.7833533,"{""Salão de Beleza e Maquiagem""}",https://www.google.com/maps/search/?api=1&query=Edianecris%20_beauty&query_place_id=ChIJj6IPcMNvigcRbCWpJh-pWZ0,prospect
Boutique Da Radja,5599984592832,"R. Teixeira de Freitas - Bairro da esperança, Bacabal - MA, 65700-000, Brasil",Bacabal,-4.2396939,-44.7856046,"{""Maquiagem""}",https://www.google.com/maps/search/?api=1&query=Boutique%20Da%20Radja&query_place_id=ChIJPbZwLpVvigcRd0GhTJrTZCo,prospect
Shellen Mayara Makeup,5599991134772,,Bacabal,-4.230616,-44.7866265,"{""Maquiagem""}",https://www.google.com/maps/search/?api=1&query=Shellen%20Mayara%20Makeup&query_place_id=ChIJsZEjVzVvigcRLDiiXOzWUZ4,prospect
Maquiagem profissional,5599984617373,"R. Djalma Dutra - Areia, Bacabal - MA, 65700-000, Brasil",Bacabal,-4.2265762,-44.7703552,"{""Maquiagem""}",https://www.google.com/maps/search/?api=1&query=Maquiagem%20profissional&query_place_id=ChIJY0TbvcdvigcRKOI1C5KCdSU,prospect
Elis sobrancelhas,5599984057054,"R. São Vicente de Paula, Bacabal - MA, 65700-000, Brasil",Bacabal,-4.2172851,-44.7788786,"{""Sobrancelhas e Cílios""}",https://www.google.com/maps/search/?api=1&query=Elis%20sobrancelhas&query_place_id=ChIJQanH5c5vigcR4XjWSXI-tRw,prospect
Rafaely Borges,,"R. Getúlio Vargas, Bacabal - MA, 65700-000, Brasil",Bacabal,-4.2349884,-44.7820616,"{""Sobrancelhas e Cílios""}",https://www.google.com/maps/search/?api=1&query=Rafaely%20Borges&query_place_id=ChIJV2dWHQBvigcRDBduT67pP0w,prospect
Polly Esmalteria,,"R. Dez, 60b, Bacabal - MA, 65700-000, Brasil",Bacabal,-4.2490342,-44.7832358,"{""Manicure - Esmalteria""}",https://www.google.com/maps/search/?api=1&query=Polly%20Esmalteria&query_place_id=ChIJJyIPSgBvigcRS78Cu_1Eisc,prospect
Corpo bronzeado,5599996477126,"R. São João - Centro, Bacabal - MA, 65700-000, Brasil",Bacabal,-4.2295486,-44.7779644,"{""Bronzeamento""}",https://www.google.com/maps/search/?api=1&query=Corpo%20bronzeado&query_place_id=ChIJOUHGSbhvigcRsdoIOrcXyJs,prospect
Sonho de Cores,5599984192454,,Bacabal,-4.230616,-44.7866265,"{""Salão de Beleza""}",https://www.google.com/maps/search/?api=1&query=Sonho%20de%20Cores&query_place_id=ChIJHfP3SjIsSoERAagZqFeBtHg,prospect
Antônia Meneses,5599984661064,,Bacabal,-4.230616,-44.7866265,"{""Manicure - Esmalteria""}",https://www.google.com/maps/search/?api=1&query=Ant%C3%B4nia%20Meneses&query_place_id=ChIJ5224QbIbzawRWlRUdMy1AGg,prospect
Salão espaço Dellas 💖,,"P9FF+C8, Bacabal - MA, 65708-000, Brasil",Bacabal,-4.2764945,-44.6267639,"{""Salão de Beleza""}",https://www.google.com/maps/search/?api=1&query=Sal%C3%A3o%20espa%C3%A7o%20Dellas%20%F0%9F%92%96&query_place_id=ChIJgSWjCwBBigcRWgknWWxWDpw,prospect
Barbearia W.M,,"Rua do codó - povoado centro dos teles, Bom Lugar - MA, 65710-000, Brasil",Bacabal,-4.2742684,-45.0440473,"{""Barbearia""}",https://www.google.com/maps/search/?api=1&query=Barbearia%20W.M&query_place_id=ChIJn3VJSgA1y5IRB0pL1Bn1ZAI,prospect
Espaço PRO,5599982710893,"R. Frederico Lêda, 1740, Bacabal - MA, 65700-000, Brasil",Bacabal,-4.2300659,-44.7912152,"{""Salão de Beleza""}",https://www.google.com/maps/search/?api=1&query=Espa%C3%A7o%20PRO&query_place_id=ChIJCcM8HgFvigcRtlLpJEAjV0I,prospect
Barbearía Da Mentira,5598985088579,"R. da Esperança, 401 - Centro, Bacabal - MA, 65700-000, Brasil",Bacabal,-4.2405554,-44.7850472,"{""Barbearia""}",https://www.google.com/maps/search/?api=1&query=Barbear%C3%ADa%20Da%20Mentira&query_place_id=ChIJu3SLJ7huigcRk3AJAr8y6Ew,prospect
BM Barbershop Barbearia,5511966366259,"R. Srg. Maurício, 21 A - Centro, Bacabal - MA, 65700-000, Brasil",Bacabal,-4.2219056,-44.7778251,"{""Barbearia""}",https://www.google.com/maps/search/?api=1&query=BM%20Barbershop%20Barbearia&query_place_id=ChIJd2kx0kJvigcRtO7kGLMiR5Y,prospect
BRASIL BARBEARIA,,"Av. Um, 30 - Cohabinha, Bacabal - MA, 65700-000, Brasil",Bacabal,-4.2266217,-44.7932938,"{""Barbearia""}",https://www.google.com/maps/search/?api=1&query=BRASIL%20BARBEARIA&query_place_id=ChIJnZ_nFd5uigcRRnqj-jVwNR8,prospect
Barbearia waves,5599981963799,"R. 2 - Antigo campo de pouso, Bacabal - MA, 65700-000, Brasil",Bacabal,-4.2418904,-44.7813285,"{""Barbearia""}",https://www.google.com/maps/search/?api=1&query=Barbearia%20waves&query_place_id=ChIJCfOYkgJvigcRWyf7KdO6amQ,prospect
Andrad`s Barber,5599982241388,"R. Treze de Outubro - Coelho Dias, Bacabal - MA, 65700-000, Brasil",Bacabal,-4.2168697,-44.7928232,"{""Barbearia""}",https://www.google.com/maps/search/?api=1&query=Andrad%60s%20Barber&query_place_id=ChIJX03uBFFvigcRyltKHyKlnpc,prospect
Den grau barbearia,5599984057054,"R. São Vicente de Paula - Bairro da areia, Bacabal - MA, 65700-000, Brasil",Bacabal,-4.2178984,-44.7786952,"{""Barbearia""}",https://www.google.com/maps/search/?api=1&query=Den%20grau%20barbearia&query_place_id=ChIJ65wTlDZvigcRAN81RvY5foc,prospect
Thiago barber shop,5599984059832,"R. Maranhão Sobrinho - Centro, Bacabal - MA, 65700-000, Brasil",Bacabal,-4.2322106,-44.7825362,"{""Barbearia""}",https://www.google.com/maps/search/?api=1&query=Thiago%20barber%20shop&query_place_id=ChIJsb5v6m1vigcRdatU01GmL_A,prospect
Tropa Do Barbeiro,5599982780957,"R. Rui Barbosa, Bacabal - MA, 65700-000, Brasil",Bacabal,-4.2276816,-44.7797346,"{""Barbearia""}",https://www.google.com/maps/search/?api=1&query=Tropa%20Do%20Barbeiro&query_place_id=ChIJFRQA1XNvigcRnG-SIbGN8vU,prospect
Studio Adriele,,"MV9X+FM, Barra do Corda - MA, 65950-000, Brasil",Barra do Corda,-5.3316054,-45.1004947,"{""Salão de Beleza""}",https://www.google.com/maps/search/?api=1&query=Studio%20Adriele&query_place_id=ChIJ75fkNQBJzZIRoQFgHST5esw,prospect
Studio Siumaria Design,,"Barra do Corda - MA, 65950-000, Brasil",Barra do Corda,-5.3319715,-45.1015532,"{""Salão de Beleza""}",https://www.google.com/maps/search/?api=1&query=Studio%20Siumaria%20Design&query_place_id=ChIJgVTSLwBJzZIRiEqUbJcdkGQ,prospect
Centro Técnico Delvane Rocha,5599984596957,"R. 4 - Choab, Barra do Corda - MA, 65950-000, Brasil",Barra do Corda,-5.513803,-45.2280148,"{""Salão de Beleza""}",https://www.google.com/maps/search/?api=1&query=Centro%20T%C3%A9cnico%20Delvane%20Rocha&query_place_id=ChIJobS2PX9fzZIR0SeR-jzPwDM,prospect
Jane Instituto de Beleza,5599991673835,"Av. Eliéser Moreira, 43 - Incra, Barra do Corda - MA, 65950-000, Brasil",Barra do Corda,-5.5043539,-45.2502591,"{""Salão de Beleza""}",https://www.google.com/maps/search/?api=1&query=Jane%20Instituto%20de%20Beleza&query_place_id=ChIJdTnX5PJfzZIRURVJ8At5OKk,prospect
Espaço Fátima Silva,5599982253174,"Av. Reginaldo Gomes de Solisa, 1023 - Centro, Barra do Corda - MA, 65950-000, Brasil",Barra do Corda,-5.5124682,-45.2346999,"{""Salão de Beleza""}",https://www.google.com/maps/search/?api=1&query=Espa%C3%A7o%20F%C3%A1tima%20Silva&query_place_id=ChIJxZR7KGJfzZIRtnqA0ChHVME,prospect
ESPAÇO DA Beleza,,"Barra do Corda - MA, 65950-000, Brasil",Barra do Corda,-5.4912328,-45.2739181,"{""Salão de Beleza""}",https://www.google.com/maps/search/?api=1&query=ESPA%C3%87O%20DA%20Beleza&query_place_id=ChIJLZBiBHFezZIRTruEFyNW1GQ,prospect
Marina Cabelos - Especialista em Loiras,5599985443542,"R. da Flor, S/N - Vila Sampaio, Barra do Corda - MA, 65950-000, Brasil",Barra do Corda,-5.5210964,-45.224983,"{""Salão de Beleza""}",https://www.google.com/maps/search/?api=1&query=Marina%20Cabelos%20-%20Especialista%20em%20Loiras&query_place_id=ChIJmVfCHlRfzZIRMrPGJdq9O84,prospect
Studio Francielle Sousa,5511989689881,"Rua Rio jutaí travessa 08, R. da Cerâmica, Barra do Corda - MA, 65950-000, Brasil",Barra do Corda,-5.4853371,-45.2437746,"{""Salão de Beleza""}",https://www.google.com/maps/search/?api=1&query=Studio%20Francielle%20Sousa&query_place_id=ChIJwYzORMhfzZIRlxI4IkhEEUg,prospect
Eduarda Lima Beauty Studio,5599991823668,"R. Moacir Cabral de Arruda - Vila nair, Barra do Corda - MA, 65950-000, Brasil",Barra do Corda,-5.515241,-45.2262253,"{""Salão de Beleza""}",https://www.google.com/maps/search/?api=1&query=Eduarda%20Lima%20Beauty%20Studio&query_place_id=ChIJ5b-NubhfzZIRlowh6R7EIEs,prospect
Milena Cabelos,5599984642271,"R. Maria da Conceição - Vila Nair, Barra do Corda - MA, 65950-000, Brasil",Barra do Corda,-5.5160041,-45.2242366,"{""Salão de Beleza""}",https://www.google.com/maps/search/?api=1&query=Milena%20Cabelos&query_place_id=ChIJ8QfSCthZzZIReoNNfDumoIM,prospect
Spaço Daniela Viana,5599988208701,"R. Gen. Artur Teixeira de Carvalho, 02 - Altamira, Barra do Corda - MA, 65950-000, Brasil",Barra do Corda,-5.515922,-45.2316753,"{""Salão de Beleza""}",https://www.google.com/maps/search/?api=1&query=Spa%C3%A7o%20Daniela%20Viana&query_place_id=ChIJlagw4rhfzZIRUp9X-eSjEA0,prospect
Menezes Cabeleireiro,,"R. José Delfino Menezes, 1710, Barra do Corda - MA, 65950-000, Brasil",Barra do Corda,-5.5151818,-45.2309456,"{""Salão de Beleza""}",https://www.google.com/maps/search/?api=1&query=Menezes%20Cabeleireiro&query_place_id=ChIJtTqyBSlfzZIRxiJT1oovc7E,prospect
Iala Bernardo Nail Designer,5599985039085,"Av. José Delfino Menezes, 1710 - Altamira, Barra do Corda - MA, 65950-000, Brasil",Barra do Corda,-5.5150616,-45.2309708,"{""Manicure - Esmalteria""}",https://www.google.com/maps/search/?api=1&query=Iala%20Bernardo%20Nail%20Designer&query_place_id=ChIJo3QT7ntfzZIRdh8uVkZF3-g,prospect
Studio Monalle Dantas,5599988054434,"Rua Parma, SN Esquina com Rua Monza - Parque Itália, Barra do Corda - MA, 65950-000, Brasil",Barra do Corda,-5.5212423,-45.2277257,"{""Salão de Beleza""}",https://www.google.com/maps/search/?api=1&query=Studio%20Monalle%20Dantas&query_place_id=ChIJL4JAQkhfzZIRRveHbE1hAaQ,prospect
Studio Wilana Ferreira,5599984061065,"R. São Francisco, n° 19, Barra do Corda - MA, 65950-000, Brasil",Barra do Corda,-5.5198015,-45.2247513,"{""Salão de Beleza""}",https://www.google.com/maps/search/?api=1&query=Studio%20Wilana%20Ferreira&query_place_id=ChIJRdoak5RfzZIRsl3tDizD2Bs,prospect
Salão Ana Ferreira,5599984612879,"Igreja Batista da Vila Sampaio - Avenida dos macaxeiras - Vila Sampaio, Barra do Corda - MA, 65950-000, Brasil",Barra do Corda,-5.521722,-45.2274041,"{""Salão de Beleza""}",https://www.google.com/maps/search/?api=1&query=Sal%C3%A3o%20Ana%20Ferreira&query_place_id=ChIJ0Z8pMTVfzZIR109bSKxnqEw,prospect
Espaço Bouganville,5599984729246,"R. Cinco, Barra do Corda - MA, 65950-000, Brasil",Barra do Corda,-5.5176426,-45.2249838,"{""Salão de Beleza""}",https://www.google.com/maps/search/?api=1&query=Espa%C3%A7o%20Bouganville&query_place_id=ChIJYZClrXtfzZIRvjn1VkY3hpc,prospect
"Studio Kelmara Lourença especialista em Cílios,Sobrancelhas",5599984665725,"Parque Itália - Altamira, Barra do Corda - MA, 65950-000, Brasil",Barra do Corda,-5.5187062,-45.2289347,"{""Sobrancelhas e Cílios""}",https://www.google.com/maps/search/?api=1&query=Studio%20Kelmara%20Louren%C3%A7a%20especialista%20em%20C%C3%ADlios%2CSobrancelhas&query_place_id=ChIJlYAH9exZzZIRXbSzw_F-dCs,prospect
Salão de Beleza Jéssica Silva,5599981701285,"Av. Lulú Rodrigues, 1535 - Altamira II, Barra do Corda - MA, 65950-000, Brasil",Barra do Corda,-5.5129809,-45.2285714,"{""Salão de Beleza""}",https://www.google.com/maps/search/?api=1&query=Sal%C3%A3o%20de%20Beleza%20J%C3%A9ssica%20Silva&query_place_id=ChIJAUElDoZfzZIRDGoxXwxCQiA,prospect
Estética Depil Belíssima,5599984045118,"R. da Lâmpada - Vila nair, Barra do Corda - MA, 65950-000, Brasil",Barra do Corda,-5.5154478,-45.2270139,"{""Depilação""}",https://www.google.com/maps/search/?api=1&query=Est%C3%A9tica%20Depil%20Bel%C3%ADssima&query_place_id=ChIJiT1tZAVfzZIR6mbzYC2oB9o,prospect
Morgana Designer de Unha,5599982052888,"R. Nova, Barra do Corda - MA, 65950-000, Brasil",Barra do Corda,-5.5228267,-45.2249641,"{""Manicure - Esmalteria""}",https://www.google.com/maps/search/?api=1&query=Morgana%20Designer%20de%20Unha&query_place_id=ChIJVY3U_g1fzZIRrbB-jArIP0U,prospect
Flávia Nails Designer,,"R. da Flor, 4-50, Barra do Corda - MA, 65950-000, Brasil",Barra do Corda,-5.5209975,-45.224744,"{""Manicure - Esmalteria""}",https://www.google.com/maps/search/?api=1&query=Fl%C3%A1via%20Nails%20Designer&query_place_id=ChIJtb08bABfzZIRc-cDP4Xq85c,prospect
Studio HA,5599984927145,"R. 4, Barra do Corda - MA, 65950-000, Brasil",Barra do Corda,-5.514034,-45.2280702,"{""Salão de Beleza""}",https://www.google.com/maps/search/?api=1&query=Studio%20HA&query_place_id=ChIJK0XEM1BfzZIRb_5ViPlzvrg,prospect
Giu Lima Afro Hair,5599984421802,"Av. 1, Quadra 01 - Casa 13, Barra do Corda - MA, 65950-000, Brasil",Barra do Corda,-5.5251908,-45.2219,"{""Salão de Beleza""}",https://www.google.com/maps/search/?api=1&query=Giu%20Lima%20Afro%20Hair&query_place_id=ChIJX23LLrFfzZIRvepTnQgTdrM,prospect
Jessy Cabeloss,5599984156538,"R. Manoel Milhomem - Altamira, Barra do Corda - MA, 65950-000, Brasil",Barra do Corda,-5.5130902,-45.2315101,"{""Salão de Beleza""}",https://www.google.com/maps/search/?api=1&query=Jessy%20Cabeloss&query_place_id=ChIJMfSqhGhfzZIR6QE9FAlZmS8,prospect
Pedro Neto Studio,5599981476021,"Av. Lulú Rodrigues, 1350 - Altamira, Barra do Corda - MA, 65950-000, Brasil",Barra do Corda,-5.5107709,-45.2299139,"{""Salão de Beleza""}",https://www.google.com/maps/search/?api=1&query=Pedro%20Neto%20Studio&query_place_id=ChIJY5MHnpZfzZIREf6HBnzK5R8,prospect
Helena Hear,,"R. da Flor, 21, Barra do Corda - MA, 65950-000, Brasil",Barra do Corda,-5.5205462,-45.2247397,"{""Salão de Beleza""}",https://www.google.com/maps/search/?api=1&query=Helena%20Hear&query_place_id=ChIJr5zDsTJfzZIRSPjCSzx5Jx0,prospect
Delza Cabeleireira,5599981539033,"R. Coelho Neto, 302 - Centro, Barra do Corda - MA, 65950-000, Brasil",Barra do Corda,-5.5076241,-45.2476959,"{""Salão de Beleza""}",https://www.google.com/maps/search/?api=1&query=Delza%20Cabeleireira&query_place_id=ChIJYTwxdeZezZIRjURspr3FKM0,prospect
Sheylla cabelos,5599984987062,"R. Durival Xavier Cruz, Barra do Corda - MA, 65950-000, Brasil",Barra do Corda,-5.5045119,-45.2587298,"{""Salão de Beleza""}",https://www.google.com/maps/search/?api=1&query=Sheylla%20cabelos&query_place_id=ChIJF3h_BDdfzZIR5HlLTPQrX-Y,prospect
KEYLA Salão de Beleza & Terapeuta Capilar,5599981704432,"Av. Pedro Amorim, 56 - Altamira, Barra do Corda - MA, 65950-000, Brasil",Barra do Corda,-5.5071545,-45.2367369,"{""Clínica de Estética""}",https://www.google.com/maps/search/?api=1&query=KEYLA%20Sal%C3%A3o%20de%20Beleza%20%26%20Terapeuta%20Capilar&query_place_id=ChIJeRpo-JhfzZIReKdvIXVLIak,prospect
Sp Gardênia Hair,5599981108512,"R. Rio Purus, 750, Barra do Corda - MA, 65950-000, Brasil",Barra do Corda,-5.5000685,-45.2555411,"{""Salão de Beleza""}",https://www.google.com/maps/search/?api=1&query=Sp%20Gard%C3%AAnia%20Hair&query_place_id=ChIJs1NlpIxezZIRqYg4A9F4nmo,prospect
Studio Hair Bdc - Pronto Socorro Dos Cabelos.,5599982354620,"R. Rio Juruá, Barra do Corda - MA, 65950-000, Brasil",Barra do Corda,-5.4951132,-45.2506973,"{""Salão de Beleza""}",https://www.google.com/maps/search/?api=1&query=Studio%20Hair%20Bdc%20-%20Pronto%20Socorro%20Dos%20Cabelos.&query_place_id=ChIJyR7_2LVfzZIRhaNj1WrmD6Y,prospect
Mari Borges Beauty,5599984983613,"n 242º - R. Rio Tapajós, próximo a kathyelly - Trizidela, Barra do Corda - MA, 65950-000, Brasil",Barra do Corda,-5.4998517,-45.2493715,"{""Salão de Beleza""}",https://www.google.com/maps/search/?api=1&query=Mari%20Borges%20Beauty&query_place_id=ChIJER64bL5fzZIRBTEDI2BgUEc,prospect
Salao de cabeleireiro,,"R. Rio Xingu, 162 - Trizidela, Barra do Corda - MA, 65950-000, Brasil",Barra do Corda,-5.4985129,-45.2488771,"{""Salão de Beleza""}",https://www.google.com/maps/search/?api=1&query=Salao%20de%20cabeleireiro&query_place_id=ChIJF68uO0dfzZIRlcvym6FDdfY,prospect
Osélia Cabeleireiros,5599981218719,"R. Rio Xingu, 168 - Trizidela, Barra do Corda - MA, 65950-000, Brasil",Barra do Corda,-5.4961822,-45.2484658,"{""Salão de Beleza""}",https://www.google.com/maps/search/?api=1&query=Os%C3%A9lia%20Cabeleireiros&query_place_id=ChIJxfo-rLRfzZIRp4NyEFWz5sY,prospect
Anny Cabelos Studio,5599984323127,"R. do Colégio, 112 - Vl Tamarindo, Barra do Corda - MA, 65950-000, Brasil",Barra do Corda,-5.5120939,-45.2624204,"{""Salão de Beleza""}",https://www.google.com/maps/search/?api=1&query=Anny%20Cabelos%20Studio&query_place_id=ChIJtdMTrVZfzZIRLFalQEeFwgg,prospect
Studio Joselia Silva nail designer,5599985338958,"R. Principal 2 - Vila Mariana 1, Barra do Corda - MA, 65950-000, Brasil",Barra do Corda,-5.5207668,-45.2221629,"{""Manicure - Esmalteria""}",https://www.google.com/maps/search/?api=1&query=Studio%20Joselia%20Silva%20nail%20designer&query_place_id=ChIJl8ITyixZzZIRvEiD6LjOKS0,prospect
Studio Toda Bella,,"R. Magda Melquíades Faria, 19, Barra do Corda - MA, 65950-000, Brasil",Barra do Corda,-5.5105446,-45.2566356,"{""Salão de Beleza""}",https://www.google.com/maps/search/?api=1&query=Studio%20Toda%20Bella&query_place_id=ChIJW1tRCX5fzZIRKmj473Dd7Fw,prospect
Studio Larissa Silva,5599982481826,"R. São Domingos, 97 - Vl Tamarindo, Barra do Corda - MA, 65950-000, Brasil",Barra do Corda,-5.5116834,-45.259827,"{""Salão de Beleza""}",https://www.google.com/maps/search/?api=1&query=Studio%20Larissa%20Silva&query_place_id=ChIJ0w3FdkxfzZIRlPAGJR9YayA,prospect
Studio_beautiful12,5599988334552,"R. Isac Martins, Barra do Corda - MA, 65950-000, Brasil",Barra do Corda,-5.5080624,-45.2432442,"{""Salão de Beleza""}",https://www.google.com/maps/search/?api=1&query=Studio_beautiful12&query_place_id=ChIJP9qnifNfzZIRDnxXLSTaIR8,prospect
Studio Marianne Aguiar,5599981670758,"R. Isac Martins, 642 - Centro, Barra do Corda - MA, 65950-000, Brasil",Barra do Corda,-5.5082683,-45.2439323,"{""Salão de Beleza""}",https://www.google.com/maps/search/?api=1&query=Studio%20Marianne%20Aguiar&query_place_id=ChIJbffm00tfzZIRr1Gr-cyLgfA,prospect
WANESSA RABELO STUDIO,5599984809073,"R. Miguel Teixeira Mendes, Barra do Corda - MA, 65950-000, Brasil",Barra do Corda,-5.5023025,-45.2608426,"{""Salão de Beleza""}",https://www.google.com/maps/search/?api=1&query=WANESSA%20RABELO%20STUDIO&query_place_id=ChIJ96dJjJJfzZIRf6F2LC3TDLA,prospect
Studio Nanny Morais,5599988136403,"R. Rio Mearim, 169 - Trezidela, Barra do Corda - MA, 65950-000, Brasil",Barra do Corda,-5.5014837,-45.2524895,"{""Salão de Beleza""}",https://www.google.com/maps/search/?api=1&query=Studio%20Nanny%20Morais&query_place_id=ChIJm_JpdgBfzZIRMxCApFNgrsI,prospect
Camila Beauty studio,5598991029359,"Av. Reginaldo Gomes de Souza - Altamira l, Barra do Corda - MA, 65950-000, Brasil",Barra do Corda,-5.506046,-45.2390807,"{""Salão de Beleza""}",https://www.google.com/maps/search/?api=1&query=Camila%20Beauty%20studio&query_place_id=ChIJY9SlQABfzZIRA3p6JmdjrS8,prospect
Josiane Cardoso Studio,5599984516919,"R. Silvino Araújo Franco, 78, Barra do Corda - MA, 65950-000, Brasil",Barra do Corda,-5.5067844,-45.2586839,"{""Salão de Beleza""}",https://www.google.com/maps/search/?api=1&query=Josiane%20Cardoso%20Studio&query_place_id=ChIJHbBKJydfzZIRFnknd6WWFZw,prospect
Essenza Beauty Studio,,"R. Vanda Viêira da Silva, 83 - Incra, Barra do Corda - MA, 65950-000, Brasil",Barra do Corda,-5.5067761,-45.2550096,"{""Salão de Beleza""}",https://www.google.com/maps/search/?api=1&query=Essenza%20Beauty%20Studio&query_place_id=ChIJ0dm4C6NfzZIRGMddqWG7J_U,prospect
Salão Selma Cabelos,,"FQG7+PR, Barra do Corda - MA, 65950-000, Brasil",Barra do Corda,-5.52318,-45.2353917,"{""Salão de Beleza""}",https://www.google.com/maps/search/?api=1&query=Sal%C3%A3o%20Selma%20Cabelos&query_place_id=ChIJt1i3CwBfzZIRzHraf6xlExw,prospect
Sol Cabelos,5599981170516,"Av. Lulú Rodrigues, Barra do Corda - MA, 65950-000, Brasil",Barra do Corda,-5.5107304,-45.2299549,"{""Salão de Beleza""}",https://www.google.com/maps/search/?api=1&query=Sol%20Cabelos&query_place_id=ChIJ6cPeO7NfzZIRwOLv3ozfouE,prospect
Sandra Manicure,,"Rua da Copaba, 10, Barra do Corda - MA, 65950-000, Brasil",Barra do Corda,-5.5127866,-45.2584533,"{""Manicure - Esmalteria""}",https://www.google.com/maps/search/?api=1&query=Sandra%20Manicure&query_place_id=ChIJ5X3d7P5ezZIRpzRyWB2-nwk,prospect
Studio Thais Milhomem,5599984374805,"R. Oton Milhomem, 736 - Altamira 2, Barra do Corda - MA, 65950-000, Brasil",Barra do Corda,-5.5077262,-45.2294966,"{""Salão de Beleza""}",https://www.google.com/maps/search/?api=1&query=Studio%20Thais%20Milhomem&query_place_id=ChIJEwMLcxBfzZIR5DsCpK-zW44,prospect
Dra.Lunara sousa Tricologista capilar e Cosmetologista dérmica,5599981409003,"R. da Igreja Católica, Barra do Corda - MA, 65950-000, Brasil",Barra do Corda,-5.5224524,-45.2270266,"{""Clínica de Estética""}",https://www.google.com/maps/search/?api=1&query=Dra.Lunara%20sousa%20Tricologista%20capilar%20e%20Cosmetologista%20d%C3%A9rmica&query_place_id=ChIJ8398kpFfzZIR4lzFeua4oSM,prospect
Keylla Sousa Lash designer,5599985024560,"R. Rio Branco, 21, Barra do Corda - MA, 65950-000, Brasil",Barra do Corda,-5.501097,-45.2450631,"{""Sobrancelhas e Cílios""}",https://www.google.com/maps/search/?api=1&query=Keylla%20Sousa%20Lash%20designer&query_place_id=ChIJX6GH2lxfzZIRCU_6K-Q5hdw,prospect
Espaço Lanny,5599984076919,"R. Rio Tapajós, 86 - Tresidela, Barra do Corda - MA, 65950-000, Brasil",Barra do Corda,-5.4999455,-45.2459398,"{""Salão de Beleza""}",https://www.google.com/maps/search/?api=1&query=Espa%C3%A7o%20Lanny&query_place_id=ChIJWTvBbItfzZIRgELTJHWZWY0,prospect
Sirlleny Cabelos,5599981398352,"R. Rio Xingu, 380, Barra do Corda - MA, 65950-000, Brasil",Barra do Corda,-5.496572,-45.2530706,"{""Salão de Beleza""}",https://www.google.com/maps/search/?api=1&query=Sirlleny%20Cabelos&query_place_id=ChIJWwg1Q9xfzZIRwyFsNdux0qI,prospect
Nails Studium Lucineia Paiva,5599981051892,"R. Rio Mearim, 483 - Trizidela, Barra do Corda - MA, 65950-000, Brasil",Barra do Corda,-5.4994848,-45.2570183,"{""Manicure - Esmalteria""}",https://www.google.com/maps/search/?api=1&query=Nails%20Studium%20Lucineia%20Paiva&query_place_id=ChIJL-LJQu1fzZIRqN_RrUxPs4M,prospect
K Studio de beleza,5599981077265,"R. Rio Purus, 493 - Araticum, Barra do Corda - MA, 65950-000, Brasil",Barra do Corda,-5.5043862,-45.2592634,"{""Salão de Beleza""}",https://www.google.com/maps/search/?api=1&query=K%20Studio%20de%20beleza&query_place_id=ChIJAy1SqZNfzZIRxzNa9pVESDY,prospect
Sayonara Cabelos,5599984371756,"Av. Roseana Sarney - Trezidela, Barra do Corda - MA, 65950-000, Brasil",Barra do Corda,-5.5008196,-45.2491675,"{""Salão de Beleza""}",https://www.google.com/maps/search/?api=1&query=Sayonara%20Cabelos&query_place_id=ChIJvczy_9JfzZIRMgV9ofPHqwU,prospect
Fabiana Ilka Designer de Sobrancelhas,5599981270805,"Moradas do Rio Corda - Tv. dos Lírios, Q-42 - L-16, Barra do Corda - MA, 65950-000, Brasil",Barra do Corda,-5.4885005,-45.2700299,"{""Sobrancelhas e Cílios""}",https://www.google.com/maps/search/?api=1&query=Fabiana%20Ilka%20Designer%20de%20Sobrancelhas&query_place_id=ChIJfSeUsfRezZIRWJmHEDkoSvE,prospect
espaço francilda fashion,5599984531991,"rua rio tefé, 596, Barra do Corda - MA, 65950-000, Brasil",Barra do Corda,-5.5017258,-45.2558083,"{""Salão de Beleza""}",https://www.google.com/maps/search/?api=1&query=espa%C3%A7o%20francilda%20fashion&query_place_id=ChIJ_bFEeSNfzZIRZU-MFWceRUI,prospect
Raianny Oliveira nails,5599984396440,"R. Rio Jutaí, Barra do Corda - MA, 65950-000, Brasil",Barra do Corda,-5.4942316,-45.2481689,"{""Manicure - Esmalteria""}",https://www.google.com/maps/search/?api=1&query=Raianny%20Oliveira%20nails&query_place_id=ChIJ1TWDJaFfzZIR2qJO2rgAHe0,prospect
Studio Beatriz Makeup,5599984844437,"R. Leste Oeste Três, 21 - Vila Nenzin, Barra do Corda - MA, 65950-000, Brasil",Barra do Corda,-5.4910762,-45.2747816,"{""Maquiagem""}",https://www.google.com/maps/search/?api=1&query=Studio%20Beatriz%20Makeup&query_place_id=ChIJi1-_JlhfzZIRQbssBx06LRk,prospect
Yanna Cabelos,,"R. Tefé, 1149, Barra do Corda - MA, 65950-000, Brasil",Barra do Corda,-5.4953688,-45.2533648,"{""Salão de Beleza""}",https://www.google.com/maps/search/?api=1&query=Yanna%20Cabelos&query_place_id=ChIJ-aCRrHBfzZIRh99UPuGWKSQ,prospect
Espaço Arleth Macêdo,,"R. Rio Juruá, Barra do Corda - MA, 65950-000, Brasil",Barra do Corda,-5.4828403,-45.2456072,"{""Salão de Beleza""}",https://www.google.com/maps/search/?api=1&query=Espa%C3%A7o%20Arleth%20Mac%C3%AAdo&query_place_id=ChIJb-rZCQBdzZIRosaGKkfz2uM,prospect
Carla Andrade cabelos,5598983000782,"R. Rio Negro, 95 - Trizidela, Barra do Corda - MA, 65950-000, Brasil",Barra do Corda,-5.5031328,-45.2467448,"{""Clínica de Estética""}",https://www.google.com/maps/search/?api=1&query=Carla%20Andrade%20cabelos&query_place_id=ChIJT3Ht60RfzZIRRAcBAJPuCH8,prospect
Salão Star Cabeleireiro,,"R. Rio Purus, 47 - Trizidela, Barra do Corda - MA, 65950-000, Brasil",Barra do Corda,-5.5028909,-45.2501398,"{""Salão de Beleza""}",https://www.google.com/maps/search/?api=1&query=Sal%C3%A3o%20Star%20Cabeleireiro&query_place_id=ChIJIa7EGyZfzZIRxoDDQMtC8WI,prospect
Josino Cabeleireiro,5599988077904,"Barra do Corda - MA, 65950-000, Brasil",Barra do Corda,-5.5161773,-45.2294808,"{""Salão de Beleza""}",https://www.google.com/maps/search/?api=1&query=Josino%20Cabeleireiro&query_place_id=ChIJqUTUcoRfzZIRIIQDiQucSmA,prospect
Ana Hair,5599988157477,"Quadra 21 lote 37, Barra do Corda - MA, 65950-000, Brasil",Barra do Corda,-5.5018917,-45.2464996,"{""Salão de Beleza""}",https://www.google.com/maps/search/?api=1&query=Ana%20Hair&query_place_id=ChIJEbVaqMNfzZIRPsWIzI3w_Dc,prospect
Duda Cabelos,55999703606,"R. Rio Tapajós, Barra do Corda - MA, 65950-000, Brasil",Barra do Corda,-5.4984041,-45.2523536,"{""Salão de Beleza""}",https://www.google.com/maps/search/?api=1&query=Duda%20Cabelos&query_place_id=ChIJK1DAoZJezZIRTQ6FFUjC9dA,prospect
Barbearia Novo Visual,5599981108920,"R. Rio Jutaí, 50 - Trizidela, Barra do Corda - MA, 65950-000, Brasil",Barra do Corda,-5.5015865,-45.2516004,"{""Barbearia""}",https://www.google.com/maps/search/?api=1&query=Barbearia%20Novo%20Visual&query_place_id=ChIJTf7Sbr9fzZIRokGk7CIHzK4,prospect
Espaço Bellas Unhas,5599981650794,"R. Tefé, 1179, Barra do Corda - MA, 65950-000, Brasil",Barra do Corda,-5.4950042,-45.2531481,"{""Manicure - Esmalteria""}",https://www.google.com/maps/search/?api=1&query=Espa%C3%A7o%20Bellas%20Unhas&query_place_id=ChIJacI2OHRfzZIRoAmEh5haYnk,prospect
Studio Juliene Martins,5599991295183,"Avenida principal - Vila Alvorada, Barra do Corda - MA, 65950-000, Brasil",Barra do Corda,-5.501892,-45.2465,"{""Salão de Beleza""}",https://www.google.com/maps/search/?api=1&query=Studio%20Juliene%20Martins&query_place_id=ChIJzz4wxC5dzZIRpqUoJ1sGrWQ,prospect
Espaço MULHER,5511945145136,"R. Rio Xingu, 328, Barra do Corda - MA, 65950-000, Brasil",Barra do Corda,-5.4976384,-45.2520978,"{""Salão de Beleza""}",https://www.google.com/maps/search/?api=1&query=Espa%C3%A7o%20MULHER&query_place_id=ChIJlSZDhJJezZIR_KzCFJ_01B4,prospect
PH Sobrancelhas,5599985332651,"R. Tefé - Trisidela, Barra do Corda - MA, 65950-000, Brasil",Barra do Corda,-5.4976771,-45.254254,"{""Sobrancelhas e Cílios""}",https://www.google.com/maps/search/?api=1&query=PH%20Sobrancelhas&query_place_id=ChIJ22qvw-RfzZIR5qKbgYchE_w,prospect
Letícia Alves Designer de Sobrancelhas,5599984367445,"R. Mansueto Franco, Barra do Corda - MA, 65950-000, Brasil",Barra do Corda,-5.4977164,-45.274139,"{""Sobrancelhas e Cílios""}",https://www.google.com/maps/search/?api=1&query=Let%C3%ADcia%20Alves%20Designer%20de%20Sobrancelhas&query_place_id=ChIJ0xY5FwBfzZIRulUhSHviz7I,prospect
Ligia Azevedo US,,"R. Rio Mearim, Barra do Corda - MA, 65950-000, Brasil",Barra do Corda,-5.4999777,-45.2558697,"{""Salão de Beleza""}",https://www.google.com/maps/search/?api=1&query=Ligia%20Azevedo%20US&query_place_id=ChIJwTIq4DlfzZIRIdIP68bz2R8,prospect
Studio Wanessa Costa,5599982230773,"R. Rio Purús, Barra do Corda - MA, 65950-000, Brasil",Barra do Corda,-5.4962185,-45.2555044,"{""Salão de Beleza""}",https://www.google.com/maps/search/?api=1&query=Studio%20Wanessa%20Costa&query_place_id=ChIJj0Vd6GtfzZIRQVuO9yIWgyo,prospect
Studio Raylany Almeida Nails Designer - Barra do Corda,5599984342296,"Rua Rio Tefe - Trezidela, Barra do Corda - MA, 65950-000, Brasil",Barra do Corda,-5.5010444,-45.255779,"{""Manicure - Esmalteria""}",https://www.google.com/maps/search/?api=1&query=Studio%20Raylany%20Almeida%20Nails%20Designer%20-%20Barra%20do%20Corda&query_place_id=ChIJSws20aFfzZIRn9OMKMcvGr0,prospect
Salão taty cabelos,,"Barra do Corda - MA, 65950-000, Brasil",Barra do Corda,-5.3311261,-45.100553,"{""Salão de Beleza""}",https://www.google.com/maps/search/?api=1&query=Sal%C3%A3o%20taty%20cabelos&query_place_id=ChIJt5Q6SwBJzZIRkR754ZaKfms,prospect
Marylu Unhas,5599999778093,"R. Tefé, 1179, Barra do Corda - MA, 65950-000, Brasil",Barra do Corda,-5.4950042,-45.2531481,"{""Manicure - Esmalteria""}",https://www.google.com/maps/search/?api=1&query=Marylu%20Unhas&query_place_id=ChIJYcaRD45ezZIRQSuzfdnzPbk,prospect
Luanadepil,5599982002648,"R. Rio Mearim, 403 - Trizidela, Barra do Corda - MA, 65950-000, Brasil",Barra do Corda,-5.5001899,-45.2558061,"{""Depilação""}",https://www.google.com/maps/search/?api=1&query=Luanadepil&query_place_id=ChIJ1T2cU4lfzZIRUTfCOvFTYSs,prospect
Gisele Luz Nail Stúdio,5599984583353,"R. Almir Silva, Barra do Corda - MA, 65950-000, Brasil",Barra do Corda,-5.5033853,-45.2368677,"{""Manicure - Esmalteria""}",https://www.google.com/maps/search/?api=1&query=Gisele%20Luz%20Nail%20St%C3%BAdio&query_place_id=ChIJXyfAyLNfzZIRb6LArTzhMeQ,prospect
Estética Depil Belíssima,5599984045118,"R. Projetada Um, Barra do Corda - MA, 65950-000, Brasil",Barra do Corda,-5.4938034,-45.2590994,"{""Depilação""}",https://www.google.com/maps/search/?api=1&query=Est%C3%A9tica%20Depil%20Bel%C3%ADssima&query_place_id=ChIJOzwVaL9fzZIR9LittD5_XjE,prospect
Priscyla Noellen Estética Facial,,,Barra do Corda,-5.5077489,-45.2452658,"{""Clínica de Estética""}",https://www.google.com/maps/search/?api=1&query=Priscyla%20Noellen%20Est%C3%A9tica%20Facial&query_place_id=ChIJuQQOzb5fzZIRWN1f55E_KAY,prospect
Janna Bronze,,"R. Dom João Galdino, Barra do Corda - MA, 65950-000, Brasil",Barra do Corda,-5.4916031,-45.2459587,"{""Clínica de Estética""}",https://www.google.com/maps/search/?api=1&query=Janna%20Bronze&query_place_id=ChIJkYKlVwBfzZIRFojBvl-ZS9k,prospect
Andréia Carvalho nails,,"Barra do Corda - MA, 65950-000, Brasil",Barra do Corda,-5.250612,-45.0420523,"{""Manicure - Esmalteria""}",https://www.google.com/maps/search/?api=1&query=Andr%C3%A9ia%20Carvalho%20nails&query_place_id=ChIJT0HvA8c1zZIR76wo8rRjAZM,prospect
Romaires matos nail designer,5599985032915,"Rua 15, Barra do Corda - MA, 65950-000, Brasil",Barra do Corda,-5.5018917,-45.2464996,"{""Manicure - Esmalteria""}",https://www.google.com/maps/search/?api=1&query=Romaires%20matos%20nail%20designer&query_place_id=ChIJh1P9wexfzZIRH_JZ4gpx11Y,prospect
Studio Amanda Luz,5599981737214,,Barra do Corda,-5.5077489,-45.2452658,"{""Salão de Beleza""}",https://www.google.com/maps/search/?api=1&query=Studio%20Amanda%20Luz&query_place_id=ChIJtxhwtF9fzZIRIln63eYz1tc,prospect
Studio Deynna Silvah,5599985410092,,Barra do Corda,-5.5077489,-45.2452658,"{""Salão de Beleza""}",https://www.google.com/maps/search/?api=1&query=Studio%20Deynna%20Silvah&query_place_id=ChIJ23PNiRoziqoRcxtBOHRUAJA,prospect
Studio ellena Nolberto,5599985395806,"Rua São Jorge, Caminho Zacarias Vila Nenzim, 398, Barra do Corda - MA, 65950-000, Brasil",Barra do Corda,-5.4913898,-45.2766934,"{""Salão de Beleza""}",https://www.google.com/maps/search/?api=1&query=Studio%20ellena%20Nolberto&query_place_id=ChIJV9-4dRpfzZIRvkWeUJ4M76k,prospect
Dhessy Ribeiro Studio Clinic,5599981547458,"Rua das Figuras Moradas do Rio corda, Barra do Corda - MA, 65950-000, Brasil",Barra do Corda,-5.4840992,-45.2675069,"{""Salão de Beleza""}",https://www.google.com/maps/search/?api=1&query=Dhessy%20Ribeiro%20Studio%20Clinic&query_place_id=ChIJ4-8BZX5dzZIRoC_ZeG8DlQA,prospect
Espaço Daniele Santos/ Nail designer - Unhas,,"V559+47, Barra do Corda - MA, 65950-000, Brasil",Barra do Corda,-5.1417182,-44.8337644,"{""Manicure - Esmalteria""}",https://www.google.com/maps/search/?api=1&query=Espa%C3%A7o%20Daniele%20Santos%2F%20Nail%20designer%20-%20Unhas&query_place_id=ChIJiX6acwAxiAcRdwjjZo_8pJ8,prospect
@Designer de Sobrancelhas,55982689271,"R. São Francisco, Barra do Corda - MA, 65950-000, Brasil",Barra do Corda,-5.5156832,-45.2654284,"{""Sobrancelhas e Cílios""}",https://www.google.com/maps/search/?api=1&query=%40Designer%20de%20Sobrancelhas&query_place_id=ChIJm8chyFRezZIRlBnX_b82WG4,prospect
belissima cabelos,5599988061300,"R. Benedito Leite, 403 - Centro, Barra do Corda - MA, 65950-000, Brasil",Barra do Corda,-5.5058965,-45.2436345,"{""Salão de Beleza""}",https://www.google.com/maps/search/?api=1&query=belissima%20cabelos&query_place_id=ChIJQ_SZjOdezZIRBGetG08sP5c,prospect
Revitale Estética e Saúde,5598970189509,"R. Rio Flôres, 116 - Trizidela, Barra do Corda - MA, 65950-000, Brasil",Barra do Corda,-5.5014029,-45.2547044,"{""Clínica de Estética""}",https://www.google.com/maps/search/?api=1&query=Revitale%20Est%C3%A9tica%20e%20Sa%C3%BAde&query_place_id=ChIJV87rbZxfzZIR3q0m4W5-UDE,prospect
Arleane Carvalho Clinic & Academy,5599991548086,"R. Coelho Neto, 462 - Centro, Barra do Corda - MA, 65950-000, Brasil",Barra do Corda,-5.5075909,-45.2463303,"{""Salão de Beleza""}",https://www.google.com/maps/search/?api=1&query=Arleane%20Carvalho%20Clinic%20%26%20Academy&query_place_id=ChIJSXa4xmpfzZIRrSjUgWopLfo,prospect
D'Maria Cosmético - Centro,5599984088528,"R. Irmã Helena - Centro, Barra do Corda - MA, 65950-000, Brasil",Barra do Corda,-5.5060605,-45.2494267,"{""Salão de Beleza""}",https://www.google.com/maps/search/?api=1&query=D'Maria%20Cosm%C3%A9tico%20-%20Centro&query_place_id=ChIJKYv6iI9fzZIRxftzyq2D7Yw,prospect
Débora Brenda Lash Designer,5519982764294,,Barra do Corda,-5.5077489,-45.2452658,"{""Sobrancelhas e Cílios""}",https://www.google.com/maps/search/?api=1&query=D%C3%A9bora%20Brenda%20Lash%20Designer&query_place_id=ChIJY0mJHoOwa0kRRmWD03KMHoY,prospect
Espaço Larissa Designer,5599982704758,"R. Rio Madeira - Araticum, Barra do Corda - MA, 65950-000, Brasil",Barra do Corda,-5.504478,-45.2617839,"{""Salão de Beleza""}",https://www.google.com/maps/search/?api=1&query=Espa%C3%A7o%20Larissa%20Designer&query_place_id=ChIJd_iRtlpfzZIROeLwzFFPRUs,prospect
Ana Ferreira,,"Barra do Corda - MA, 65950-000, Brasil",Barra do Corda,-5.5232765,-45.2241272,"{""Salão de Beleza""}",https://www.google.com/maps/search/?api=1&query=Ana%20Ferreira&query_place_id=ChIJHeAVWABZzZIRE_F45tWIftM,prospect
Deborah Brenda Lash Designer,5519982764294,"Av. Eliéser Moreira, Barra do Corda - MA, 65950-000, Brasil",Barra do Corda,-5.5095559,-45.2562804,"{""Sobrancelhas e Cílios""}",https://www.google.com/maps/search/?api=1&query=Deborah%20Brenda%20Lash%20Designer&query_place_id=ChIJqw9qZABfzZIRSaFaoxZtmGM,prospect
Ateliê de Beleza by Dalila Santos,5599985086158,"R. José Maria Madeira, 56A, Barra do Corda - MA, 65950-000, Brasil",Barra do Corda,-5.5119229,-45.2548371,"{""Salão de Beleza""}",https://www.google.com/maps/search/?api=1&query=Ateli%C3%AA%20de%20Beleza%20by%20Dalila%20Santos&query_place_id=ChIJj4KELwBfzZIR7gayrBcNKIc,prospect
Jeane,,"Av. Eliéser Moreira, Barra do Corda - MA, 65950-000, Brasil",Barra do Corda,-5.5103029,-45.2570684,"{""Salão de Beleza""}",https://www.google.com/maps/search/?api=1&query=Jeane&query_place_id=ChIJv1OcZwBfzZIRS-Qw-TlUlUI,prospect
Studioarianallima,5599981530804,"R. Manoel Milhomem, Barra do Corda - MA, 65950-000, Brasil",Barra do Corda,-5.50777,-45.234751,"{""Salão de Beleza""}",https://www.google.com/maps/search/?api=1&query=Studioarianallima&query_place_id=ChIJSeg00R1fzZIRy4MlzdMbodo,prospect
Espaço Didy Rodrigues,5599991378817,"Avenida José Delfino de Menezes - Altamira, Barra do Corda - MA, 65950-000, Brasil",Barra do Corda,-5.5071176,-45.2363549,"{""Salão de Beleza""}",https://www.google.com/maps/search/?api=1&query=Espa%C3%A7o%20Didy%20Rodrigues&query_place_id=ChIJiZ3UA3hfzZIR2HC26OyEXjw,prospect
Cris moreira beauty,,"R. João Benedito, Barra do Corda - MA, 65950-000, Brasil",Barra do Corda,-5.5060947,-45.2405435,"{""Salão de Beleza""}",https://www.google.com/maps/search/?api=1&query=Cris%20moreira%20beauty&query_place_id=ChIJr8PwAQBfzZIReRk7f4i0058,prospect
Erasmo Barbearia,5599981028004,"R. Profa. Safira, 48 - Altamira, Barra do Corda - MA, 65950-000, Brasil",Barra do Corda,-5.513143,-45.2369783,"{""Barbearia""}",https://www.google.com/maps/search/?api=1&query=Erasmo%20Barbearia&query_place_id=ChIJSwUgQCdfzZIR342B3UifzUE,prospect
R.R.BRONZE,5599981448525,"Av. dos Cocáis - Incra, Barra do Corda - MA, 65950-000, Brasil",Barra do Corda,-5.5098921,-45.2513468,"{""Clínica de Estética""}",https://www.google.com/maps/search/?api=1&query=R.R.BRONZE&query_place_id=ChIJ6zGsRU1fzZIRjr5lkEoLV0E,prospect
Angela Manicure,,"Avenida 6 - Vila Mariano 2, Barra do Corda - MA, 65950-000, Brasil",Barra do Corda,-5.524445,-45.2180716,"{""Manicure - Esmalteria""}",https://www.google.com/maps/search/?api=1&query=Angela%20Manicure&query_place_id=ChIJjSBtSURfzZIRyZvlfZvrTQ0,prospect
Doce charme esmalteria,5599991745510,"FQCJ+X4, Barra do Corda - MA, 65950-000, Brasil",Barra do Corda,-5.5275458,-45.2197263,"{""Manicure - Esmalteria""}",https://www.google.com/maps/search/?api=1&query=Doce%20charme%20esmalteria&query_place_id=ChIJZ--pnERZzZIRWp5jVl1lKNg,prospect
Crysley Moreno Nails Designer,5599984551620,"R. do Amor, S/N - Vila Sampaio, Barra do Corda - MA, 65950-000, Brasil",Barra do Corda,-5.5214304,-45.2255687,"{""Manicure - Esmalteria""}",https://www.google.com/maps/search/?api=1&query=Crysley%20Moreno%20Nails%20Designer&query_place_id=ChIJdZ5-3EBfzZIR1iEv5zcspAA,prospect
Espaço Maria Lopes Podóloga,5599985408691,"Av. Lulú Rodrigues, 1358 - Altamira, Barra do Corda - MA, 65950-000, Brasil",Barra do Corda,-5.5111482,-45.2297574,"{""Salão de Beleza""}",https://www.google.com/maps/search/?api=1&query=Espa%C3%A7o%20Maria%20Lopes%20Pod%C3%B3loga&query_place_id=ChIJoRfp5C9fzZIRoV3jzchaiSY,prospect
Lanny Silva | Lash e Sobrancelhas,5599992139964,"R. Doca Barbalho - Piquizinho, Barra do Corda - MA, 65950-000, Brasil",Barra do Corda,-5.5098177,-45.2299894,"{""Sobrancelhas e Cílios""}",https://www.google.com/maps/search/?api=1&query=Lanny%20Silva%20%7C%20Lash%20e%20Sobrancelhas&query_place_id=ChIJ8yE3ZcdfzZIRSNlnP_Gl1jg,prospect
Studio Adelly carvalho,5599991011482,"vila Nair - R. Sete, Rua 7 - Vila-Nair, Barra do Corda - MA, 65950-000, Brasil",Barra do Corda,-5.5183266,-45.2239855,"{""Salão de Beleza""}",https://www.google.com/maps/search/?api=1&query=Studio%20Adelly%20carvalho&query_place_id=ChIJS56rHABfzZIRQCDePk9Pb-Q,prospect
Nail's Brilhante by Juliana Brilhante,5599981347687,"R. Isac Martins, 2001, Altamira - MA, 65950-000, Brasil",Barra do Corda,-5.5092512,-45.2382882,"{""Manicure - Esmalteria""}",https://www.google.com/maps/search/?api=1&query=Nail's%20Brilhante%20by%20Juliana%20Brilhante&query_place_id=ChIJBS0z8dtezZIRlIjmH1Ir7RY,prospect
Oneide Cabelos 💇🏼‍♀️,5599981195858,"Av. Eliéser Moreira, 67, Barra do Corda - MA, 65950-000, Brasil",Barra do Corda,-5.5044023,-45.2511322,"{""Salão de Beleza""}",https://www.google.com/maps/search/?api=1&query=Oneide%20Cabelos%20%F0%9F%92%87%F0%9F%8F%BC%E2%80%8D%E2%99%80%EF%B8%8F&query_place_id=ChIJCeC9NyNfzZIR-vsQX4jPtRw,prospect
Tok feminino,5599981522201,"Rua Combatente Airton, R. Zilmar Arnaldo Leao Alencar - Incra, Barra do Corda - MA, 65950-000, Brasil",Barra do Corda,-5.5123707,-45.2509081,"{""Salão de Beleza""}",https://www.google.com/maps/search/?api=1&query=Tok%20feminino&query_place_id=ChIJ-Yznr0xfzZIRl4svVv76rUs,prospect
Salão T&G cabelos,5599982110016,"2A Travessa do Espírito Santo, nº 1.038 - Volta Redonda, Caxias - MA, 65606-310, Brasil",Caxias,-4.8780563,-43.3537755,"{""Salão de Beleza""}",https://www.google.com/maps/search/?api=1&query=Sal%C3%A3o%20T%26G%20cabelos&query_place_id=ChIJzVeVsLGTjgcRVgE9t4hwu3Y,prospect
STUDIO BEAUTY Cabelo & Maquiagem,5599996467248,"Av. Benjamin Constant - Nova Caxias, Caxias - MA, 65604-260, Brasil",Caxias,-4.8660254,-43.3459582,"{""Salão de Beleza e Maquiagem""}",https://www.google.com/maps/search/?api=1&query=STUDIO%20BEAUTY%20Cabelo%20%26%20Maquiagem&query_place_id=ChIJY7z3kMSTjgcRMLiCqP3nJw4,prospect
Studiobrunacosta,55981427208,"R. Pres. Kenedy - Castelo Branco, Caxias - MA, 65604-230, Brasil",Caxias,-4.8652666,-43.3498865,"{""Salão de Beleza""}",https://www.google.com/maps/search/?api=1&query=Studiobrunacosta&query_place_id=ChIJ680zbT2SjgcRHvgZZM8KaME,prospect
studio sandry raiely,5599988249700,"R. Juriti, 41 - Sabiá, Caxias - MA, 65603-773, Brasil",Caxias,-4.8304205,-43.3597354,"{""Salão de Beleza""}",https://www.google.com/maps/search/?api=1&query=studio%20sandry%20raiely&query_place_id=ChIJYesydnKRjgcRvOApX3VXAVs,prospect
Salão De Beleza Creuza,,"São Francisco, Caxias - MA, 65603-600, Brasil",Caxias,-4.8400985,-43.3440313,"{""Salão de Beleza""}",https://www.google.com/maps/search/?api=1&query=Sal%C3%A3o%20De%20Beleza%20Creuza&query_place_id=ChIJd2Lr9cGRjgcRA0w5y1VeAlQ,prospect
Salão J.C cabelos,5599982167047,"R. do Cajueiro, 1286 - Seriema, Caxias - MA, 65602-530, Brasil",Caxias,-4.839206,-43.3559955,"{""Salão de Beleza""}",https://www.google.com/maps/search/?api=1&query=Sal%C3%A3o%20J.C%20cabelos&query_place_id=ChIJm8UCHDiRjgcRIFhX4g9qDso,prospect
Maria Luiza Studio,5599984434203,"Av. Beija-Flor - Conj. Sabia, Caxias - MA, 65603-720, Brasil",Caxias,-4.8308639,-43.3599308,"{""Salão de Beleza""}",https://www.google.com/maps/search/?api=1&query=Maria%20Luiza%20Studio&query_place_id=ChIJkYjAZwCRjgcR_avjgYz5d30,prospect
Stúdio Jonas carvalho,5599981393222,"R. da Ramirez, 615 - São Francisco, Caxias - MA, 65603-825, Brasil",Caxias,-4.8415199,-43.3372623,"{""Salão de Beleza""}",https://www.google.com/maps/search/?api=1&query=St%C3%BAdio%20Jonas%20carvalho&query_place_id=ChIJ71RhNvmRjgcR0ByXfuYKyC0,prospect
STUDIO KEILA XAVIER,5599999556612,"Rua 15 quadra C23, casa 10, Caxias - MA, 65604-571, Brasil",Caxias,-4.8309705,-43.3344892,"{""Salão de Beleza""}",https://www.google.com/maps/search/?api=1&query=STUDIO%20KEILA%20XAVIER&query_place_id=ChIJOzsYVyiRjgcRxQBGKgVzrpU,prospect
Salão Maycon,,"Antenor Viana, Caxias - MA, 65603-600, Brasil",Caxias,-4.8394784,-43.3440124,"{""Salão de Beleza""}",https://www.google.com/maps/search/?api=1&query=Sal%C3%A3o%20Maycon&query_place_id=ChIJpzQYiMGRjgcRhUinJVCfD4Q,prospect
Studiola,5599991821679,"R. do Cajueiro - Seriema, Caxias - MA, 65602-530, Brasil",Caxias,-4.8375252,-43.3576796,"{""Salão de Beleza""}",https://www.google.com/maps/search/?api=1&query=Studiola&query_place_id=ChIJExo1WmeRjgcRXg4l0vfBqZc,prospect
Lannynails Studio,5599991119350,"R. Pará, 476 - Teso Duro, Caxias - MA, 65603-580, Brasil",Caxias,-4.8410985,-43.348356,"{""Manicure - Esmalteria""}",https://www.google.com/maps/search/?api=1&query=Lannynails%20Studio&query_place_id=ChIJA7kWuGiRjgcReiwQ8PO4kuc,prospect
Studio Daniela Torres,5599988145174,"Av. Santos Dumont, 4200 - Antenor Viana, Caxias - MA, 65603-600, Brasil",Caxias,-4.8421807,-43.3454011,"{""Salão de Beleza""}",https://www.google.com/maps/search/?api=1&query=Studio%20Daniela%20Torres&query_place_id=ChIJoTKwQgCRjgcRMqtOowGjUlQ,prospect
Casa da Dayane,5599988498965,"R. Prof. Arlindo Oliveira - Teso Duro, Caxias - MA, 65604-525, Brasil",Caxias,-4.8328788,-43.3389395,"{""Salão de Beleza""}",https://www.google.com/maps/search/?api=1&query=Casa%20da%20Dayane&query_place_id=ChIJk5M-ehGRjgcRVjconPTMqQ8,prospect
Estúdio Grazielle Palhano,,"R. 20, Caxias - MA, Brasil",Caxias,-4.827498,-43.3338661,"{""Salão de Beleza""}",https://www.google.com/maps/search/?api=1&query=Est%C3%BAdio%20Grazielle%20Palhano&query_place_id=ChIJ6Ry2fgCRjgcRU4OOnRKpuDM,prospect
Arine Ramos Studio,559935211968,"R. Cinco, 12 - Quadra 10 - Seriema, Caxias - MA, Brasil",Caxias,-4.8491642,-43.3597196,"{""Salão de Beleza""}",https://www.google.com/maps/search/?api=1&query=Arine%20Ramos%20Studio&query_place_id=ChIJ6f22dIWRjgcR3xN48yNZc3E,prospect
Salão Miguelim,,"R. Paraíba, 311 - Antenor Viana, Caxias - MA, 65603-585, Brasil",Caxias,-4.8424883,-43.3492064,"{""Salão de Beleza""}",https://www.google.com/maps/search/?api=1&query=Sal%C3%A3o%20Miguelim&query_place_id=ChIJ-zzKYiyRjgcR4iSMV4DHJcg,prospect
Studio Fran Felipe,5599981155065,"Tv. do Cajueiro, 1183 - Matadouro Novo, Caxias - MA, 65602-510, Brasil",Caxias,-4.8460724,-43.3578046,"{""Salão de Beleza""}",https://www.google.com/maps/search/?api=1&query=Studio%20Fran%20Felipe&query_place_id=ChIJe3kXtpWRjgcR9CecqT_dS44,prospect
Luana cabelos,5599988215152,"Rua São Sebastião - Bacurizeiro, Caxias - MA, 65603-820, Brasil",Caxias,-4.8446733,-43.3366857,"{""Salão de Beleza""}",https://www.google.com/maps/search/?api=1&query=Luana%20cabelos&query_place_id=ChIJkQVXj6STjgcRFCOfNrzom3M,prospect
Studio By Maria,5599985143374,"Av. Santos Dumont - Seriema, Caxias - MA, 65602-310, Brasil",Caxias,-4.8485972,-43.3558829,"{""Salão de Beleza""}",https://www.google.com/maps/search/?api=1&query=Studio%20By%20Maria&query_place_id=ChIJ2cAPbUiRjgcRZOnO3fEIRZ0,prospect
Play Cabelos - O Melhor.,5599981825981,"R. do Caldeirão, 1076-1344 - Caldeirões Pirajá, Caxias - MA, 65608-440, Brasil",Caxias,-4.859374,-43.3712678,"{""Salão de Beleza""}",https://www.google.com/maps/search/?api=1&query=Play%20Cabelos%20-%20O%20Melhor.&query_place_id=ChIJa5lpvNOTjgcRi7tVKWXL1oU,prospect
Dayse cabelos- caxias ma,5599988198068,"Tv. Ceará - Seriema, Caxias - MA, 65602-450, Brasil",Caxias,-4.8499717,-43.3504317,"{""Salão de Beleza""}",https://www.google.com/maps/search/?api=1&query=Dayse%20cabelos-%20caxias%20ma&query_place_id=ChIJs4yeH3mRjgcRiNOmeMoJ2bU,prospect
Studio MB hair,5599984563639,"3A Travessa Benjamin Constant, 2189 - Nova Caxias, Caxias - MA, 65604-285, Brasil",Caxias,-4.8655353,-43.3455749,"{""Salão de Beleza""}",https://www.google.com/maps/search/?api=1&query=Studio%20MB%20hair&query_place_id=ChIJXy5WW4KTjgcRXtuF9JncPY0,prospect
Helen cabeleireira,5599981023503,"R. Sr. Bonfim, 1402 - Castelo Branco, Caxias - MA, 65600-290, Brasil",Caxias,-4.8613593,-43.3546468,"{""Salão de Beleza""}",https://www.google.com/maps/search/?api=1&query=Helen%20cabeleireira&query_place_id=ChIJCVQ7Ew-TjgcRoQ2r_IbBf48,prospect
Lurdinha cabeleireira,5599984720105,"Av. Doutor Walter Brito, 1162 - Campo de Belem, Caxias - MA, 65609-070, Brasil",Caxias,-4.8738888,-43.3720729,"{""Salão de Beleza""}",https://www.google.com/maps/search/?api=1&query=Lurdinha%20cabeleireira&query_place_id=ChIJj3Jl3tyTjgcR-vrfV2m5TKw,prospect
Débora Cabelos,,"Rua São Vicente de Paula - Mutirão, Q - 4 casa 78 - Mutirão, Caxias - MA, 65604-840, Brasil",Caxias,-4.8607368,-43.3368941,"{""Salão de Beleza""}",https://www.google.com/maps/search/?api=1&query=D%C3%A9bora%20Cabelos&query_place_id=ChIJ47cNX-mTjgcR6sIfrkNwECw,prospect
Salão D' Angel Cabelos,5599981323974,"R. Belo Horizonte, 305 - Ponte, Caxias - MA, 65607-600, Brasil",Caxias,-4.8695543,-43.3683494,"{""Salão de Beleza""}",https://www.google.com/maps/search/?api=1&query=Sal%C3%A3o%20D'%20Angel%20Cabelos&query_place_id=ChIJYwdgscqTjgcRudgleZ-a0Vw,prospect
Dora Cabelos,,"Volta Redonda, Caxias - MA, 65606-480, Brasil",Caxias,-4.8833853,-43.3495003,"{""Salão de Beleza""}",https://www.google.com/maps/search/?api=1&query=Dora%20Cabelos&query_place_id=ChIJo3vj4l2SjgcRkQAPJUwWoAo,prospect
MM Estúdio de Beleza,5599982344371,"R. do Fio, n:890 - A - Cangalheiro, Caxias - MA, 65606-250, Brasil",Caxias,-4.8707346,-43.3582818,"{""Salão de Beleza""}",https://www.google.com/maps/search/?api=1&query=MM%20Est%C3%BAdio%20de%20Beleza&query_place_id=ChIJV6QA2jiSjgcRRl8xAtEnWXU,prospect
Cabeleireiro Kilson,,"395, R. Castelo Branco, 359 - Campo de Belem, Caxias - MA, 65609-130, Brasil",Caxias,-4.8762804,-43.3725047,"{""Salão de Beleza""}",https://www.google.com/maps/search/?api=1&query=Cabeleireiro%20Kilson&query_place_id=ChIJ6yJbJbKTjgcRuZrOgmhW-B8,prospect
LeidyCabelos,5599988538976,"Av central, Caxias - MA, 65600-010, Brasil",Caxias,-4.8815769,-43.1034664,"{""Salão de Beleza""}",https://www.google.com/maps/search/?api=1&query=LeidyCabelos&query_place_id=ChIJ2Zixv6HJTggRDRvZYwxahJ0,prospect
Salão Styllus & Beleza,5599984483836,"R. da Palmeirinha, 741 - Centro, Caxias - MA, 65608-110, Brasil",Caxias,-4.8583066,-43.366406,"{""Salão de Beleza""}",https://www.google.com/maps/search/?api=1&query=Sal%C3%A3o%20Styllus%20%26%20Beleza&query_place_id=ChIJocWTGEWTjgcRVreRA2JXvwI,prospect
B.Beauty Salão de Beleza,5599981057522,"Caxias Shopping Center, Caxias - MA, 65605-295, Brasil",Caxias,-4.8788451,-43.3359598,"{""Salão de Beleza""}",https://www.google.com/maps/search/?api=1&query=B.Beauty%20Sal%C3%A3o%20de%20Beleza&query_place_id=ChIJP1kwEHGSjgcRk07zOG43DV4,prospect
Salão Luiza Fashion,5599982630461,"R. da Coheb, 695 - Vila Sao Jose, Caxias - MA, 65606-760, Brasil",Caxias,-4.8747201,-43.3492113,"{""Salão de Beleza""}",https://www.google.com/maps/search/?api=1&query=Sal%C3%A3o%20Luiza%20Fashion&query_place_id=ChIJJdSZ50GSjgcRy-EqjS_Y3_c,prospect
Cantinho Da Beleza,5599996458012,"R. Dezesseis de Janeiro, 785-289 - Trizidela, Caxias - MA, 65608-270, Brasil",Caxias,-4.8634395,-43.3750287,"{""Salão de Beleza""}",https://www.google.com/maps/search/?api=1&query=Cantinho%20Da%20Beleza&query_place_id=ChIJh7Ido9aTjgcRSVchcKqO-uM,prospect
Espaço Da Beleza Branca Cabelos,5599981928731,"R. Nossa Sra. de Fátima, 1997 - Centro, Caxias - MA, 65600-560, Brasil",Caxias,-4.8550888,-43.3535627,"{""Salão de Beleza""}",https://www.google.com/maps/search/?api=1&query=Espa%C3%A7o%20Da%20Beleza%20Branca%20Cabelos&query_place_id=ChIJyXSNHYqRjgcRKgev4laUBy8,prospect
Espaço Divas Esmalteria e Estética,5599981573543,"R. Saturnino Belo, 724 - Centro, Caxias - MA, 65602-310, Brasil",Caxias,-4.8555343,-43.3584001,"{""Manicure - Esmalteria""}",https://www.google.com/maps/search/?api=1&query=Espa%C3%A7o%20Divas%20Esmalteria%20e%20Est%C3%A9tica&query_place_id=ChIJVenDv-GTjgcRdyq9ZGWLkCU,prospect
Andréia Sousa Estúdio,5599982786818,"Rua 23 Qb17 casa 16 Eugênio Coutinho rua 23 qb17, casa 16, Caxias - MA, 65604-589, Brasil",Caxias,-4.8263423,-43.3323511,"{""Salão de Beleza""}",https://www.google.com/maps/search/?api=1&query=Andr%C3%A9ia%20Sousa%20Est%C3%BAdio&query_place_id=ChIJ2-oOPauTjgcREF8-REdzzJo,prospect
Top bronze,5599988569244,"Avenida caxias quadra d2 casa 02 Estrada caxias quadra d2, casa 02 - Teso Duro, Caxias - MA, 65604-535, Brasil",Caxias,-4.8358896,-43.3426001,"{""Clínica de Estética""}",https://www.google.com/maps/search/?api=1&query=Top%20bronze&query_place_id=ChIJG_MJZHWRjgcRFx9f3aXxQ40,prospect
Studio AR Beauty Caxias,5599984151376,"Av. Central, 1820 - Centro, Caxias - MA, 65600-160, Brasil",Caxias,-4.856376,-43.354828,"{""Salão de Beleza""}",https://www.google.com/maps/search/?api=1&query=Studio%20AR%20Beauty%20Caxias&query_place_id=ChIJOZrIzpuTjgcRn55vECv5P0c,prospect
KSSIA Fernandes Beleza & Estetica,559935212364,"R. das Flôres, 935 - Seriema, Caxias - MA, 65602-560, Brasil",Caxias,-4.8475813,-43.3603322,"{""Clínica de Estética""}",https://www.google.com/maps/search/?api=1&query=KSSIA%20Fernandes%20Beleza%20%26%20Estetica&query_place_id=ChIJI-3bxlyRjgcRWdQDNVztyz8,prospect
Salão Lima fashion,,"Av. Santos Dumont, 55 - Centro, Caxias - MA, 65602-235, Brasil",Caxias,-4.8566562,-43.3590381,"{""Salão de Beleza""}",https://www.google.com/maps/search/?api=1&query=Sal%C3%A3o%20Lima%20fashion&query_place_id=ChIJZVRoVAWRjgcR3FeED02-bPQ,prospect
Dalva Siqueira studio de beleza,5599981986070,"R. Rio Branco, 326 - Centro, Caxias - MA, 65602-080, Brasil",Caxias,-4.8587299,-43.3599081,"{""Salão de Beleza""}",https://www.google.com/maps/search/?api=1&query=Dalva%20Siqueira%20studio%20de%20beleza&query_place_id=ChIJ_ep4v_yTjgcRqd_v1A-DE1s,prospect
Fabiane karine Studio de Beleza,5599985023475,"Av. Castelo Branco, 1215 - Castelo Branco, Caxias - MA, 65604-170, Brasil",Caxias,-4.8617893,-43.3466909,"{""Salão de Beleza""}",https://www.google.com/maps/search/?api=1&query=Fabiane%20karine%20Studio%20de%20Beleza&query_place_id=ChIJyezmAi-TjgcRjcasPgd9Th0,prospect
Studio de Beleza Marquinhos,5599981688759,"R. Treze de Maio, 374 - Centro, Caxias - MA, 65606-180, Brasil",Caxias,-4.8660928,-43.360577,"{""Salão de Beleza""}",https://www.google.com/maps/search/?api=1&query=Studio%20de%20Beleza%20Marquinhos&query_place_id=ChIJU1XYhxCTjgcRM-c5fTIiS_A,prospect
Studio Luiza Santos,5599981336991,"R. da Independência, 1121 - Centro, Caxias - MA, 65602-210, Brasil",Caxias,-4.8577024,-43.360846,"{""Salão de Beleza""}",https://www.google.com/maps/search/?api=1&query=Studio%20Luiza%20Santos&query_place_id=ChIJP-5SfHGTjgcRlI5uoOYNVrQ,prospect
Stúdio De Beleza Odália Sousa,55988328183,"R. Rio Branco - Centro, Caxias - MA, 65602-060, Brasil",Caxias,-4.8579239,-43.359607,"{""Salão de Beleza""}",https://www.google.com/maps/search/?api=1&query=St%C3%BAdio%20De%20Beleza%20Od%C3%A1lia%20Sousa&query_place_id=ChIJIeM0kyiSjgcRN0wAYcWs3FU,prospect
STUDIO PATRÍCIA ALVES,,"R. Saturnino Belo, 2008 - Matadouro Velho, Caxias - MA, 65602-130, Brasil",Caxias,-4.854915,-43.3567244,"{""Salão de Beleza""}",https://www.google.com/maps/search/?api=1&query=STUDIO%20PATR%C3%8DCIA%20ALVES&query_place_id=ChIJHz6Dqv2RjgcR9Y2ubpkyuSk,prospect
Studio Sempre Bela,,"R. Abel Antunes, 882 - Centro, Caxias - MA, 65600-130, Brasil",Caxias,-4.8591524,-43.3543331,"{""Salão de Beleza""}",https://www.google.com/maps/search/?api=1&query=Studio%20Sempre%20Bela&query_place_id=ChIJaaKlAgCTjgcRruzQVDQ5or8,prospect
Studio Loren Borges,,"R. da Fazenda, 29 - Alto do Ipem, Caxias - MA, 65603-310, Brasil",Caxias,-4.8441023,-43.3514395,"{""Salão de Beleza""}",https://www.google.com/maps/search/?api=1&query=Studio%20Loren%20Borges&query_place_id=ChIJW9TnlfORjgcRoPKJlR0OkPw,prospect
Nayara Tamisia Studio da Beleza Femenina,5599984454009,"Rua Sesóstre Pereira, 2084 - Seriema, Caxias - MA, 65602-350, Brasil",Caxias,-4.8506228,-43.3576104,"{""Salão de Beleza""}",https://www.google.com/maps/search/?api=1&query=Nayara%20Tamisia%20Studio%20da%20Beleza%20Femenina&query_place_id=ChIJX09gwO6RjgcRgmzxojx1EMs,prospect
Studio Jaine Tayana,5599988064842,"R. Bela Vista - Castelo Branco, Caxias - MA, 65604-160, Brasil",Caxias,-4.8617559,-43.3493754,"{""Salão de Beleza""}",https://www.google.com/maps/search/?api=1&query=Studio%20Jaine%20Tayana&query_place_id=ChIJddFQ-06TjgcRSzTAPkqOU78,prospect
Labelle studio hair caxias ma,5599988041516,"Av. Santos Dumont - Seriema, Caxias - MA, 65602-310, Brasil",Caxias,-4.8499458,-43.3562412,"{""Salão de Beleza""}",https://www.google.com/maps/search/?api=1&query=Labelle%20studio%20hair%20caxias%20ma&query_place_id=ChIJI29kmaiRjgcR1BlKB3zGv64,prospect
Studio Erika Gonçalves,,"Povoado Passagem Da Ema, Caxias - MA, 65600-010, Brasil",Caxias,-5.0823889,-43.5079881,"{""Salão de Beleza""}",https://www.google.com/maps/search/?api=1&query=Studio%20Erika%20Gon%C3%A7alves&query_place_id=ChIJ2QHi-L3djgcR4ctI6QRvjV4,prospect
Flávia Fonseca Beauty,5599985359436,"R. do Mangueirão, N° 684 - Vila Alecrim, Caxias - MA, 65605-670, Brasil",Caxias,-4.8714363,-43.3546857,"{""Salão de Beleza""}",https://www.google.com/maps/search/?api=1&query=Fl%C3%A1via%20Fonseca%20Beauty&query_place_id=ChIJVX_Wsj2TjgcR_lNzPcaHcMM,prospect
Cabeleireiros Visual,5599988169200,"R. Segisnando Moura, 756 - Ponte, Caxias - MA, 65609-360, Brasil",Caxias,-4.8791966,-43.3623312,"{""Salão de Beleza""}",https://www.google.com/maps/search/?api=1&query=Cabeleireiros%20Visual&query_place_id=ChIJ798h_hWTjgcRN5jK66Qi_ms,prospect
Rakel studio hair,5599981573886,"Av. Benjamin Constant, 2347A - Nova Caxias, Caxias - MA, 65604-260, Brasil",Caxias,-4.8667961,-43.337172,"{""Salão de Beleza""}",https://www.google.com/maps/search/?api=1&query=Rakel%20studio%20hair&query_place_id=ChIJ4R6tnuGTjgcR5B8_Ze70Scs,prospect
Studio Franciane Velozo,5599981301558,"Rua das Cajazeiras - R. Alto da Cruz, 3260 - Nova Caxias, Caxias - MA, 65604-337, Brasil",Caxias,-4.8737867,-43.3402158,"{""Salão de Beleza""}",https://www.google.com/maps/search/?api=1&query=Studio%20Franciane%20Velozo&query_place_id=ChIJ82VyvpeTjgcRWVVbL2ynJrA,prospect
Barbearia Denilson Cabelos,5599984045994,"Tv. Sao Jose Quarta, 2446 Trizidela - Campo de Belem, Caxias - MA, 65607-440, Brasil",Caxias,-4.8720865,-43.3738598,"{""Barbearia""}",https://www.google.com/maps/search/?api=1&query=Barbearia%20Denilson%20Cabelos&query_place_id=ChIJvxoXQ0yTjgcR_wprrOFhAMM,prospect
Fran Studio,,"Rua Avenida, Av. Benjamin Constant, Caxias - MA, Brasil",Caxias,-4.8671612,-43.3350942,"{""Salão de Beleza""}",https://www.google.com/maps/search/?api=1&query=Fran%20Studio&query_place_id=ChIJQSmVKcqTjgcRF5NvAoIv0OE,prospect
Studio Aldemara Cris,5599988315032,"R. Quatro, Qd 25 - Casa 12 - COHAB, Caxias - MA, 65604-605, Brasil",Caxias,-4.869919,-43.3418189,"{""Salão de Beleza""}",https://www.google.com/maps/search/?api=1&query=Studio%20Aldemara%20Cris&query_place_id=ChIJRSyOZByTjgcRLobF83dnxE4,prospect
Brendo Henrique,5599996461826,"R. Santa Rita, 452 - Bairro - Refinaria, Caxias - MA, 65600-380, Brasil",Caxias,-4.8575576,-43.347093,"{""Salão de Beleza""}",https://www.google.com/maps/search/?api=1&query=Brendo%20Henrique&query_place_id=ChIJ8Z4FkoeTjgcR7MVcTsQsi4E,prospect
Bia Cabelos marques,5599984312824,"Tv. Cristina Gonçalves, 2293 - Volta Redonda, Caxias - MA, 65606-370, Brasil",Caxias,-4.8854779,-43.3520348,"{""Salão de Beleza""}",https://www.google.com/maps/search/?api=1&query=Bia%20Cabelos%20marques&query_place_id=ChIJBUnDUn2TjgcR6fhEUxnVi_Y,prospect
Studio Dailma Medeiros,,"Conjunto Hab., Caxias - MA, Brasil",Caxias,-4.8979178,-43.3246815,"{""Salão de Beleza""}",https://www.google.com/maps/search/?api=1&query=Studio%20Dailma%20Medeiros&query_place_id=ChIJo4LTIACNjgcR6HyUcy2Z2W0,prospect
Salão da Francisca W.F.A,5599996515095,"Rua paraíso Quadra: E9 Casa: 09 Residencial Paraíso, Caxias - MA, 65600-010, Brasil",Caxias,-4.8925813,-43.3165061,"{""Salão de Beleza""}",https://www.google.com/maps/search/?api=1&query=Sal%C3%A3o%20da%20Francisca%20W.F.A&query_place_id=ChIJ3UeY9hGNjgcRY7lwYE-s9Jo,prospect
Studio de beleza elizete,,"R. Gonçalves Dias, 41 - Vila Lobao, Caxias - MA, 65605-525, Brasil",Caxias,-4.8743248,-43.3479479,"{""Salão de Beleza""}",https://www.google.com/maps/search/?api=1&query=Studio%20de%20beleza%20elizete&query_place_id=ChIJ16b04S6TjgcR3i6KC-Ywx_0,prospect
Studio Rosana Costa,5599999546221,"R. do Cajueiro - Volta Redonda, Caxias - MA, 65606-390, Brasil",Caxias,-4.8822847,-43.3517661,"{""Salão de Beleza""}",https://www.google.com/maps/search/?api=1&query=Studio%20Rosana%20Costa&query_place_id=ChIJXanC096TjgcRxFioz3ir9wA,prospect
"Salão unisex ""o zibida""",5599999039728,"R. Veneza, 22 - Veneza, Caxias - MA, 65606-887, Brasil",Caxias,-4.9117632,-43.3526293,"{""Salão de Beleza""}",https://www.google.com/maps/search/?api=1&query=Sal%C3%A3o%20unisex%20%22o%20zibida%22&query_place_id=ChIJp3lK83CTjgcR-YvChMv_iSw,prospect
Studio Geyza Gyzelly,5599985416720,"R. Natal, 814 - João Viana, Caxias - MA, 65605-040, Brasil",Caxias,-4.8643826,-43.3332958,"{""Salão de Beleza""}",https://www.google.com/maps/search/?api=1&query=Studio%20Geyza%20Gyzelly&query_place_id=ChIJeSFI8kWTjgcR-p-2OFVnLRA,prospect
Salão Retrato da Beleza,5599988219212,"R. 14, 15 - COHAB, Caxias - MA, 65604-669, Brasil",Caxias,-4.8702798,-43.3378389,"{""Salão de Beleza""}",https://www.google.com/maps/search/?api=1&query=Sal%C3%A3o%20Retrato%20da%20Beleza&query_place_id=ChIJ3wP365aTjgcRm3yTN8Qix0o,prospect
Estética Michele Melo,5599984961412,"MA-034, 223 - Itapecuruzinho, Caxias - MA, 65606-881, Brasil",Caxias,-4.9011763,-43.3532697,"{""Clínica de Estética""}",https://www.google.com/maps/search/?api=1&query=Est%C3%A9tica%20Michele%20Melo&query_place_id=ChIJqzh8-niTjgcRev5VoixfTkc,prospect
Beauty Express - estética e beleza,5599988198730,"R. Acrísio Cruz, 637 - Centro, Caxias - MA, 65602-250, Brasil",Caxias,-4.8581878,-43.3606715,"{""Clínica de Estética""}",https://www.google.com/maps/search/?api=1&query=Beauty%20Express%20-%20est%C3%A9tica%20e%20beleza&query_place_id=ChIJD5uyh5iTjgcR9lZDCgsdWZc,prospect
Espaco beleza e Perfumaria Adrielly,,"2VX6+8J, Caxias - MA, Brasil",Caxias,-4.9516905,-43.1384689,"{""Salão de Beleza""}",https://www.google.com/maps/search/?api=1&query=Espaco%20beleza%20e%20Perfumaria%20Adrielly&query_place_id=ChIJC6fTRQBfjgcRxrZuA7naRsA,prospect
Espaço Das Unhas,,"Caxias - MA, Brasil",Caxias,-4.9115143,-43.3527066,"{""Manicure - Esmalteria""}",https://www.google.com/maps/search/?api=1&query=Espa%C3%A7o%20Das%20Unhas&query_place_id=ChIJrYnUuMiSjgcRCXIhkh4Kjw4,prospect
NAY SOUSA ESPAÇO DA BELEZA,,"R. Aarão Réis, 672 - Centro, Caxias - MA, 65606-020, Brasil",Caxias,-4.8639759,-43.3607499,"{""Salão de Beleza""}",https://www.google.com/maps/search/?api=1&query=NAY%20SOUSA%20ESPA%C3%87O%20DA%20BELEZA&query_place_id=ChIJ0xNmNTCSjgcR7MksyI8SYls,prospect
Espaço Julianny Priscyla Nail Designer,5599981498100,"Av. Alvorada, 555 - Mutirão, Caxias - MA, 65604-890, Brasil",Caxias,-4.8659139,-43.3361125,"{""Manicure - Esmalteria""}",https://www.google.com/maps/search/?api=1&query=Espa%C3%A7o%20Julianny%20Priscyla%20Nail%20Designer&query_place_id=ChIJhZi3HEWTjgcRtDK4rWhrDzA,prospect
ESPAÇO BEAUTY LINDA LUCIANA,5599991323980,"Tv. Nossa Sra. de Fátima, 133 - Centro, Caxias - MA, 65602-680, Brasil",Caxias,-4.8551582,-43.3545537,"{""Salão de Beleza""}",https://www.google.com/maps/search/?api=1&query=ESPA%C3%87O%20BEAUTY%20LINDA%20LUCIANA&query_place_id=ChIJfVhI3a-RjgcRua4YKPYOYww,prospect
Espaço Laís,5599981598613,"Rua Moisés - Cangalheiro, Caxias - MA, 65686-025, Brasil",Caxias,-4.8653802,-43.3587107,"{""Salão de Beleza""}",https://www.google.com/maps/search/?api=1&query=Espa%C3%A7o%20La%C3%ADs&query_place_id=ChIJ0e_4_3GTjgcRoGeIqh8FrRY,prospect
Studio G depilação feminina,5599982028051,"R. Riachuelo, 358 - Centro, Caxias - MA, 65606-620, Brasil",Caxias,-4.8641049,-43.3613436,"{""Depilação""}",https://www.google.com/maps/search/?api=1&query=Studio%20G%20depila%C3%A7%C3%A3o%20feminina&query_place_id=ChIJ-birYe6TjgcRMxB2-H26wIM,prospect
Depilação Caxias-Ma Dayane,,"R. José Sarney, 1006 - Campo de Belem, Caxias - MA, 65609-200, Brasil",Caxias,-4.8780654,-43.3708665,"{""Depilação""}",https://www.google.com/maps/search/?api=1&query=Depila%C3%A7%C3%A3o%20Caxias-Ma%20Dayane&query_place_id=ChIJWxpfAhuTjgcRRlJVRev7VxQ,prospect
SalãoPaulasantos,5599981659480,"Avenida volta redonda Numero1753 - Volta Redonda, Caxias - MA, 65606-520, Brasil",Caxias,-4.8806706,-43.3456923,"{""Salão de Beleza""}",https://www.google.com/maps/search/?api=1&query=Sal%C3%A3oPaulasantos&query_place_id=ChIJHdwQeLWTjgcRyjl9CsB3QYc,prospect
Espaço Daiana Martini,,"Tv. Aniceto Cruz, 785 - Ponte, Caxias - MA, 65607-570, Brasil",Caxias,-4.8711256,-43.367885,"{""Salão de Beleza""}",https://www.google.com/maps/search/?api=1&query=Espa%C3%A7o%20Daiana%20Martini&query_place_id=ChIJgb5NtEqSjgcRxr7qZ_ttMI8,prospect
Cílios | Design de Sobrancelhas | Micropigmentação de Sobrancelhas e Lábios|Cursos em Caxias- MA | Studio Ingrid Camila,5599991022780,"Rua da Felicidade, 5 - Vila Vitória, Caxias - MA, 65600-730, Brasil",Caxias,-4.8700436,-43.3532772,"{""Sobrancelhas e Cílios""}",https://www.google.com/maps/search/?api=1&query=C%C3%ADlios%20%7C%20Design%20de%20Sobrancelhas%20%7C%20Micropigmenta%C3%A7%C3%A3o%20de%20Sobrancelhas%20e%20L%C3%A1bios%7CCursos%20em%20Caxias-%20MA%20%7C%20Studio%20Ingrid%20Camila&query_place_id=ChIJBbCC-qOTjgcR05sNHQU6FM8,prospect
Studio Karolaine Lima,5599991878500,"R. do Alecrim, 327 - Centro, Caxias - MA, 65606-630, Brasil",Caxias,-4.8664925,-43.3595774,"{""Salão de Beleza""}",https://www.google.com/maps/search/?api=1&query=Studio%20Karolaine%20Lima&query_place_id=ChIJt_9qFI2TjgcRarVlv2MoDto,prospect
Janaina Machado Espaço Terapêutico,5599981189287,"R. do Angelim, 261 - Cangalheiro, Caxias - MA, 65600-065, Brasil",Caxias,-4.8680305,-43.3587635,"{""Clínica de Estética""}",https://www.google.com/maps/search/?api=1&query=Janaina%20Machado%20Espa%C3%A7o%20Terap%C3%AAutico&query_place_id=ChIJFdnxMDKSjgcRPJ8inMzUZzE,prospect
Sant'Ana Sobrancelhas,5599988570444,"R. Sr. Bonfim, 1638 - Castelo Branco, Caxias - MA, 65600-290, Brasil",Caxias,-4.8614114,-43.3525924,"{""Sobrancelhas e Cílios""}",https://www.google.com/maps/search/?api=1&query=Sant'Ana%20Sobrancelhas&query_place_id=ChIJ0yBwwriTjgcRNT6iUiNHQQM,prospect
Bella Sublime Sobrancelhas /Cílios /Micropigmentação,5599984471393,"Tv. Aniceto Cruz, 796 - C - Campo de Belem, Caxias - MA, 65600-010, Brasil",Caxias,-4.870873,-43.3680714,"{""Sobrancelhas e Cílios""}",https://www.google.com/maps/search/?api=1&query=Bella%20Sublime%20Sobrancelhas%20%2FC%C3%ADlios%20%2FMicropigmenta%C3%A7%C3%A3o&query_place_id=ChIJu-VgTlKTjgcRtYbIlzt4MmY,prospect
Salão Essência da Mulher,5599982108779,"Vila Alto do Sossego, Trezidela - Tamarineiro, Caxias - MA, 65608-290, Brasil",Caxias,-4.8614098,-43.3775671,"{""Salão de Beleza""}",https://www.google.com/maps/search/?api=1&query=Sal%C3%A3o%20Ess%C3%AAncia%20da%20Mulher&query_place_id=ChIJs0-CR3qTjgcREUbcvMutyqU,prospect
Studio Daisy Fonseca,5598988946096,"BR 316, Posto Full - Loja 02 - Nova Caxias, Caxias - MA, 65600-010, Brasil",Caxias,-4.882849,-43.3444747,"{""Salão de Beleza""}",https://www.google.com/maps/search/?api=1&query=Studio%20Daisy%20Fonseca&query_place_id=ChIJY8xxQOGTjgcROs2x1FBvgKw,prospect
Studio Aline Antunes,5599984314713,"R. São José, 1022 - Trizidela, Caxias - MA, 65607-440, Brasil",Caxias,-4.87132,-43.3734679,"{""Salão de Beleza""}",https://www.google.com/maps/search/?api=1&query=Studio%20Aline%20Antunes&query_place_id=ChIJZ7cu4miTjgcRb3D7c6btn-U,prospect
Saphynailart.ofc,,"Vila Alto do Sossego, 845 - Trizidela, Caxias - MA, 65608-290, Brasil",Caxias,-4.8614194,-43.3778987,"{""Manicure - Esmalteria""}",https://www.google.com/maps/search/?api=1&query=Saphynailart.ofc&query_place_id=ChIJdUiAKQCTjgcRpEdAm1uaHoA,prospect
Studio Cris,5599988526428,"Em frente a Arena VK - R. Edison Lobao, 334 - Mutirão, Caxias - MA, 65604-885, Brasil",Caxias,-4.864343,-43.3354899,"{""Salão de Beleza""}",https://www.google.com/maps/search/?api=1&query=Studio%20Cris&query_place_id=ChIJtQSZNXqTjgcRSn3BShsJUqg,prospect
Salão T&G Cabelos 2,,"R. da Coheb, 678 - Vila Alecrim, Caxias - MA, 65606-730, Brasil",Caxias,-4.8715503,-43.3498326,"{""Salão de Beleza""}",https://www.google.com/maps/search/?api=1&query=Sal%C3%A3o%20T%26G%20Cabelos%202&query_place_id=ChIJiV9OBgCTjgcRQdMjkdML1FM,prospect
Letícia Medeiros Beauty,5599984339152,"R. Pres. Dutra, 16A - Res. Helio Queiroz, Caxias - MA, 65605-310, Brasil",Caxias,-4.8739634,-43.3447979,"{""Salão de Beleza""}",https://www.google.com/maps/search/?api=1&query=Let%C3%ADcia%20Medeiros%20Beauty&query_place_id=ChIJZ5BSbP2TjgcRkIQnoqJZRwg,prospect
Salão de Beleza Toque Feminino,5599996471839,"AVENIDA BENJAMIN CONSTANT, 01 A CONJ COHAB - Nova Caxias, Caxias - MA, 65604-685, Brasil",Caxias,-4.8663005,-43.3449043,"{""Salão de Beleza""}",https://www.google.com/maps/search/?api=1&query=Sal%C3%A3o%20de%20Beleza%20Toque%20Feminino&query_place_id=ChIJuaVyaASTjgcRf-pEyKnSr6k,prospect
Studio Thays Filletti,5599991501281,"R. Seis, qd 20 - Casa 42 - Pampulha, Caxias - MA, 65606-869, Brasil",Caxias,-4.89066,-43.3486128,"{""Salão de Beleza""}",https://www.google.com/maps/search/?api=1&query=Studio%20Thays%20Filletti&query_place_id=ChIJK8MVFoGTjgcRBJbiryiEhOA,prospect
STUDIO WINICIUS AQUINO,,"R. do Sanharó - Pirajá, Caxias - MA, 65608-410, Brasil",Caxias,-4.8653868,-43.3756834,"{""Salão de Beleza""}",https://www.google.com/maps/search/?api=1&query=STUDIO%20WINICIUS%20AQUINO&query_place_id=ChIJGxSKRjmTjgcRJjl0PFKjgLQ,prospect
Charlene Cabelos,5599982586100,"R. Chapadinha - Vila Lobao, Caxias - MA, 65605-587, Brasil",Caxias,-4.8754914,-43.3491294,"{""Salão de Beleza""}",https://www.google.com/maps/search/?api=1&query=Charlene%20Cabelos&query_place_id=ChIJcz1E-UGSjgcR6YIL0nrIKL8,prospect
Ana Almada Studio,5599981122459,"Av. Volta Redonda, 1120 - Volta Redonda, Caxias - MA, 65606-730, Brasil",Caxias,-4.8817933,-43.3525656,"{""Salão de Beleza""}",https://www.google.com/maps/search/?api=1&query=Ana%20Almada%20Studio&query_place_id=ChIJC2yzVGWTjgcRIc00dRoYSKY,prospect
Mirtes Cabelereira,5599981688950,"COHAB - Rua 5, QUADRA 3, N° 01 - Nova Caxias, Caxias - MA, 65604-650, Brasil",Caxias,-4.8664546,-43.3406732,"{""Salão de Beleza""}",https://www.google.com/maps/search/?api=1&query=Mirtes%20Cabelereira&query_place_id=ChIJjdgghIeTjgcRl6H7U00tVgQ,prospect
Cantinho da beleza,5599981577844,"2A Travessa São José - Trizidela, Caxias - MA, 65607-460, Brasil",Caxias,-4.8690503,-43.3731525,"{""Salão de Beleza""}",https://www.google.com/maps/search/?api=1&query=Cantinho%20da%20beleza&query_place_id=ChIJX5S8J3OTjgcRE2qwQFxuBxc,prospect
Ana Célia Cabelos,,"R. Padre Gerosa, 1022 - Centro, Caxias - MA, 65602-080, Brasil",Caxias,-4.8585559,-43.3582204,"{""Salão de Beleza""}",https://www.google.com/maps/search/?api=1&query=Ana%20C%C3%A9lia%20Cabelos&query_place_id=ChIJTYDzHiaSjgcRlGkMle-0Ku0,prospect
Depile-se e Showbrancelhas Caxias-MA,,"R. Afonso Pena, 522 - Centro, Caxias - MA, 65600-060, Brasil",Caxias,-4.8606974,-43.3596998,"{""Sobrancelhas e Cílios""}",https://www.google.com/maps/search/?api=1&query=Depile-se%20e%20Showbrancelhas%20Caxias-MA&query_place_id=ChIJ3ThG5CqTjgcR9ANeBncB3Es,prospect
Poderosa cabelos e estética,5599991109546,"R. Pedreiras, n° 1126 - Vila Lobao, Caxias - MA, 65605-550, Brasil",Caxias,-4.8777289,-43.3456963,"{""Clínica de Estética""}",https://www.google.com/maps/search/?api=1&query=Poderosa%20cabelos%20e%20est%C3%A9tica&query_place_id=ChIJ9UXtF-CTjgcRdfSCYiQMpyY,prospect
Marciele Cabelos,5599982346599,"Caldeirões Pirajá, Caxias - MA, Brasil",Caxias,-4.875083,-43.3890681,"{""Salão de Beleza""}",https://www.google.com/maps/search/?api=1&query=Marciele%20Cabelos&query_place_id=ChIJXcjrHyCTjgcRbNy_fXMkBzY,prospect
Regina Cabelos,5599982567752,"R. Seis, quadra 09 - casa 12 - Pampulha, Caxias - MA, 65606-869, Brasil",Caxias,-4.8908319,-43.3507174,"{""Salão de Beleza""}",https://www.google.com/maps/search/?api=1&query=Regina%20Cabelos&query_place_id=ChIJp0D_hPSSjgcRTJEK3TaGinM,prospect
Gleice Lima Studio De Beleza,,"Av. Central - Centro, Caxias - MA, 65600-160, Brasil",Caxias,-4.8569669,-43.3532503,"{""Salão de Beleza""}",https://www.google.com/maps/search/?api=1&query=Gleice%20Lima%20Studio%20De%20Beleza&query_place_id=ChIJ1dlrySCSjgcRwtJI43goXcI,prospect
Elis Amanda Studio,,"R. Sen. Clodomir Cardoso, 1704 - Cangalheiro, Caxias - MA, 65606-690, Brasil",Caxias,-4.8756179,-43.3573718,"{""Salão de Beleza""}",https://www.google.com/maps/search/?api=1&query=Elis%20Amanda%20Studio&query_place_id=ChIJ45JZrM6TjgcRV8OsfJEPqbE,prospect
Salão O André,5599988313980,"R. da Independência, 1201-1249 - Centro, Caxias - MA, 65602-210, Brasil",Caxias,-4.8575953,-43.3601369,"{""Salão de Beleza""}",https://www.google.com/maps/search/?api=1&query=Sal%C3%A3o%20O%20Andr%C3%A9&query_place_id=ChIJByD_8iiSjgcRS29tuajmr5E,prospect
VS design de sobrancelhas,5599988522954,"R. São José, 2076 - Trizidela, Caxias - MA, 65607-440, Brasil",Caxias,-4.8683243,-43.3719072,"{""Sobrancelhas e Cílios""}",https://www.google.com/maps/search/?api=1&query=VS%20design%20de%20sobrancelhas&query_place_id=ChIJuXLXNcqTjgcRAzOjpRGinOM,prospect
Salão SOS HAIR,5599984280275,"2, Tv. São José, 90 - Trizidela, Caxias - MA, 65607-460, Brasil",Caxias,-4.8671681,-43.3721519,"{""Salão de Beleza""}",https://www.google.com/maps/search/?api=1&query=Sal%C3%A3o%20SOS%20HAIR&query_place_id=ChIJWd478WKTjgcRdQ38e_ucbbM,prospect
cielly beauty hair,5599985502360,"R. 24 de Junho, QDA-C5 casa 9 - Conjunto Hab., Caxias - MA, 65606-820, Brasil",Caxias,-4.8904203,-43.3266975,"{""Salão de Beleza""}",https://www.google.com/maps/search/?api=1&query=cielly%20beauty%20hair&query_place_id=ChIJO7HNOSWNjgcRwFXLloa3IhY,prospect
Studio Eulália Sabrine,5599981441473,"R. do Matadouro - Ponte, Caxias - MA, 65607-610, Brasil",Caxias,-4.8696205,-43.3690868,"{""Salão de Beleza""}",https://www.google.com/maps/search/?api=1&query=Studio%20Eul%C3%A1lia%20Sabrine&query_place_id=ChIJJz45_syTjgcRKAGqf6p19oY,prospect
Salao Belos Fios,55982348724,"Piquizeiro, Caxias - MA, 65600-170, Brasil",Caxias,-4.856368,-43.3494809,"{""Salão de Beleza""}",https://www.google.com/maps/search/?api=1&query=Salao%20Belos%20Fios&query_place_id=ChIJdU_DDiCSjgcRDC7ESBZrj38,prospect
Salon Retro,5599991686550,"R. Lorêto, 1497 - Dinir Silva, Caxias - MA, 65605-315, Brasil",Caxias,-4.877207,-43.342986,"{""Salão de Beleza""}",https://www.google.com/maps/search/?api=1&query=Salon%20Retro&query_place_id=ChIJqVlZ0R6TjgcRBJx5YkWlBRE,prospect
Salão Vera Fashion,5599985007270,"Tv. Primeiro de Agosto - Ponte, Caxias - MA, 65609-347, Brasil",Caxias,-4.8744939,-43.3640256,"{""Salão de Beleza""}",https://www.google.com/maps/search/?api=1&query=Sal%C3%A3o%20Vera%20Fashion&query_place_id=ChIJiZOXrbWTjgcR7fyVfg0D5ZA,prospect
Boneca Studio,5599981217782,"R. São José, 2065 - Trizidela, Caxias - MA, 65607-440, Brasil",Caxias,-4.8683753,-43.3716298,"{""Salão de Beleza""}",https://www.google.com/maps/search/?api=1&query=Boneca%20Studio&query_place_id=ChIJv28lwg2TjgcRiB56E0ct36I,prospect
Studio de Beleza Josiele Andrade,5592995196359,"R. Costa Sobrinho, 1361 - Volta Redonda, Caxias - MA, 65606-510, Brasil",Caxias,-4.8848764,-43.3499639,"{""Clínica de Estética""}",https://www.google.com/maps/search/?api=1&query=Studio%20de%20Beleza%20Josiele%20Andrade&query_place_id=ChIJy-glUEmTjgcRG1izNuAEYQw,prospect
Tm Beauty Studio,,"Av. Édson Lobão, 1704 - Volta Redonda, Caxias - MA, 65606-690, Brasil",Caxias,-4.8755996,-43.3573529,"{""Salão de Beleza""}",https://www.google.com/maps/search/?api=1&query=Tm%20Beauty%20Studio&query_place_id=ChIJ38FC6EWSjgcRhF-IbvYLpEY,prospect
Studio Jhessyka Mattos,,"R. Nova, 1125 - Itapecuruzinho, Caxias - MA, 65605-130, Brasil",Caxias,-4.8929996,-43.3557817,"{""Salão de Beleza""}",https://www.google.com/maps/search/?api=1&query=Studio%20Jhessyka%20Mattos&query_place_id=ChIJCf9rOY2TjgcRuKqBBkYlhE0,prospect
Studio Maiane Moura,5599988011887,"Av. Doutor Walter Brito, 1311 - Campo de Belem, Caxias - MA, 65609-070, Brasil",Caxias,-4.8747643,-43.3735652,"{""Salão de Beleza""}",https://www.google.com/maps/search/?api=1&query=Studio%20Maiane%20Moura&query_place_id=ChIJr5TUDAeTjgcR8DDJlx_wNB0,prospect
Tamires Almada Centro Estético,5599991245711,"R. do Sol, 1013 - Cangalheiro, Caxias - MA, 65606-320, Brasil",Caxias,-4.8762589,-43.3547967,"{""Clínica de Estética""}",https://www.google.com/maps/search/?api=1&query=Tamires%20Almada%20Centro%20Est%C3%A9tico&query_place_id=ChIJEYFCALKTjgcRaLe0RIhQpNY,prospect
Edith Cabelos,5599988071364,"Tv. Padre Gerosa - Centro, Caxias - MA, 65602-100, Brasil",Caxias,-4.8588017,-43.3587813,"{""Salão de Beleza""}",https://www.google.com/maps/search/?api=1&query=Edith%20Cabelos&query_place_id=ChIJ0QyaiXOTjgcR0tlGE6y0Rko,prospect
Studio Thays Maira,5599999340212,"Av. Central - Centro, Caxias - MA, 65600-175, Brasil",Caxias,-4.8573147,-43.3522055,"{""Salão de Beleza""}",https://www.google.com/maps/search/?api=1&query=Studio%20Thays%20Maira&query_place_id=ChIJSaIABySTjgcRbrcbcJLr40Q,prospect
Santa Cor esmalteria,5599991517042,"Av. Central, 1858 - Lj 06 - Centro, Caxias - MA, 65600-160, Brasil",Caxias,-4.8565122,-43.3543387,"{""Manicure - Esmalteria""}",https://www.google.com/maps/search/?api=1&query=Santa%20Cor%20esmalteria&query_place_id=ChIJxxgeRmeSjgcROE4pu66mWdY,prospect
Lima Cabelos,,"R. Itapeçuru, 162-188 - Centro, Caxias - MA, 65609-345, Brasil",Caxias,-4.8662493,-43.3650416,"{""Salão de Beleza""}",https://www.google.com/maps/search/?api=1&query=Lima%20Cabelos&query_place_id=ChIJjRSsf4eTjgcRsSlGaJR42iA,prospect
Alice Sobrancelhas,5599984937714,"R. Parnarama, 1407 - Vila Lobao, Caxias - MA, 65605-501, Brasil",Caxias,-4.8775395,-43.346319,"{""Sobrancelhas e Cílios""}",https://www.google.com/maps/search/?api=1&query=Alice%20Sobrancelhas&query_place_id=ChIJDxdQUJOTjgcRT8CLazTAFHo,prospect
Segunda Pele Cx - Depilação Com Cera Caxias - MA,5599988137400,"Próximo ao Bar e Restaurante Selva do Braz - R. Santa Maria, 1742A - Centro, Caxias - MA, 65602-840, Brasil",Caxias,-4.8583554,-43.3516073,"{""Depilação""}",https://www.google.com/maps/search/?api=1&query=Segunda%20Pele%20Cx%20-%20Depila%C3%A7%C3%A3o%20Com%20Cera%20Caxias%20-%20MA&query_place_id=ChIJxW_ZXQCTjgcRd1yjd0pqgNc,prospect
Elane esmalteria,5599988261370,"R. Abel Antunes, 439 - Centro, Caxias - MA, 65602-160, Brasil",Caxias,-4.8555743,-43.3558835,"{""Manicure - Esmalteria""}",https://www.google.com/maps/search/?api=1&query=Elane%20esmalteria&query_place_id=ChIJOdZ2sP6TjgcR7KId0ovSaAA,prospect
Bruna Cabelos,,"R. João de Deus Moreira Ramos, 475 - Centro, Caxias - MA, 65602-140, Brasil",Caxias,-4.8579874,-43.3564285,"{""Salão de Beleza""}",https://www.google.com/maps/search/?api=1&query=Bruna%20Cabelos&query_place_id=ChIJESeEhzSTjgcRcT2mEATyt2M,prospect
Renata Oliveira STUDIO HAIR,,"Av. Central, 538 - Centro, Caxias - MA, 65600-160, Brasil",Caxias,-4.8576672,-43.3516893,"{""Salão de Beleza""}",https://www.google.com/maps/search/?api=1&query=Renata%20Oliveira%20STUDIO%20HAIR&query_place_id=ChIJBZSD_CCSjgcRmZgEuXuEkGg,prospect
Nyck’s,5599988361680,"R. São Pedro - Centro, Caxias - MA, 65600-370, Brasil",Caxias,-4.8625985,-43.3660867,"{""Salão de Beleza""}",https://www.google.com/maps/search/?api=1&query=Nyck%E2%80%99s&query_place_id=ChIJ9QSu5VyRjgcR99DoAKW4KFI,prospect
StudioLeticiaAndrade_cm,5586981448591,"R. Benedito Leite - Centro, Caxias - MA, 65604-020, Brasil",Caxias,-4.8623055,-43.3589096,"{""Clínica de Estética""}",https://www.google.com/maps/search/?api=1&query=StudioLeticiaAndrade_cm&query_place_id=ChIJ02wtAz-TjgcRl_RZa_zAOM8,prospect
R.V Beleza & Estética,,"R. Benedito Leite, 663 - Centro, Caxias - MA, 65604-020, Brasil",Caxias,-4.8627982,-43.3601652,"{""Clínica de Estética""}",https://www.google.com/maps/search/?api=1&query=R.V%20Beleza%20%26%20Est%C3%A9tica&query_place_id=ChIJv664bO6TjgcR3jXq5Coxs8M,prospect
Studio Delas,,"3A Travessa Aniceto Cruz - Ponte, Caxias - MA, 65607-580, Brasil",Caxias,-4.8690588,-43.3690128,"{""Salão de Beleza""}",https://www.google.com/maps/search/?api=1&query=Studio%20Delas&query_place_id=ChIJGXV-EACTjgcRKg1yt1wNAfY,prospect
Mércia Studio,5599981578782,"Tv. João da Costa Alecrim, 547 - Cangalheiro, Caxias - MA, 65606-200, Brasil",Caxias,-4.8670897,-43.3569291,"{""Salão de Beleza""}",https://www.google.com/maps/search/?api=1&query=M%C3%A9rcia%20Studio&query_place_id=ChIJ1we6yWaTjgcRh_beH8paF8A,prospect
Studio Da Nayh,5599981144597,"R. do Burro, 1762 - Castelo Branco, Caxias - MA, 65604-197, Brasil",Caxias,-4.863171,-43.3511307,"{""Salão de Beleza""}",https://www.google.com/maps/search/?api=1&query=Studio%20Da%20Nayh&query_place_id=ChIJmUMunIeTjgcREV29Y-IpeW4,prospect
Nicolle Torres Beauty,5599991025980,"R. Ernesto Geisel, 592 - Salobro, Caxias - MA, 65609-560, Brasil",Caxias,-4.8863342,-43.3669763,"{""Salão de Beleza""}",https://www.google.com/maps/search/?api=1&query=Nicolle%20Torres%20Beauty&query_place_id=ChIJc6qJ_fuTjgcRmEIgZQGadN8,prospect
Regina Coiffeur,5521974839379,"R. do Fio, 407 - Cangalheiro, Caxias - MA, 65606-250, Brasil",Caxias,-4.866759,-43.358757,"{""Salão de Beleza""}",https://www.google.com/maps/search/?api=1&query=Regina%20Coiffeur&query_place_id=ChIJe1uxIuOTjgcRwQYx7c2MmH8,prospect
Studio Silvana Pinho,5599982645666,"3A Travessa Benjamin Constant, 2132 - Nova Caxias, Caxias - MA, 65604-285, Brasil",Caxias,-4.8652426,-43.3458295,"{""Salão de Beleza""}",https://www.google.com/maps/search/?api=1&query=Studio%20Silvana%20Pinho&query_place_id=ChIJIbFESW-TjgcR7y-rtb7NTSM,prospect
Studio_raquel.santos,,"2, R. Bela Vista, 1172 - Bela Vista, Caxias - MA, 65605-227, Brasil",Caxias,-4.874135,-43.335975,"{""Salão de Beleza""}",https://www.google.com/maps/search/?api=1&query=Studio_raquel.santos&query_place_id=ChIJCxKZUbuTjgcRos20JMKhLII,prospect
Pâmila Italiano,5586995874737,"Av. Sen. Alexandre Costa, 2729 - Res. Helio Queiroz, Caxias - MA, 65605-300, Brasil",Caxias,-4.874873,-43.3453507,"{""Salão de Beleza""}",https://www.google.com/maps/search/?api=1&query=P%C3%A2mila%20Italiano&query_place_id=ChIJm9_oG8iTjgcRWyPVZUmYigA,prospect
Studio Sirley,,"R. Santa Maria, 1992 - Piquizeiro, Caxias - MA, 65602-840, Brasil",Caxias,-4.857294,-43.3498115,"{""Salão de Beleza""}",https://www.google.com/maps/search/?api=1&query=Studio%20Sirley&query_place_id=ChIJtxbUPiCSjgcRQma2fQMQVZg,prospect
Real Trance,5599985439028,"Rua Morro Alto da Santa 644 - Tamarineiro, Caxias - MA, 65608-580, Brasil",Caxias,-4.8584094,-43.3758661,"{""Salão de Beleza""}",https://www.google.com/maps/search/?api=1&query=Real%20Trance&query_place_id=ChIJBV9f2h6TjgcRCHngP7Euva8,prospect
Mônica cabelos,5599984998122,"Ponto 1, Caxias - MA, Brasil",Caxias,-4.9150936,-43.3873926,"{""Salão de Beleza""}",https://www.google.com/maps/search/?api=1&query=M%C3%B4nica%20cabelos&query_place_id=ChIJofoSJwCTjgcR8ZkCWNATFqs,prospect
Salão Loira Cabelos,5599985003773,"Av. Central - Mutirão, Caxias - MA, 65600-160, Brasil",Caxias,-4.8580593,-43.338279,"{""Salão de Beleza""}",https://www.google.com/maps/search/?api=1&query=Sal%C3%A3o%20Loira%20Cabelos&query_place_id=ChIJ1SMBanGTjgcRAcBPc6mg0yI,prospect
Studio Serena Soares,5599984354211,"R. Jerusalém, 793 - Campo de Belem, Caxias - MA, 65609-100, Brasil",Caxias,-4.8743792,-43.3695677,"{""Salão de Beleza""}",https://www.google.com/maps/search/?api=1&query=Studio%20Serena%20Soares&query_place_id=ChIJ9T7bvGOTjgcReJn5TEeF_nQ,prospect
Perfeição Bronze e Estética,5599981503830,"Av. 06, 21 - COHAB, Caxias - MA, 65604-650, Brasil",Caxias,-4.8677527,-43.3400555,"{""Clínica de Estética""}",https://www.google.com/maps/search/?api=1&query=Perfei%C3%A7%C3%A3o%20Bronze%20e%20Est%C3%A9tica&query_place_id=ChIJ0atoXQaTjgcRCTj6qrw5_LU,prospect
SALÃO SÃO LUIS,,"R. Santa Maria, 1608 - Castelo Branco, Caxias - MA, 65606-770, Brasil",Caxias,-4.8590461,-43.3527372,"{""Salão de Beleza""}",https://www.google.com/maps/search/?api=1&query=SAL%C3%83O%20S%C3%83O%20LUIS&query_place_id=ChIJPbcaRCGSjgcR7r98wYy34DQ,prospect
Riccas salão,5599981145911,"R. Cel. Libânio Lobo, N° 640 - Centro, Caxias - MA, 65600-010, Brasil",Caxias,-4.8611535,-43.3632015,"{""Salão de Beleza""}",https://www.google.com/maps/search/?api=1&query=Riccas%20sal%C3%A3o&query_place_id=ChIJhwOIEmeTjgcRHPTA8lPOPwU,prospect
"Gleice Epilação e Estética Caxias-Ma - Depilação, Massagem, Limpeza de Pele, Drenagem linfática",5599982789283,"R. Prof. Leôncio Magno, 1117 - Volta Redonda, Caxias - MA, 65606-410, Brasil",Caxias,-4.8826171,-43.3522194,"{""Depilação""}",https://www.google.com/maps/search/?api=1&query=Gleice%20Epila%C3%A7%C3%A3o%20e%20Est%C3%A9tica%20Caxias-Ma%20-%20Depila%C3%A7%C3%A3o%2C%20Massagem%2C%20Limpeza%20de%20Pele%2C%20Drenagem%20linf%C3%A1tica&query_place_id=ChIJEZNoCWWTjgcRppov0avJVIg,prospect
Studio Penteados,,"Tv. Cel. M. Gonçalves, 1218a - Centro, Caxias - MA, Brasil",Caxias,-4.8584986,-43.3589972,"{""Salão de Beleza""}",https://www.google.com/maps/search/?api=1&query=Studio%20Penteados&query_place_id=ChIJE_NcVwCTjgcRt2NPUgVM2T4,prospect
Depyl Design Studio,,"R. do Fio, n° 890 - Sl 3 - Cangalheiro, Caxias - MA, 65606-250, Brasil",Caxias,-4.870777,-43.3583459,"{""Salão de Beleza""}",https://www.google.com/maps/search/?api=1&query=Depyl%20Design%20Studio&query_place_id=ChIJNyQqLJuTjgcRsvlrCjP4kPg,prospect
Josué estética,5519991581238,"Quadra D2 casa 9 - Castelo Branco, Caxias - MA, 65600-000, Brasil",Caxias,-4.8596832,-43.3536025,"{""Clínica de Estética""}",https://www.google.com/maps/search/?api=1&query=Josu%C3%A9%20est%C3%A9tica&query_place_id=ChIJiSq7u2STjgcRe9naoa3xKls,prospect
Salão Belíssima,559935214162,"R. Cristino Cruz, 757 - Centro, Caxias - MA, 65604-030, Brasil",Caxias,-4.863224,-43.3594402,"{""Salão de Beleza""}",https://www.google.com/maps/search/?api=1&query=Sal%C3%A3o%20Bel%C3%ADssima&query_place_id=ChIJR9tmHjCSjgcRQ26cF3-fcGk,prospect
Rayh cabelos,5599981288153,"Povoado mulatas - Centro, Caxias - MA, 65606-060, Brasil",Caxias,-4.8650375,-43.3588348,"{""Salão de Beleza""}",https://www.google.com/maps/search/?api=1&query=Rayh%20cabelos&query_place_id=ChIJf3KBWkvtjgcRpEtufXeUs6c,prospect
Revitalize,5599981248919,"Rua, 13 - 5 Q D Casa - COHAB, Coroatá - MA, 65415-000, Brasil",Coroatá,-4.8715757,-43.3383763,"{""Clínica de Estética""}",https://www.google.com/maps/search/?api=1&query=Revitalize&query_place_id=ChIJb2VQcNCTjgcR9Rn1FGN9XFk,prospect
Unhas De Luxo,5599981899726,"Tv. Antônio Joaquim, 224 - Centro, Caxias - MA, 65606-080, Brasil",Caxias,-4.8640594,-43.3605167,"{""Manicure - Esmalteria""}",https://www.google.com/maps/search/?api=1&query=Unhas%20De%20Luxo&query_place_id=ChIJZ8-gZEOTjgcRTmJgLAVdKOU,prospect
Salão Escola Eduwirgens Cabelereiros,5599991013111,"R. Cel. Libânio Lobo, 772 - Centro, Caxias - MA, 65608-010, Brasil",Caxias,-4.8600491,-43.3627425,"{""Salão de Beleza""}",https://www.google.com/maps/search/?api=1&query=Sal%C3%A3o%20Escola%20Eduwirgens%20Cabelereiros&query_place_id=ChIJDZgeP6uTjgcRjYbvkbQmqmg,prospect
Loja Donna Maria,5599984020537,"Praça Rui Barbosa, 940 - Centro, Caxias - MA, 65600-040, Brasil",Caxias,-4.862375,-43.361648,"{""Salão de Beleza""}",https://www.google.com/maps/search/?api=1&query=Loja%20Donna%20Maria&query_place_id=ChIJMzk-MFyTjgcREq44opjeUsQ,prospect
K Dias,5599992289979,,Caxias,-4.8683163,-43.362507,"{""Salão de Beleza""}",https://www.google.com/maps/search/?api=1&query=K%20Dias&query_place_id=ChIJu20GbvCTjgcRyElm5Xfy6Rg,prospect
jacy_sousa,,"Tv. Quininha Píres, 492 - Centro, Caxias - MA, 65608-040, Brasil",Caxias,-4.8580791,-43.3626777,"{""Salão de Beleza""}",https://www.google.com/maps/search/?api=1&query=jacy_sousa&query_place_id=ChIJ45CwQimSjgcRSCShcV_Sqy4,prospect
Daniela Viana Estética & Pilates,5599988025910,"R. Gustavo Colaço, 276 - Centro, Caxias - MA, 65606-160, Brasil",Caxias,-4.8650511,-43.362368,"{""Clínica de Estética""}",https://www.google.com/maps/search/?api=1&query=Daniela%20Viana%20Est%C3%A9tica%20%26%20Pilates&query_place_id=ChIJG5XiwfeTjgcRrPKTX-6eAWI,prospect
Studio Kids,,"Praça Vespasiano Ramos número 488b, 65.600.000, Caxias - MA, Brasil",Caxias,-4.8606035,-43.3596317,"{""Salão de Beleza""}",https://www.google.com/maps/search/?api=1&query=Studio%20Kids&query_place_id=ChIJmdoNoseTjgcRgpbGODkNnnA,prospect
Travessa da Pedreira,,"R. Gustavo Colaço, 271 - Centro, Caxias - MA, 65606-160, Brasil",Caxias,-4.8649935,-43.3627072,"{""Salão de Beleza""}",https://www.google.com/maps/search/?api=1&query=Travessa%20da%20Pedreira&query_place_id=ChIJMf67MwCTjgcRP0PbNZEljkk,prospect
STUDIO BARBER,5599999531016,"R. da Faveira, 239 - Refinaria, Caxias - MA, 65600-170, Brasil",Caxias,-4.8553924,-43.3526552,"{""Barbearia""}",https://www.google.com/maps/search/?api=1&query=STUDIO%20BARBER&query_place_id=ChIJe0cLDoqRjgcRkzW7BgVX2YE,prospect
Katia Cury Massoterapia,5599991610404,"Av. General Sampaio, 14 - Morro do Alecrim, Caxias - MA, 65604-090, Brasil",Caxias,-4.8662518,-43.3556867,"{""Clínica de Estética""}",https://www.google.com/maps/search/?api=1&query=Katia%20Cury%20Massoterapia&query_place_id=ChIJ6eGze4WTjgcRyGSx0O66wno,prospect
JC BARBEARIA,,"R. Dr. Miron Pedreira, 652 - Centro, Caxias - MA, 65602-050, Brasil",Caxias,-4.8591797,-43.361699,"{""Barbearia""}",https://www.google.com/maps/search/?api=1&query=JC%20BARBEARIA&query_place_id=ChIJfcLGLCyTjgcRdBU7mbbFGsk,prospect
Dra. Tatiana Álamos,5599982509493,"R. Vinte e Quatro de Outubro, 275 - Centro, Caxias - MA, 65608-130, Brasil",Caxias,-4.8588349,-43.3636836,"{""Clínica de Estética""}",https://www.google.com/maps/search/?api=1&query=Dra.%20Tatiana%20%C3%81lamos&query_place_id=ChIJ1Q76VhGTjgcRccGMtKsEYzY,prospect
Hélkila Silva Nail Designer,5599984033558,"R. São Pedro, n° 519 - Centro, Caxias - MA, 65608-160, Brasil",Caxias,-4.8618223,-43.3639197,"{""Manicure - Esmalteria""}",https://www.google.com/maps/search/?api=1&query=H%C3%A9lkila%20Silva%20Nail%20Designer&query_place_id=ChIJ84EAjf2TjgcR8cL4i-L6CP4,prospect
LOJA WINICIUS AQUINO,,"SHOPPING DA GENTE - Av. Otávio Passos, 867 - 1º andar – Box 111 - Centro, Caxias - MA, 65602-010, Brasil",Caxias,-4.8620236,-43.3628521,"{""Salão de Beleza""}",https://www.google.com/maps/search/?api=1&query=LOJA%20WINICIUS%20AQUINO&query_place_id=ChIJRTBDRQCTjgcRXYwicpHB8DI,prospect
Thayná Neu Studio,5599988352026,"R. Teófilo Dias, 1270 - Centro, Caxias - MA, 65600-090, Brasil",Caxias,-4.8623972,-43.3571574,"{""Salão de Beleza""}",https://www.google.com/maps/search/?api=1&query=Thayn%C3%A1%20Neu%20Studio&query_place_id=ChIJ6SJHWZ-TjgcR5f3u59OdhGE,prospect
TÚLIO BARBER,5599981598613,"R. João de Deus Moreira Ramos, 334 - Piquizeiro, Caxias - MA, 65600-010, Brasil",Caxias,-4.8569751,-43.3567942,"{""Barbearia""}",https://www.google.com/maps/search/?api=1&query=T%C3%9ALIO%20BARBER&query_place_id=ChIJ67GhADqTjgcRHaegqRUE_Q0,prospect
Studio Lutelles,5599988329047,"R. Conselheiro Furtado, 358 - Centro, Caxias - MA, 65607-340, Brasil",Caxias,-4.8658291,-43.3630559,"{""Salão de Beleza""}",https://www.google.com/maps/search/?api=1&query=Studio%20Lutelles&query_place_id=ChIJzabN5jORjgcRBS3Km1D-K5U,prospect
Barbearia Salvatore,,"Tv. Padre Gerosa, 1150 - Centro, Caxias - MA, 65602-080, Brasil",Caxias,-4.8573514,-43.3575074,"{""Barbearia""}",https://www.google.com/maps/search/?api=1&query=Barbearia%20Salvatore&query_place_id=ChIJa7hgyyeSjgcRltxiVDAqC6M,prospect
Dra. Sobrancelhas Design,5599982717502,"R. João de Deus Moreira Ramos, 381 - Centro, Caxias - MA, 65602-140, Brasil",Caxias,-4.8571453,-43.3564135,"{""Sobrancelhas e Cílios""}",https://www.google.com/maps/search/?api=1&query=Dra.%20Sobrancelhas%20Design&query_place_id=ChIJ2aForyeSjgcRKQjj14OP9l0,prospect
Marcia Cabelos,,"R. Raimundo Severo Magalhães, 211 - Centro, Caxias - MA, 65608-075, Brasil",Caxias,-4.8576764,-43.3633688,"{""Salão de Beleza""}",https://www.google.com/maps/search/?api=1&query=Marcia%20Cabelos&query_place_id=ChIJBYXS2CuSjgcREQiM5ghkKNs,prospect
Studio KT nails,5599992292592,"R. Nossa Sra. da Conceição, Q11 - C95 - Mutirão, Caxias - MA, 65604-830, Brasil",Caxias,-4.8642539,-43.3367775,"{""Manicure - Esmalteria""}",https://www.google.com/maps/search/?api=1&query=Studio%20KT%20nails&query_place_id=ChIJ6zLwPACTjgcR0qoN1xoX634,prospect
Nayara Fernandes Studio,5599981411894,"R. Nossa Sra. da Conceição - Mutirão, Caxias - MA, 65604-830, Brasil",Caxias,-4.8643876,-43.3368526,"{""Salão de Beleza""}",https://www.google.com/maps/search/?api=1&query=Nayara%20Fernandes%20Studio&query_place_id=ChIJxwAxmKyTjgcRveEIKoZBjD0,prospect
Studio Myriam Thawane,5599988553808,"R. Pedreiras, 1000 - Vila Lobao, Caxias - MA, 65605-550, Brasil",Caxias,-4.8780132,-43.3466781,"{""Salão de Beleza""}",https://www.google.com/maps/search/?api=1&query=Studio%20Myriam%20Thawane&query_place_id=ChIJfeG0XueTjgcR0yaoTV1U0CA,prospect
Salão luna cabelos,,"R. Sen. Clodomir Cardoso - Cangalheiro, Caxias - MA, 65606-530, Brasil",Caxias,-4.8720008,-43.3588379,"{""Salão de Beleza""}",https://www.google.com/maps/search/?api=1&query=Sal%C3%A3o%20luna%20cabelos&query_place_id=ChIJY9IBUwCTjgcRaN6Hzzhf-UY,prospect
Sophia Esmalteria - Hotel Alecrim,5599982029545,"Prédio do Hotel Alecrim - Av. Sen. Alexandre Costa, 06 - Vila Alecrim, Caxias - MA, 65605-515, Brasil",Caxias,-4.8702811,-43.3480945,"{""Manicure - Esmalteria""}",https://www.google.com/maps/search/?api=1&query=Sophia%20Esmalteria%20-%20Hotel%20Alecrim&query_place_id=ChIJf9iYcRWSjgcRKTxGEVVOVzg,prospect
Spa dos pés Esmalteria CX,5599988559334,"1A Travessa Santo Antônio, 1617 - João Viana, Caxias - MA, 65605-010, Brasil",Caxias,-4.8677773,-43.3357145,"{""Manicure - Esmalteria""}",https://www.google.com/maps/search/?api=1&query=Spa%20dos%20p%C3%A9s%20Esmalteria%20CX&query_place_id=ChIJUYCUGwCTjgcRDs37fA-3Xag,prospect
Suzy studio,,"R. Ernesto Geisel, 1262 - Campo de Belem, Caxias - MA, 65609-560, Brasil",Caxias,-4.8768387,-43.3733309,"{""Salão de Beleza""}",https://www.google.com/maps/search/?api=1&query=Suzy%20studio&query_place_id=ChIJsS8yHgCTjgcRTI1F7-CB5wc,prospect
Rayssah Cabelos,5599988194361,"Rua 10 quadra 20 casa 01 Pampulha - Itapecuruzinho, Caxias - MA, 65607-793, Brasil",Caxias,-4.8888096,-43.3560358,"{""Salão de Beleza""}",https://www.google.com/maps/search/?api=1&query=Rayssah%20Cabelos&query_place_id=ChIJhfnPO-mTjgcRKiKguO-6c9U,prospect
Tamyres Cavalcante Studio De Beleza,,"Av. Édson Lobão, 2501 - Volta Redonda, Caxias - MA, 65606-690, Brasil",Caxias,-4.8825376,-43.3547003,"{""Salão de Beleza""}",https://www.google.com/maps/search/?api=1&query=Tamyres%20Cavalcante%20Studio%20De%20Beleza&query_place_id=ChIJyf9C6FuSjgcR2o0X2N41RGI,prospect
Studio Valquiria Alves,,"R. Parnarama, 1486 - Nova Caxias, Caxias - MA, 65605-501, Brasil",Caxias,-4.878016,-43.3456796,"{""Salão de Beleza""}",https://www.google.com/maps/search/?api=1&query=Studio%20Valquiria%20Alves&query_place_id=ChIJR2BG_YOTjgcRgcKLBKmDJ-w,prospect
Kevelyn Nails,5599981233314,"R. do Paulistão, 660 - Caldeirões Pirajá, Caxias - MA, 65600-970, Brasil",Caxias,-4.8689072,-43.3829414,"{""Manicure - Esmalteria""}",https://www.google.com/maps/search/?api=1&query=Kevelyn%20Nails&query_place_id=ChIJy7Rp1jqTjgcRmJud7RR197I,prospect
NALVA CABELOS,,"R. Ernesto Geisel, 1190 - Campo de Belem, Caxias - MA, 65609-140, Brasil",Caxias,-4.8768349,-43.3726907,"{""Salão de Beleza""}",https://www.google.com/maps/search/?api=1&query=NALVA%20CABELOS&query_place_id=ChIJdd8ZH7KTjgcRURQ4wMMtFUs,prospect
Fran Studio de Beleza,,"R. da Coheb, 928 - Vila Sao Jose, Caxias - MA, 65606-760, Brasil",Caxias,-4.8782702,-43.3488715,"{""Salão de Beleza""}",https://www.google.com/maps/search/?api=1&query=Fran%20Studio%20de%20Beleza&query_place_id=ChIJ2VgLnUKSjgcRILsOJSqmgUY,prospect
Studio Naianne Silva,,"R. Frei Serafim, 660 - Nova Caxias, Caxias - MA, 65605-195, Brasil",Caxias,-4.8635277,-43.3481789,"{""Salão de Beleza""}",https://www.google.com/maps/search/?api=1&query=Studio%20Naianne%20Silva&query_place_id=ChIJ7arcIgCTjgcRIX8Z4qbJcUk,prospect
Studio Rayele Soares,5599981248049,"Av. Sete, quadra 29 - COHAB, Caxias - MA, 65604-660, Brasil",Caxias,-4.8701366,-43.3390345,"{""Salão de Beleza""}",https://www.google.com/maps/search/?api=1&query=Studio%20Rayele%20Soares&query_place_id=ChIJJXwOZamTjgcRkyMUCwDKnnM,prospect
Studio Ribeiro oficial,5599981983802,"R. da Coheb, 1844 - Vila Sao Jose, Caxias - MA, 65606-760, Brasil",Caxias,-4.8864512,-43.3473903,"{""Salão de Beleza""}",https://www.google.com/maps/search/?api=1&query=Studio%20Ribeiro%20oficial&query_place_id=ChIJC7ZREDCTjgcRmUwFhbbt7RI,prospect
Studio Monycamakeup_,5599981595021,"Av. Sete, 30D - QD 19 - COHAB, Caxias - MA, 65604-660, Brasil",Caxias,-4.8695018,-43.34031,"{""Maquiagem""}",https://www.google.com/maps/search/?api=1&query=Studio%20Monycamakeup_&query_place_id=ChIJTzkBNK6TjgcRJf6v5buS8bU,prospect
Salão lunna cabelos,,"R. Prof. Leôncio Magno - Volta Redonda, Caxias - MA, 65606-720, Brasil",Caxias,-4.8825716,-43.3511452,"{""Salão de Beleza""}",https://www.google.com/maps/search/?api=1&query=Sal%C3%A3o%20lunna%20cabelos&query_place_id=ChIJBbljfQCTjgcRlys4NXuTDas,prospect
Jacy_sousa nail designer,5599988192813,"Rua 05, Qd 06 - casa 117 - Caldeirões Pirajá, Caxias - MA, 65608-746, Brasil",Caxias,-4.875862,-43.389043,"{""Manicure - Esmalteria""}",https://www.google.com/maps/search/?api=1&query=Jacy_sousa%20nail%20designer&query_place_id=ChIJS6qy76iTjgcR7iM6I6PYGpM,prospect
Manu | Nail design,5599984017477,"R. da Sulina - tamarineiro, Caxias - MA, 65607-240, Brasil",Caxias,-4.862652,-43.376902,"{""Manicure - Esmalteria""}",https://www.google.com/maps/search/?api=1&query=Manu%20%7C%20Nail%20design&query_place_id=ChIJqVcL67STjgcR138fQOv0Xkk,prospect
Studio Geovana Sobrancelhas,5599985094592,"R. Sen. Clodomir Cardoso, 2519 - Cangalheiro, Caxias - MA, 65606-530, Brasil",Caxias,-4.8739048,-43.3576165,"{""Sobrancelhas e Cílios""}",https://www.google.com/maps/search/?api=1&query=Studio%20Geovana%20Sobrancelhas&query_place_id=ChIJ8dRmF1KTjgcR1Xv2l4jzYW8,prospect
Livya.nailsdsigner,5599981604144,"R. Heráclito Noronha, 43 - Salobro, Caxias - MA, 65609-527, Brasil",Caxias,-4.8848045,-43.365557,"{""Manicure - Esmalteria""}",https://www.google.com/maps/search/?api=1&query=Livya.nailsdsigner&query_place_id=ChIJZen2GBWTjgcRTTebAbUgkiA,prospect
Fran e Lu Unhas Decoradas,5599984532471,"R. da Coheb, 1946 - Vila Sao Jose, Caxias - MA, 65606-760, Brasil",Caxias,-4.8873825,-43.3472455,"{""Manicure - Esmalteria""}",https://www.google.com/maps/search/?api=1&query=Fran%20e%20Lu%20Unhas%20Decoradas&query_place_id=ChIJs2S-ydmTjgcROJQSaD_038M,prospect
Claudia cabelos,5599996453265,"Francisco vila nova - R. Maria do Rosário - São Pedro, Caxias - MA, 65605-510, Brasil",Caxias,-4.8767369,-43.3762796,"{""Salão de Beleza""}",https://www.google.com/maps/search/?api=1&query=Claudia%20cabelos&query_place_id=ChIJ6xZp2dOTjgcRCitYYSa_Ong,prospect
Vilma santana nails,,"R. Treze de Maio, 1607 - Mutirão, Caxias - MA, 65604-410, Brasil",Caxias,-4.8621949,-43.3398765,"{""Manicure - Esmalteria""}",https://www.google.com/maps/search/?api=1&query=Vilma%20santana%20nails&query_place_id=ChIJO9MSS9-TjgcRs06TYOtjKls,prospect
NF MANICURE,5599988074644,"R. Nossa Sra. da Conceição, 423 - Cj - Mutirão, Caxias - MA, 65604-830, Brasil",Caxias,-4.8641407,-43.3367922,"{""Manicure - Esmalteria""}",https://www.google.com/maps/search/?api=1&query=NF%20MANICURE&query_place_id=ChIJnzXN5FmTjgcRU9bjjW6olag,prospect
Ligiane Araújo a Beauty,5599981269857,"Av. Benjamin Constant, 1638 - Nova Caxias, Caxias - MA, 65604-260, Brasil",Caxias,-4.8664647,-43.3440942,"{""Salão de Beleza""}",https://www.google.com/maps/search/?api=1&query=Ligiane%20Ara%C3%BAjo%20a%20Beauty&query_place_id=ChIJO18700iTjgcRhjpafYLd7Rs,prospect
Lash Designer - Luciene Silva,5599981051511,"R. Mal. Costa E Silva - Salobro, Caxias - MA, 65609-590, Brasil",Caxias,-4.8853101,-43.3706527,"{""Sobrancelhas e Cílios""}",https://www.google.com/maps/search/?api=1&query=Lash%20Designer%20-%20Luciene%20Silva&query_place_id=ChIJgXn9fPOTjgcRhuhUxJnphXs,prospect
Espacco Fashion Hair,,"Volta Redonda, Caxias - MA, 65606-480, Brasil",Caxias,-4.8835183,-43.3494891,"{""Salão de Beleza""}",https://www.google.com/maps/search/?api=1&query=Espacco%20Fashion%20Hair&query_place_id=ChIJPYAfCF6SjgcRcs-L707VJ04,prospect
Kauu_nhas,5599988116292,"Rua 14 de maio QC8, casa 07 - Vila paraiso, Caxias - MA, 65606-817, Brasil",Caxias,-4.8912902,-43.3283018,"{""Manicure - Esmalteria""}",https://www.google.com/maps/search/?api=1&query=Kauu_nhas&query_place_id=ChIJH4S7mG2NjgcRyBKxzHKXQEU,prospect
Studio Myllena nail designer,5599996515289,"R. Natal - João Viana, Caxias - MA, 65605-040, Brasil",Caxias,-4.8670484,-43.3335224,"{""Manicure - Esmalteria""}",https://www.google.com/maps/search/?api=1&query=Studio%20Myllena%20nail%20designer&query_place_id=ChIJM7mOusyTjgcRJdz9_RlAG3g,prospect
Ana Paula unhas,5599985478554,"R. Ernesto Geisel, 1343 - Campo de Belem, Caxias - MA, 65609-140, Brasil",Caxias,-4.8772033,-43.3740999,"{""Manicure - Esmalteria""}",https://www.google.com/maps/search/?api=1&query=Ana%20Paula%20unhas&query_place_id=ChIJS3z-JACTjgcRqAE7Bz7qJs8,prospect
Luana Farias Studio Caxias-MA,5598981013782,"Por trás do Campo - R. dos Caldeirões, 496 - Caldeirões, Caxias - MA, 65607-305, Brasil",Caxias,-4.8567492,-43.3693683,"{""Salão de Beleza""}",https://www.google.com/maps/search/?api=1&query=Luana%20Farias%20Studio%20Caxias-MA&query_place_id=ChIJEwTv1c6TjgcRDgvZDAncRD4,prospect
Bianca unhas,5599984610075,"R. São José - Trizidela, Caxias - MA, 65607-440, Brasil",Caxias,-4.8705077,-43.3728731,"{""Manicure - Esmalteria""}",https://www.google.com/maps/search/?api=1&query=Bianca%20unhas&query_place_id=ChIJsVuxvQuTjgcRA0HAvyedaaw,prospect
WalXimenes Desingner de Unhas,,"R. Vespasiano Ramos, 1158 - Ponte, Caxias - MA, 65609-410, Brasil",Caxias,-4.8788816,-43.3638307,"{""Manicure - Esmalteria""}",https://www.google.com/maps/search/?api=1&query=WalXimenes%20Desingner%20de%20Unhas&query_place_id=ChIJTVnpNQCTjgcR5Bxt_oMhDrU,prospect
Hanna Esmalteria,5599988313124,"3A Travessa São José - Trizidela, Caxias - MA, 65607, Brasil",Caxias,-4.8691148,-43.3749335,"{""Manicure - Esmalteria""}",https://www.google.com/maps/search/?api=1&query=Hanna%20Esmalteria&query_place_id=ChIJU2GLg8WTjgcR58uIkw7KPPk,prospect
Joyce Furtado & Loren Borges Makeup Beauty,,"Centro, Caxias - MA, Brasil",Caxias,-4.8564616,-43.3545396,"{""Maquiagem""}",https://www.google.com/maps/search/?api=1&query=Joyce%20Furtado%20%26%20Loren%20Borges%20Makeup%20Beauty&query_place_id=ChIJnd5PQSeSjgcR0ItjHR3pWAY,prospect
Brenda sobrancelhas,5599988569586,"R. da Balaiada - Pampulha, Caxias - MA, 65606-816, Brasil",Caxias,-4.8898773,-43.3269984,"{""Sobrancelhas e Cílios""}",https://www.google.com/maps/search/?api=1&query=Brenda%20sobrancelhas&query_place_id=ChIJFbx4ZkONjgcRCba5Qh1-87Q,prospect
Salão Novovisual O Raimundo Cabelo,,"Cangalheiro, Caxias - MA, 65606-580, Brasil",Caxias,-4.8673268,-43.3611306,"{""Salão de Beleza""}",https://www.google.com/maps/search/?api=1&query=Sal%C3%A3o%20Novovisual%20O%20Raimundo%20Cabelo&query_place_id=ChIJw0001zaSjgcRDRkHe5loK7Q,prospect
Fran unhas,5599984660122,"R. Maria do Rosário, 1241 - Campo de Belem, Caxias - MA, 65609-000, Brasil",Caxias,-4.87267,-43.3716287,"{""Manicure - Esmalteria""}",https://www.google.com/maps/search/?api=1&query=Fran%20unhas&query_place_id=ChIJewOn0zqTjgcRE27DWKgF-pY,prospect
Salão Retrato da Beleza,5599988219212,,Caxias,-4.8683163,-43.362507,"{""Salão de Beleza""}",https://www.google.com/maps/search/?api=1&query=Sal%C3%A3o%20Retrato%20da%20Beleza&query_place_id=ChIJUSgV86tPYi8RLGm8515_K78,prospect
Centro de Beleza Aline,,"R. do Espírito Santo, 1212 - Cangalheiro, Caxias - MA, 65606-290, Brasil",Caxias,-4.8759929,-43.3557102,"{""Salão de Beleza""}",https://www.google.com/maps/search/?api=1&query=Centro%20de%20Beleza%20Aline&query_place_id=ChIJaSpkbACTjgcR8EdHi_zmpZY,prospect
Elizeu Cabelos,,"R. José Tadeu, 1965 - Campo de Belem, Caxias - MA, 65609-180, Brasil",Caxias,-4.8824894,-43.3735923,"{""Salão de Beleza""}",https://www.google.com/maps/search/?api=1&query=Elizeu%20Cabelos&query_place_id=ChIJp06UQqmTjgcRD-HQKidaajo,prospect
Lívia Chagas Hair,5599981461751,"R. Frei Serafim - Nova Caxias, Caxias - MA, 65604-340, Brasil",Caxias,-4.8637555,-43.3461674,"{""Salão de Beleza""}",https://www.google.com/maps/search/?api=1&query=L%C3%ADvia%20Chagas%20Hair&query_place_id=ChIJoY2ZkN-TjgcRMBygi4bczK0,prospect
SALÃO JR,5586994522685,"Povoado canto virado, Caxias - MA, 65600-010, Brasil",Caxias,-4.7115351,-42.9529559,"{""Salão de Beleza""}",https://www.google.com/maps/search/?api=1&query=SAL%C3%83O%20JR&query_place_id=ChIJXQSzvoyTjgcR_NT3XRI5KKw,prospect
Espaço Cuidar,,"R. 16, Quadra 08 - Casa 04 - COHAB, Caxias - MA, 65604-640, Brasil",Caxias,-4.8672495,-43.3372344,"{""Salão de Beleza""}",https://www.google.com/maps/search/?api=1&query=Espa%C3%A7o%20Cuidar&query_place_id=ChIJLz8sHwCTjgcRbQATbFhgfBM,prospect
Instituto de Beleza Katia,5599992271205,"R. Fernando Carvalho, 1780 - Codó, MA, 65400-000, Brasil",Codó,-4.4518609,-43.8860606,"{""Salão de Beleza""}",https://www.google.com/maps/search/?api=1&query=Instituto%20de%20Beleza%20Katia&query_place_id=ChIJB9ZzhULxiwcR8QaRavKOQEM,prospect
Salão Espaço Da Beleza,5599996478320,"R. Goiânia - Codó, MA, 65400-000, Brasil",Codó,-4.464609,-43.87724,"{""Salão de Beleza""}",https://www.google.com/maps/search/?api=1&query=Sal%C3%A3o%20Espa%C3%A7o%20Da%20Beleza&query_place_id=ChIJ__q1hjrxiwcR0xfvjxloKAQ,prospect
Salão de beleza Milena Cabelos,,"Avenida Maranhão, QA 7, C-05 - bairro São Raimundo, Codó - MA, 65400-000, Brasil",Codó,-4.437021,-43.8770701,"{""Salão de Beleza""}",https://www.google.com/maps/search/?api=1&query=Sal%C3%A3o%20de%20beleza%20Milena%20Cabelos&query_place_id=ChIJgWpAMuXziwcRJbYStkHKPqE,prospect
M. BEAUTY CODO,5599991302620,"Av. Augusto Teixeira, 2582 - SÃO SEBASTIÃO, Codó - MA, 65400-000, Brasil",Codó,-4.4590804,-43.8884152,"{""Salão de Beleza""}",https://www.google.com/maps/search/?api=1&query=M.%20BEAUTY%20CODO&query_place_id=ChIJ8bshzbjxiwcRVAMJRS0HykU,prospect
Stúdio Eliza Cabeleireiros,5511949089742,"R. 20 de Janeiro, 1252 - Sl C - São Sebastião, Codó - MA, 65400-000, Brasil",Codó,-4.4625447,-43.8853969,"{""Salão de Beleza""}",https://www.google.com/maps/search/?api=1&query=St%C3%BAdio%20Eliza%20Cabeleireiros&query_place_id=ChIJcfCyqnHxiwcRHq3e0fyKOD4,prospect
Ana Dark Studio,5599988582544,"Avenida João Ribeiro, 3227 A Em frente ao retorno do colégio mata roma! São Sebastião, Codó - MA, 65400-000, Brasil",Codó,-4.4648535,-43.8877741,"{""Salão de Beleza""}",https://www.google.com/maps/search/?api=1&query=Ana%20Dark%20Studio&query_place_id=ChIJz05HkxfxiwcRZA2zK-yCfDA,prospect
Studio de Beleza Drikkbelos,5599981316337,"Avenida primeiro de maio, Rua Amadeus Ferreira, 3097 - B, Codó - MA, 65400-000, Brasil",Codó,-4.4617752,-43.8812606,"{""Salão de Beleza""}",https://www.google.com/maps/search/?api=1&query=Studio%20de%20Beleza%20Drikkbelos&query_place_id=ChIJUQAsoCHxiwcRX0IhGf6vGIM,prospect
Salão Lucas,5599984313883,"Av. Vitórino Freire, 278 - Codó, MA, 65400-000, Brasil",Codó,-4.4576129,-43.8820308,"{""Salão de Beleza""}",https://www.google.com/maps/search/?api=1&query=Sal%C3%A3o%20Lucas&query_place_id=ChIJ8ySosUDxiwcRd6QQSYSYxAk,prospect
Nalva Esmalteria,5599988235514,"R. Des. Vasconcelos Tôrres - Codó, MA, 65400-000, Brasil",Codó,-4.4523252,-43.893757,"{""Manicure - Esmalteria""}",https://www.google.com/maps/search/?api=1&query=Nalva%20Esmalteria&query_place_id=ChIJv6NNSPvxiwcRQaq8P7tkJcw,prospect
STUDIO ARTE VISUAL-HairStylish,,"R. Avenida Pantanal, 2816 - Codó, MA, 65400-000, Brasil",Codó,-4.4489975,-43.86854,"{""Salão de Beleza""}",https://www.google.com/maps/search/?api=1&query=STUDIO%20ARTE%20VISUAL-HairStylish&query_place_id=ChIJqYDdf1LxiwcRr65us3ejoUI,prospect
Andressa Hair - Cabelereira,5599981109601,"R. Teresina, 2262-2320 - Codó, MA, 65400-000, Brasil",Codó,-4.4662562,-43.8949851,"{""Salão de Beleza""}",https://www.google.com/maps/search/?api=1&query=Andressa%20Hair%20-%20Cabelereira&query_place_id=ChIJj8oxxwvxiwcRuYnzCDBol1s,prospect
Depile-se,559936618762,"Av. Augusto Teixeira, 2178 - Codó, MA, 65400-000, Brasil",Codó,-4.4552956,-43.8881841,"{""Depilação""}",https://www.google.com/maps/search/?api=1&query=Depile-se&query_place_id=ChIJsxJWnFjxiwcRgWQAZUrc2u8,prospect
SALÃO TOKIM CORTES,5599988182424,"R. Carlos Palhano - SÃO SEBASTIÃO, Codó - MA, 65400-000, Brasil",Codó,-4.4653206,-43.8919292,"{""Salão de Beleza""}",https://www.google.com/maps/search/?api=1&query=SAL%C3%83O%20TOKIM%20CORTES&query_place_id=ChIJDUh5lafxiwcRN-uHmgMtN4k,prospect
Luh Salão de Beleza,,"R. da Coehb - Codó, MA, 65400-000, Brasil",Codó,-4.4645519,-43.8893291,"{""Salão de Beleza""}",https://www.google.com/maps/search/?api=1&query=Luh%20Sal%C3%A3o%20de%20Beleza&query_place_id=ChIJC3bBchfxiwcRIiVqsLKXn94,prospect
Andréa Leal Cabelos e Make,5599981066108,"Travessa Santa Teresinha, R. São Luís, 1813A, Codó - MA, 65400-000, Brasil",Codó,-4.473474,-43.8941541,"{""Salão de Beleza e Maquiagem""}",https://www.google.com/maps/search/?api=1&query=Andr%C3%A9a%20Leal%20Cabelos%20e%20Make&query_place_id=ChIJp9boYG_xiwcRC8xZdYcKxj0,prospect
Look Fashion Cabelos,559936614090,"R. César Brandão, 796 - Sao Pedro, Codó - MA, 65400-000, Brasil",Codó,-4.453285,-43.890542,"{""Salão de Beleza""}",https://www.google.com/maps/search/?api=1&query=Look%20Fashion%20Cabelos&query_place_id=ChIJuw5SMZTxiwcRW5iv4R7Nbw0,prospect
Salão depilação Edina,5599981484066,"Av. Vitórino Freire, 301 - Codó, MA, 65400-000, Brasil",Codó,-4.4579992,-43.8821173,"{""Depilação""}",https://www.google.com/maps/search/?api=1&query=Sal%C3%A3o%20depila%C3%A7%C3%A3o%20Edina&query_place_id=ChIJp0AzLADxiwcRmGWfxS6hSBg,prospect
Salão De Beleza Fatima,5599981406595,"R. Leontino Ramos, 2726 - Sao Sebastiao, Codó - MA, 65400-000, Brasil",Codó,-4.4601963,-43.887479,"{""Salão de Beleza""}",https://www.google.com/maps/search/?api=1&query=Sal%C3%A3o%20De%20Beleza%20Fatima&query_place_id=ChIJHRrMmRXxiwcRDI9b73xg0_I,prospect
Espaço Aline Silva,5599996463908,"Rua Benjamin Constant - Codó, MA, 65400-000, Brasil",Codó,-4.4595422,-43.8870766,"{""Salão de Beleza""}",https://www.google.com/maps/search/?api=1&query=Espa%C3%A7o%20Aline%20Silva&query_place_id=ChIJE-HnxOnxiwcRJt2EBmt2m4s,prospect
Studio GM Beauty,5599984835294,"Av. Vitórino Freire, n° 659 - São Sebastião, Codó - MA, 65400-000, Brasil",Codó,-4.4602424,-43.8844223,"{""Salão de Beleza""}",https://www.google.com/maps/search/?api=1&query=Studio%20GM%20Beauty&query_place_id=ChIJI7oVg_PxiwcRZb_IuUyFBh8,prospect
Geovanio Hair Codó,5599982277553,"Av. Mal. Castelo Branco, 1475 - São Pedro, Codó - MA, 65400-000, Brasil",Codó,-4.4567741,-43.8950262,"{""Salão de Beleza""}",https://www.google.com/maps/search/?api=1&query=Geovanio%20Hair%20Cod%C3%B3&query_place_id=ChIJrZZu_SnxiwcRM_JbekhxUjk,prospect
ARLETE COIFFEUR,5599988044884,"Codó, MA, 65400-000, Brasil",Codó,-4.467477,-43.8834133,"{""Salão de Beleza""}",https://www.google.com/maps/search/?api=1&query=ARLETE%20COIFFEUR&query_place_id=ChIJ6RAUDyPxiwcRIAuDPWh8zlk,prospect
Francisca Cabeleireira,,"R. do Puraque, 1491 - Santa Teresinha, Codó - MA, 65400-000, Brasil",Codó,-4.470994,-43.8933142,"{""Salão de Beleza""}",https://www.google.com/maps/search/?api=1&query=Francisca%20Cabeleireira&query_place_id=ChIJX1SOqx3xiwcRiiUL9ALR2f8,prospect
Nogueira hair,5599991215479,"R. Vinte Um De Abril, 2345 - Sao Sebastiao, Codó - MA, 65400-000, Brasil",Codó,-4.4573539,-43.890157,"{""Salão de Beleza""}",https://www.google.com/maps/search/?api=1&query=Nogueira%20hair&query_place_id=ChIJT7ei7LzxiwcRXpoGTezbj34,prospect
Espaço Beauty Codó,5563981258810,"R. da Paz, 1242 - Codó, MA, 65400-000, Brasil",Codó,-4.4811649,-43.8968024,"{""Salão de Beleza""}",https://www.google.com/maps/search/?api=1&query=Espa%C3%A7o%20Beauty%20Cod%C3%B3&query_place_id=ChIJa1GvIrPxiwcRhbeauUiKRNI,prospect
SALÃO RENASCER,,"Codó, MA, 65400-000, Brasil",Codó,-4.4868856,-43.8874847,"{""Salão de Beleza""}",https://www.google.com/maps/search/?api=1&query=SAL%C3%83O%20RENASCER&query_place_id=ChIJNa0CsGXxiwcR0-wwi61dQMw,prospect
Glamour STUDIO DE BELEZA,,"R. Rui Barbosa - Codó, MA, 65400-000, Brasil",Codó,-4.4558364,-43.8841926,"{""Salão de Beleza""}",https://www.google.com/maps/search/?api=1&query=Glamour%20STUDIO%20DE%20BELEZA&query_place_id=ChIJ1banqUHxiwcRK2aW6qVYO6s,prospect
Lene Cabelos,,"R. da Paz, 1166 - Sao Raimundo, Codó - MA, 65400-000, Brasil",Codó,-4.4503114,-43.8783427,"{""Salão de Beleza""}",https://www.google.com/maps/search/?api=1&query=Lene%20Cabelos&query_place_id=ChIJI2ZRz1rxiwcRMMk06U_ti7o,prospect
Ciane epilação,5599991883694,"Tv. Bahia, 1259 - Santa Teresinha, Codó - MA, 65400-000, Brasil",Codó,-4.4694499,-43.8973892,"{""Depilação""}",https://www.google.com/maps/search/?api=1&query=Ciane%20epila%C3%A7%C3%A3o&query_place_id=ChIJtUX7z_jxiwcRR7BYMux8F-Q,prospect
Jesus Depilação & Cosméticos,,"Av. 1° de Maio - Tv. São Sebastião, 2650 - Codó, MA, 65400-000, Brasil",Codó,-4.4588777,-43.8850217,"{""Depilação""}",https://www.google.com/maps/search/?api=1&query=Jesus%20Depila%C3%A7%C3%A3o%20%26%20Cosm%C3%A9ticos&query_place_id=ChIJ5yrelD_xiwcRh2jA2M8S-NQ,prospect
Luana Gomes Studio de Beleza,,"R. Padre Joaquim Dourado, 1127 - São José, Codó - MA, 65400-000, Brasil",Codó,-4.4536172,-43.8767297,"{""Salão de Beleza""}",https://www.google.com/maps/search/?api=1&query=Luana%20Gomes%20Studio%20de%20Beleza&query_place_id=ChIJF9NxamLxiwcR52mHuss8lfc,prospect
Estúdio Joelma Brandão,5599991373916,"Av. Santos Dumont, 4109 - Santa Teresinha, Codó - MA, 65400-000, Brasil",Codó,-4.4761418,-43.8909312,"{""Salão de Beleza""}",https://www.google.com/maps/search/?api=1&query=Est%C3%BAdio%20Joelma%20Brand%C3%A3o&query_place_id=ChIJ5R8JmQzxiwcRWp51m3DLByE,prospect
Salão Ky Charm,5599988029920,"171, Av. Augusto Teixeira, 99, Codó - MA, 65400-000, Brasil",Codó,-4.455797,-43.8871987,"{""Salão de Beleza""}",https://www.google.com/maps/search/?api=1&query=Sal%C3%A3o%20Ky%20Charm&query_place_id=ChIJKVswWWrxiwcRIW8BPJUo7xs,prospect
Maraisa Rodríguez Studio De Beleza,,"R. Trinta e Um de Março, 2118 - Sao Pedro, Codó - MA, 65400-000, Brasil",Codó,-4.4575321,-43.8938441,"{""Salão de Beleza""}",https://www.google.com/maps/search/?api=1&query=Maraisa%20Rodr%C3%ADguez%20Studio%20De%20Beleza&query_place_id=ChIJN-5n1BLxiwcRuH_fVd9XoNA,prospect
Studio Atual Fashion.milena Aguiar,5598987017596,"Codó, MA, 65400-000, Brasil",Codó,-4.4681111,-43.8823583,"{""Salão de Beleza""}",https://www.google.com/maps/search/?api=1&query=Studio%20Atual%20Fashion.milena%20Aguiar&query_place_id=ChIJzehwmyPxiwcROpuFY0O_780,prospect
Universo Feminino,5599988168937,"Av. Vitórino Freire, 387 - Santo Antônio, Codó - MA, 65400-000, Brasil",Codó,-4.4585856,-43.8827761,"{""Salão de Beleza""}",https://www.google.com/maps/search/?api=1&query=Universo%20Feminino&query_place_id=ChIJmSawtCjxiwcR3aLHxpYsjd4,prospect
Walmira,,"R. Albertina Bayma - Santo Antônio, Codó - MA, 65400-000, Brasil",Codó,-4.4590136,-43.8809169,"{""Salão de Beleza""}",https://www.google.com/maps/search/?api=1&query=Walmira&query_place_id=ChIJPfFPAozxiwcRon0MURLqUmk,prospect
Studio OLHAR DE BONECA,5599992301602,"R. Sen. Archer, 1125 - Sao Sebastiao, Codó - MA, 65400-000, Brasil",Codó,-4.458168,-43.8893974,"{""Salão de Beleza""}",https://www.google.com/maps/search/?api=1&query=Studio%20OLHAR%20DE%20BONECA&query_place_id=ChIJZzUc0BTxiwcR1eTy5RSYhQY,prospect
Eronilza cabelereira,5599981187712,"R. São Luís, 1315 - Codó, MA, 65400-000, Brasil",Codó,-4.4729798,-43.8941318,"{""Salão de Beleza""}",https://www.google.com/maps/search/?api=1&query=Eronilza%20cabelereira&query_place_id=ChIJRzakhOLwiwcR1DyF9FDX3uM,prospect
Salão de Beleza,,"Av. 1º de Maio - Codó, MA, 65400-000, Brasil",Codó,-4.4656842,-43.8771576,"{""Salão de Beleza""}",https://www.google.com/maps/search/?api=1&query=Sal%C3%A3o%20de%20Beleza&query_place_id=ChIJ8buaVADxiwcR36XRaEV6aR8,prospect
Studio Vb beauty,5599981091140,"R. Independência - Codó, MA, 65400-000, Brasil",Codó,-4.4562478,-43.8836671,"{""Salão de Beleza""}",https://www.google.com/maps/search/?api=1&query=Studio%20Vb%20beauty&query_place_id=ChIJ3b5l3ivxiwcRiXnoGsRG94U,prospect
Studio ELIANA,,"R. Minas Gerais, 1220 - Sao Francisco, Codó - MA, 65400-000, Brasil",Codó,-4.4502296,-43.8948109,"{""Salão de Beleza""}",https://www.google.com/maps/search/?api=1&query=Studio%20ELIANA&query_place_id=ChIJs2PQ7G_xiwcREt_qZr0IFkY,prospect
Esmalteria,5599981775136,"Av. Santos Dumont, 2886 - B - Sao Sebastiao, Codó - MA, 65400-000, Brasil",Codó,-4.4617349,-43.8886761,"{""Manicure - Esmalteria""}",https://www.google.com/maps/search/?api=1&query=Esmalteria&query_place_id=ChIJ6zt05hjxiwcRlFQXHFp-93M,prospect
Espaço Da Beleza Edna,,"Tv. Rio Grande do Norte - Codó, MA, 65400-000, Brasil",Codó,-4.4633653,-43.8952249,"{""Salão de Beleza""}",https://www.google.com/maps/search/?api=1&query=Espa%C3%A7o%20Da%20Beleza%20Edna&query_place_id=ChIJIyuoMRDxiwcRJBdTPEHrmdY,prospect
Salão Toque de Beleza,,"Codó, MA, 65400-000, Brasil",Codó,-4.4611163,-43.893066,"{""Salão de Beleza""}",https://www.google.com/maps/search/?api=1&query=Sal%C3%A3o%20Toque%20de%20Beleza&query_place_id=ChIJjZ8S1xPxiwcRnfwDoOmHi8I,prospect
Odete sobrancelhas,5599991333209,"Av. Cristovão Colombo, R. São Raimundo, 1357, Codó - MA, 65400-000, Brasil",Codó,-4.4507101,-43.8750844,"{""Sobrancelhas e Cílios""}",https://www.google.com/maps/search/?api=1&query=Odete%20sobrancelhas&query_place_id=ChIJR122xl7xiwcRG7G4YmO6KOo,prospect
Salão de Beleza Josy,,"R. Francisco Bernardino, 1583 - Sao Sebastiao, Codó - MA, 65400-000, Brasil",Codó,-4.4670146,-43.8945806,"{""Salão de Beleza""}",https://www.google.com/maps/search/?api=1&query=Sal%C3%A3o%20de%20Beleza%20Josy&query_place_id=ChIJpykVHhvxiwcRYngaP4E0mWo,prospect
M&NEsmalteria,5599982366623,"R. Goiáis, 1323 - Santo Antonio, Codó - MA, 65400-000, Brasil",Codó,-4.4581533,-43.8784661,"{""Manicure - Esmalteria""}",https://www.google.com/maps/search/?api=1&query=M%26NEsmalteria&query_place_id=ChIJX7kyySLxiwcRNvQUruQgCc4,prospect
Fecabelos,5599982071411,"R. Santa Rita, 2060 - Codó, MA, 65400-000, Brasil",Codó,-4.4730365,-43.8927256,"{""Salão de Beleza""}",https://www.google.com/maps/search/?api=1&query=Fecabelos&query_place_id=ChIJxWnbTBDxiwcR5or6BO6c4gI,prospect
Salão de Beleza Delany,,"R. São Francisco - Codó, MA, 65400-000, Brasil",Codó,-4.4483364,-43.8963163,"{""Salão de Beleza""}",https://www.google.com/maps/search/?api=1&query=Sal%C3%A3o%20de%20Beleza%20Delany&query_place_id=ChIJTXtEyXrxiwcRFy7U-FdTO_I,prospect
Claudia Hair,5599996492758,"Av. Rei Salomao, 1238 - Codó, MA, 65400-000, Brasil",Codó,-4.4454332,-43.8804732,"{""Salão de Beleza""}",https://www.google.com/maps/search/?api=1&query=Claudia%20Hair&query_place_id=ChIJgwXk7XHxiwcRsOvwxUoh0d4,prospect
Mayanne Souza studio BEAUTY,5599991312369,"Av. Horácio Barbosa, 980 - Codó, MA, 65400-000, Brasil",Codó,-4.4518598,-43.873332,"{""Salão de Beleza""}",https://www.google.com/maps/search/?api=1&query=Mayanne%20Souza%20studio%20BEAUTY&query_place_id=ChIJL8na4whtxmoRIojc6XbjdnU,prospect
Josy Espaço da Beleza,5599999781034,"R. Goiânia, 521 - Santo Antônio, Codó - MA, 65400-000, Brasil",Codó,-4.4612107,-43.8802672,"{""Salão de Beleza""}",https://www.google.com/maps/search/?api=1&query=Josy%20Espa%C3%A7o%20da%20Beleza&query_place_id=ChIJN9HeuqzxiwcR7rcF2p1rVdA,prospect
Studios May,5599991312369,"Av. Horácio Barbosa, 980 - Codó, MA, 65400-000, Brasil",Codó,-4.4519053,-43.8732758,"{""Salão de Beleza""}",https://www.google.com/maps/search/?api=1&query=Studios%20May&query_place_id=ChIJrS23XwDxiwcRJ6MdTjREZR4,prospect
Ulcijara Lima,5599992065008,"Av Rei Salomão, R. São Raimundo - Trizidela, Codó - MA, 65400-000, Brasil",Codó,-4.4453149,-43.8802727,"{""Salão de Beleza""}",https://www.google.com/maps/search/?api=1&query=Ulcijara%20Lima&query_place_id=ChIJk1ajs63xiwcRv2qin35yP64,prospect
Salão Iracema,,"Av. Santos Dumont, 3941 - Santa Teresinha, Codó - MA, 65400-000, Brasil",Codó,-4.4726013,-43.8903104,"{""Salão de Beleza""}",https://www.google.com/maps/search/?api=1&query=Sal%C3%A3o%20Iracema&query_place_id=ChIJzSonGh7xiwcRQ1ynjeuip3M,prospect
Salão Da Rogéria,5599988563620,"Av. São Benedito, 1444 - Codó, MA, 65400-000, Brasil",Codó,-4.4373917,-43.8907728,"{""Salão de Beleza""}",https://www.google.com/maps/search/?api=1&query=Sal%C3%A3o%20Da%20Rog%C3%A9ria&query_place_id=ChIJWdzP7DzziwcRPYfpBJtU1Zs,prospect
SALAO NOVA IMAGEM,,"R. Frei Hen. de Coimbra, 980 - Codó, MA, 65400-000, Brasil",Codó,-4.4512856,-43.870341,"{""Salão de Beleza""}",https://www.google.com/maps/search/?api=1&query=SALAO%20NOVA%20IMAGEM&query_place_id=ChIJ0WV6d1LxiwcRtYjYHxoLAj8,prospect
Studio Gleyce Paiva,,"R. Manoel Januário, 2168B - Codó, MA, 65400-000, Brasil",Codó,-4.461116,-43.893106,"{""Salão de Beleza""}",https://www.google.com/maps/search/?api=1&query=Studio%20Gleyce%20Paiva&query_place_id=ChIJ9yQF1xPxiwcRw1ObyJ3qEKE,prospect
Carmem unhas,5599988084213,"Av. Dois, 268-50 - Codó, MA, 65400-000, Brasil",Codó,-4.4438937,-43.9024205,"{""Manicure - Esmalteria""}",https://www.google.com/maps/search/?api=1&query=Carmem%20unhas&query_place_id=ChIJQ_B1xGbxiwcR7cXmkdTswb8,prospect
Studio Manu Reis,5599985387893,"Luis Deusdedit - Novo Milenio, Codó - MA, 65400-000, Brasil",Codó,-4.4709952,-43.8796554,"{""Salão de Beleza""}",https://www.google.com/maps/search/?api=1&query=Studio%20Manu%20Reis&query_place_id=ChIJRRkISqXxiwcRvhEbqfYUem8,prospect
Lays Sousa Stúdio Hair,,"R. Barão do Rio Branco, 935 - Sao Sebastiao, Codó - MA, 65400-000, Brasil",Codó,-4.4582926,-43.8877178,"{""Salão de Beleza""}",https://www.google.com/maps/search/?api=1&query=Lays%20Sousa%20St%C3%BAdio%20Hair&query_place_id=ChIJJdCLNxXxiwcRmtuQZDd9n0Y,prospect
Lucyblima Espaço Da Beleza,,"Tv. Carlos Palhano - Codó, MA, 65400-000, Brasil",Codó,-4.4651422,-43.890946,"{""Salão de Beleza""}",https://www.google.com/maps/search/?api=1&query=Lucyblima%20Espa%C3%A7o%20Da%20Beleza&query_place_id=ChIJzXsrVBfxiwcREfnti2k8y4E,prospect
Amadoras de dreads,5599981838480,"Rua novo linda 1315 Rua da alegria 1236 Codó Novo, Codó - MA, 65400-000, Brasil",Codó,-4.4694731,-43.9009712,"{""Salão de Beleza""}",https://www.google.com/maps/search/?api=1&query=Amadoras%20de%20dreads&query_place_id=ChIJTUrqm3PxiwcRWJ-XwpQjO1w,prospect
Salão Stilo Novo,,"R. Rio G. do Norte, 2580 - Nova Jerusalem, Codó - MA, 65400-000, Brasil",Codó,-4.4597702,-43.8979122,"{""Salão de Beleza""}",https://www.google.com/maps/search/?api=1&query=Sal%C3%A3o%20Stilo%20Novo&query_place_id=ChIJ4_MVSwzxiwcRsyOBQYI5Sk0,prospect
Studio JN - Joyce Nascimento,5599981836834,"R. Fausto de Souza, 1221 - A - São Sebastião, Codó - MA, 65400-000, Brasil",Codó,-4.4648293,-43.8919961,"{""Salão de Beleza""}",https://www.google.com/maps/search/?api=1&query=Studio%20JN%20-%20Joyce%20Nascimento&query_place_id=ChIJs3Mk23zxiwcRyJfh0rCw8gA,prospect
Yasmin Azevedo Salão De Beleza,,"R. São Silva - Codó, MA, 65400-000, Brasil",Codó,-4.4601634,-43.8923614,"{""Salão de Beleza""}",https://www.google.com/maps/search/?api=1&query=Yasmin%20Azevedo%20Sal%C3%A3o%20De%20Beleza&query_place_id=ChIJ9yrylRPxiwcRW66CbynnLKU,prospect
Lenny Cabelos Manicure E Pedicure,,"Tv. do Sol, 1720 - Codó, MA, 65400-000, Brasil",Codó,-4.4771806,-43.895365,"{""Manicure - Esmalteria""}",https://www.google.com/maps/search/?api=1&query=Lenny%20Cabelos%20Manicure%20E%20Pedicure&query_place_id=ChIJxVgZuuTwiwcR0cYfOBzM_JA,prospect
STUDIO Mikaellen Vitória,,"Av. 1º de Maio, 1755 - Centro, Codó - MA, 65400-000, Brasil",Codó,-4.4515244,-43.8885417,"{""Salão de Beleza""}",https://www.google.com/maps/search/?api=1&query=STUDIO%20Mikaellen%20Vit%C3%B3ria&query_place_id=ChIJ3XDUWWjxiwcR4dIfsqivd1g,prospect
Espaço das unhas,,"R. São Sebastião, 1856 - Nova Jerusalem, Codó - MA, 65400-000, Brasil",Codó,-4.4613181,-43.8971751,"{""Manicure - Esmalteria""}",https://www.google.com/maps/search/?api=1&query=Espa%C3%A7o%20das%20unhas&query_place_id=ChIJd28qcw7xiwcRChrMHKewAsA,prospect
Studio Beleza Adla Raine,,"Codó, MA, 65400-000, Brasil",Codó,-4.4501663,-43.8823034,"{""Salão de Beleza""}",https://www.google.com/maps/search/?api=1&query=Studio%20Beleza%20Adla%20Raine&query_place_id=ChIJG240sFzxiwcR7LXJdBm_MZE,prospect
Studio Iracema Torres,,"R. César Brandão, 1488 - Sao Pedro, Codó - MA, 65400-000, Brasil",Codó,-4.4557916,-43.8959029,"{""Salão de Beleza""}",https://www.google.com/maps/search/?api=1&query=Studio%20Iracema%20Torres&query_place_id=ChIJNxW5JwDxiwcRTD_PYl6FZ68,prospect
STUDIO Raylene Lemes,,"R. do Puraque - Santa Terezinha, Codó - MA, 65400-000, Brasil",Codó,-4.4739464,-43.9001956,"{""Salão de Beleza""}",https://www.google.com/maps/search/?api=1&query=STUDIO%20Raylene%20Lemes&query_place_id=ChIJH8wb0v3wiwcRmxlNuQW0iHQ,prospect
Arte E Beleza Esmalteria,,"R. Pernambuco, 1116 - Sao Francisco, Codó - MA, 65400-000, Brasil",Codó,-4.4460622,-43.8924569,"{""Manicure - Esmalteria""}",https://www.google.com/maps/search/?api=1&query=Arte%20E%20Beleza%20Esmalteria&query_place_id=ChIJzX3ndGTxiwcRueSHDnEp0IY,prospect
Salão Brilho da Beleza,,"Codó, MA, 65400-000, Brasil",Codó,-4.4483909,-43.8730518,"{""Salão de Beleza""}",https://www.google.com/maps/search/?api=1&query=Sal%C3%A3o%20Brilho%20da%20Beleza&query_place_id=ChIJVz0UalHxiwcRUA2NhgakbjM,prospect
Alice Cabelos,,"R. Afonso Cunha, 1202 - Sao Raimundo, Codó - MA, 65400-000, Brasil",Codó,-4.4484656,-43.8749205,"{""Salão de Beleza""}",https://www.google.com/maps/search/?api=1&query=Alice%20Cabelos&query_place_id=ChIJd-d_5lDxiwcRE3ZKfKH_Uz8,prospect
Instituto de Beleza Evolução Cachos,5599996450920,"R. Rio G. do Norte - Codó, MA, 65400-000, Brasil",Codó,-4.4606943,-43.8918587,"{""Salão de Beleza""}",https://www.google.com/maps/search/?api=1&query=Instituto%20de%20Beleza%20Evolu%C3%A7%C3%A3o%20Cachos&query_place_id=ChIJ8cIdD6jxiwcRsK9g6yHtAm8,prospect
Coiffer Bella,,"R. São Raimundo, 1098 - Codó, MA, 65400-000, Brasil",Codó,-4.4448472,-43.8929679,"{""Salão de Beleza""}",https://www.google.com/maps/search/?api=1&query=Coiffer%20Bella&query_place_id=ChIJH7TTomPxiwcRSaKfzD14PeA,prospect
STUDIO BEAUTY,,"R. Quintino Bocaiúva, 1254 - Sao Sebastiao, Codó - MA, 65400-000, Brasil",Codó,-4.4633246,-43.8922363,"{""Salão de Beleza""}",https://www.google.com/maps/search/?api=1&query=STUDIO%20BEAUTY&query_place_id=ChIJlxgK3xDxiwcRq3i0nAYrxuo,prospect
Studio Val,5599996453512,"Rua Brasil N 727, R. São Raimundo, Codó - MA, 65400-000, Brasil",Codó,-4.4507856,-43.874742,"{""Salão de Beleza""}",https://www.google.com/maps/search/?api=1&query=Studio%20Val&query_place_id=ChIJy0jhqHrxiwcR3VyhUx0HxMY,prospect
STUDIO DANNY,5599985316088,"R. da Paz - Trizidela, Codó - MA, 65400-000, Brasil",Codó,-4.4516349,-43.876928,"{""Salão de Beleza""}",https://www.google.com/maps/search/?api=1&query=STUDIO%20DANNY&query_place_id=ChIJEZGIxTrxiwcRfygxC7PoDWw,prospect
Mirulinda Leite - Centro de Estética e Saúde integrativa,5599988272108,"R. Leontino Ramos - São Sebastião, Codó - MA, 65400-000, Brasil",Codó,-4.4600171,-43.8874491,"{""Clínica de Estética""}",https://www.google.com/maps/search/?api=1&query=Mirulinda%20Leite%20-%20Centro%20de%20Est%C3%A9tica%20e%20Sa%C3%BAde%20integrativa&query_place_id=ChIJQ8LsbU_xiwcRAIF8if1d-88,prospect
Salão O Brilho Da Beleza,,"R. Francisco Bernardino - Codó, MA, 65400-000, Brasil",Codó,-4.4673501,-43.8934725,"{""Salão de Beleza""}",https://www.google.com/maps/search/?api=1&query=Sal%C3%A3o%20O%20Brilho%20Da%20Beleza&query_place_id=ChIJ5c-vqRvxiwcRIAxvRCzYpPk,prospect
CarmemUnhas,5599988084213,"Rua 07 quadra 06 casa 19, Codó - MA, 65400-000, Brasil",Codó,-4.4676461,-43.8912892,"{""Manicure - Esmalteria""}",https://www.google.com/maps/search/?api=1&query=CarmemUnhas&query_place_id=ChIJWxsXlZzxiwcRsX4jjTzLoAc,prospect
Salão Bella Donna,,"R. Carlos Palhano, 1206 - Sao Sebastiao, Codó - MA, 65400-000, Brasil",Codó,-4.4653876,-43.8914491,"{""Salão de Beleza""}",https://www.google.com/maps/search/?api=1&query=Sal%C3%A3o%20Bella%20Donna&query_place_id=ChIJOUQwARrxiwcRewxIfvUYDVY,prospect
Espaço Mulher Salão De Beleza,,"R. Seis - Codó, MA, 65400-000, Brasil",Codó,-4.4468775,-43.9028146,"{""Salão de Beleza""}",https://www.google.com/maps/search/?api=1&query=Espa%C3%A7o%20Mulher%20Sal%C3%A3o%20De%20Beleza&query_place_id=ChIJo_qtBnnxiwcRKU1h1TXw2ic,prospect
SPACO DAS UNHAS,,"Av. Figueiredo, 1037 - Codó, MA, 65400-000, Brasil",Codó,-4.4516995,-43.8713107,"{""Manicure - Esmalteria""}",https://www.google.com/maps/search/?api=1&query=SPACO%20DAS%20UNHAS&query_place_id=ChIJXXIJ8U3xiwcRg-6PAXV52iw,prospect
Márcia Esmalteria,,"Av. Mal. Castelo Branco, 2477 - Sao Pedro, Codó - MA, 65400-000, Brasil",Codó,-4.4607265,-43.9031229,"{""Manicure - Esmalteria""}",https://www.google.com/maps/search/?api=1&query=M%C3%A1rcia%20Esmalteria&query_place_id=ChIJdW1bfwnxiwcR0qd86w2QRzQ,prospect
Paulinea unhas,,"R. Francisco Bernardino, 1488 - Sao Sebastiao, Codó - MA, 65400-000, Brasil",Codó,-4.4673068,-43.8930977,"{""Manicure - Esmalteria""}",https://www.google.com/maps/search/?api=1&query=Paulinea%20unhas&query_place_id=ChIJmYhvrhvxiwcRdDpOg2js-Q4,prospect
Kahsobranccelhas,5599999342221,"R. Padre José Pelegrine, 56 - Nova Jerusalém, Codó - MA, 65400-000, Brasil",Codó,-4.4601556,-43.8988201,"{""Salão de Beleza""}",https://www.google.com/maps/search/?api=1&query=Kahsobranccelhas&query_place_id=ChIJuTRvlH3xiwcRclWU3Bb316M,prospect
Salão de depilação,5599981445261,"Av. 1º de Maio - Codó, MA, 65400-000, Brasil",Codó,-4.443854,-43.8914499,"{""Depilação""}",https://www.google.com/maps/search/?api=1&query=Sal%C3%A3o%20de%20depila%C3%A7%C3%A3o&query_place_id=ChIJB_qqsE7xiwcRwBzpukAL8LI,prospect
Mayza Almeida Nails Design,,"R. Francisco Bernardino, 1439 - Codó, MA, 65400-000, Brasil",Codó,-4.4675708,-43.8927225,"{""Manicure - Esmalteria""}",https://www.google.com/maps/search/?api=1&query=Mayza%20Almeida%20Nails%20Design&query_place_id=ChIJEbEauhvxiwcRKm6QP9m9EHQ,prospect
TUDIO BELA ROSA,,"R. Rio G. do Norte, 2537 - Nova Jerusalem, Codó - MA, 65400-000, Brasil",Codó,-4.4600827,-43.8973613,"{""Salão de Beleza""}",https://www.google.com/maps/search/?api=1&query=TUDIO%20BELA%20ROSA&query_place_id=ChIJ0zrtwA3xiwcRU90EW14JaOo,prospect
Salao Sempre Bela,,"R. Higino Bastos, 390 - Santa Filomena, Codó - MA, 65400-000, Brasil",Codó,-4.457395,-43.8848689,"{""Salão de Beleza""}",https://www.google.com/maps/search/?api=1&query=Salao%20Sempre%20Bela&query_place_id=ChIJ9cQXb0DxiwcRyObIa5CNGB0,prospect
kauanenails,,"av 1 de maio beira linha, Av. São Benedito, 611, Codó - MA, 65400-000, Brasil",Codó,-4.4413021,-43.8911199,"{""Manicure - Esmalteria""}",https://www.google.com/maps/search/?api=1&query=kauanenails&query_place_id=ChIJe93R2W_ziwcRrFAGm_34rfI,prospect
STUDIO ANANDA SENA,,"R. César Brandão, 1183 - Sao Pedro, Codó - MA, 65400-000, Brasil",Codó,-4.4550565,-43.893529,"{""Salão de Beleza""}",https://www.google.com/maps/search/?api=1&query=STUDIO%20ANANDA%20SENA&query_place_id=ChIJQfOIUmzxiwcRl2Mssgfc6cI,prospect
ARRASUS STUDIO DE BELEZA,,"Codó, MA, 65400-000, Brasil",Codó,-4.4533668,-43.889826,"{""Salão de Beleza""}",https://www.google.com/maps/search/?api=1&query=ARRASUS%20STUDIO%20DE%20BELEZA&query_place_id=ChIJKzUuZmnxiwcR34D0wjvuOSc,prospect
Espaço Isaluh,5599981455139,"R. Trinta e Um de Março, 2247 - São Pedro, Codó - MA, 65400-000, Brasil",Codó,-4.4584195,-43.8932066,"{""Salão de Beleza""}",https://www.google.com/maps/search/?api=1&query=Espa%C3%A7o%20Isaluh&query_place_id=ChIJA7oVIqnxiwcR6mIx6fTdUlo,prospect
Esmalteria Juliano,,"Av. Brasil - Codó, MA, 65400-000, Brasil",Codó,-4.4863234,-43.8882842,"{""Manicure - Esmalteria""}",https://www.google.com/maps/search/?api=1&query=Esmalteria%20Juliano&query_place_id=ChIJh1G_UOrwiwcRMGCKpPp2CUc,prospect
V1 Barbearia,5599988168113,"Av. Alagoas, 367 - Codó, MA, 65400-000, Brasil",Codó,-4.4877146,-43.8880233,"{""Barbearia""}",https://www.google.com/maps/search/?api=1&query=V1%20Barbearia&query_place_id=ChIJR_FdOR7xiwcRt3pBXvxQY2M,prospect
Studio Amorim,,"Av. Oceania - Codó, MA, 65400-000, Brasil",Codó,-4.4676197,-43.9099071,"{""Salão de Beleza""}",https://www.google.com/maps/search/?api=1&query=Studio%20Amorim&query_place_id=ChIJ4QNeVqnxiwcR44m5cd84TIo,prospect
Lash designer marta oliveira,5599985315646,"R. São Sebastião - São sebastião, Codó - MA, 65400-000, Brasil",Codó,-4.4619375,-43.8906386,"{""Sobrancelhas e Cílios""}",https://www.google.com/maps/search/?api=1&query=Lash%20designer%20marta%20oliveira&query_place_id=ChIJa4TFhB3xiwcRbwX_pj8cPyw,prospect
Espaço da Beleza,,"Av. Alagoas - Codó, MA, 65400-000, Brasil",Codó,-4.4881379,-43.8859831,"{""Salão de Beleza""}",https://www.google.com/maps/search/?api=1&query=Espa%C3%A7o%20da%20Beleza&query_place_id=ChIJ0fgCG8DwiwcRu4FP92Kxb_Q,prospect
Espaço virtuosa,5598992001871,"R. São Silva, 2433 - São pedro, Codó - MA, 65400-000, Brasil",Codó,-4.4593262,-43.8922213,"{""Salão de Beleza""}",https://www.google.com/maps/search/?api=1&query=Espa%C3%A7o%20virtuosa&query_place_id=ChIJ78_X7ZHxiwcRwcfofOYeDHs,prospect
ESPAÇO DEPIL,,"R. Santa Catarina, 482 - Codó, MA, 65400-000, Brasil",Codó,-4.4568847,-43.8845057,"{""Depilação""}",https://www.google.com/maps/search/?api=1&query=ESPA%C3%87O%20DEPIL&query_place_id=ChIJUUGMXEDxiwcRJGlvfvHpUg0,prospect
Espaço Thyana Abreu,,"Tv. Quintino Bocaiúva - Codó, MA, 65400-000, Brasil",Codó,-4.46241,-43.8916025,"{""Salão de Beleza""}",https://www.google.com/maps/search/?api=1&query=Espa%C3%A7o%20Thyana%20Abreu&query_place_id=ChIJ90VwbjHxiwcRWSx1QpNLyX4,prospect
Barbearia Espaço Vip,5599981789842,"Av. Vitórino Freire, 453 - Codó, MA, 65400-000, Brasil",Codó,-4.4591229,-43.8831821,"{""Barbearia""}",https://www.google.com/maps/search/?api=1&query=Barbearia%20Espa%C3%A7o%20Vip&query_place_id=ChIJHWGobj_xiwcR8ghzCrbxxto,prospect
Espaço innovare,5599982675936,"Rua Pernambuco casa 02-Qdra A20 - Residencial Santa Rita, Codó - MA, 65400-000, Brasil",Codó,-4.485301,-43.887865,"{""Salão de Beleza""}",https://www.google.com/maps/search/?api=1&query=Espa%C3%A7o%20innovare&query_place_id=ChIJ8QQbI_DxiwcRQXd_k2eK2X8,prospect
Márcia Esmalteria Nail Designer,,"R. Osmarina Medeiros, 2382 - Codó, MA, 65400-000, Brasil",Codó,-4.4622129,-43.9016882,"{""Manicure - Esmalteria""}",https://www.google.com/maps/search/?api=1&query=M%C3%A1rcia%20Esmalteria%20Nail%20Designer&query_place_id=ChIJ8W2aIwnxiwcRbGW_Y4J3lOQ,prospect
Saláo Luciano,,"R. da Paz, 1048 - Sao Raimundo, Codó - MA, 65400-000, Brasil",Codó,-4.4514864,-43.8768997,"{""Salão de Beleza""}",https://www.google.com/maps/search/?api=1&query=Sal%C3%A1o%20Luciano&query_place_id=ChIJ7wZzWEXxiwcRCIPlQvtvTbA,prospect
CENTRO DE BELEZA MIKAELLEN VITÓRIA,,"Av. 1º de Maio - Codó, MA, 65400-000, Brasil",Codó,-4.4609374,-43.8824465,"{""Salão de Beleza""}",https://www.google.com/maps/search/?api=1&query=CENTRO%20DE%20BELEZA%20MIKAELLEN%20VIT%C3%93RIA&query_place_id=ChIJlxJQaQDxiwcRGpS6Vb_FMwo,prospect
Casa minha,5599981355610,"R. Antônino Lages, 184 - g G - Santa Filomena, Codó - MA, 65400-000, Brasil",Codó,-4.4557183,-43.8826695,"{""Salão de Beleza""}",https://www.google.com/maps/search/?api=1&query=Casa%20minha&query_place_id=ChIJuxg_-Q3xiwcRz-iLtL_T0Tc,prospect
Vanierica Novais Nail Designer,,"Av. Alagoas - Codó, MA, 65400-000, Brasil",Codó,-4.487933,-43.8874324,"{""Manicure - Esmalteria""}",https://www.google.com/maps/search/?api=1&query=Vanierica%20Novais%20Nail%20Designer&query_place_id=ChIJp2c0uerwiwcRiF2HVDM3jnI,prospect
Brenda lash desing,5599984297976,"casa 13 - Avenida01, R. São Francisco, Codó - MA, 65400-000, Brasil",Codó,-4.4476554,-43.9021918,"{""Sobrancelhas e Cílios""}",https://www.google.com/maps/search/?api=1&query=Brenda%20lash%20desing&query_place_id=ChIJndyqcdXxiwcROLKg3GVCZJs,prospect
Salão Cabelo & Cia,,"Tv. Terezina, 1928 - Codó, MA, 65400-000, Brasil",Codó,-4.4668146,-43.8922499,"{""Salão de Beleza""}",https://www.google.com/maps/search/?api=1&query=Sal%C3%A3o%20Cabelo%20%26%20Cia&query_place_id=ChIJF6iPNhrxiwcRCV4xiX2Ylt8,prospect
Nilma Sousa Nail Designer,,"R. do Puraque, 1245 - Santa Teresinha, Codó - MA, 65400-000, Brasil",Codó,-4.4695505,-43.891137,"{""Manicure - Esmalteria""}",https://www.google.com/maps/search/?api=1&query=Nilma%20Sousa%20Nail%20Designer&query_place_id=ChIJ_fUNqB7xiwcRxRHvGIFcGyw,prospect
Studio Martins,,"E. Da alegria - novo, Codó - MA, 65400-000, Brasil",Codó,-4.4727017,-43.9013834,"{""Salão de Beleza""}",https://www.google.com/maps/search/?api=1&query=Studio%20Martins&query_place_id=ChIJST4GOwDxiwcRYYbln817Gv8,prospect
Stúdio de Cílios Herllen Carvalho,5598985017506,"Rua Benjamin Constant - São Sebastião, Codó - MA, 65400-000, Brasil",Codó,-4.4597709,-43.8861568,"{""Sobrancelhas e Cílios""}",https://www.google.com/maps/search/?api=1&query=St%C3%BAdio%20de%20C%C3%ADlios%20Herllen%20Carvalho&query_place_id=ChIJM8q31ayPiwcR17WC9sxkl9I,prospect
Nathy Unhas,,"Tv. Rio Grande do Norte, 1329 - Codó, MA, 65400-000, Brasil",Codó,-4.460542,-43.895774,"{""Manicure - Esmalteria""}",https://www.google.com/maps/search/?api=1&query=Nathy%20Unhas&query_place_id=ChIJ43WRCBLxiwcROEZy_qMPhms,prospect
Designer Anna Santos,5599933001244,"Residencial Santa Rita - R. Paraíba, Quadra B15 - Casa 14 - Santa Teresinha, Codó - MA, 65400-000, Brasil",Codó,-4.4901153,-43.8889166,"{""Salão de Beleza""}",https://www.google.com/maps/search/?api=1&query=Designer%20Anna%20Santos&query_place_id=ChIJkRg94xXxiwcRBnYNqs7aX7c,prospect
Nayane profissional em designer cílios é sobrancelhas,,"R. Ricardo Archer, 1342 - Santa Teresinha, Codó - MA, 65400-000, Brasil",Codó,-4.4700948,-43.8993938,"{""Sobrancelhas e Cílios""}",https://www.google.com/maps/search/?api=1&query=Nayane%20profissional%20em%20designer%20c%C3%ADlios%20%C3%A9%20sobrancelhas&query_place_id=ChIJl9-eRQDxiwcR9VVEw8QdzFA,prospect
Studio Larine Amorim,5598991788934,"Rua Antônio Alexandre, Av. São Benedito, 1457, Codó - MA, 65400-000, Brasil",Codó,-4.4488047,-43.8851801,"{""Salão de Beleza""}",https://www.google.com/maps/search/?api=1&query=Studio%20Larine%20Amorim&query_place_id=ChIJHxiHEQDxiwcRsJ5CEX6tICU,prospect
Renata NAIL DESIGNER,,"R. do Puraque, 1560 - Codó, MA, 65400-000, Brasil",Codó,-4.4713715,-43.8937672,"{""Manicure - Esmalteria""}",https://www.google.com/maps/search/?api=1&query=Renata%20NAIL%20DESIGNER&query_place_id=ChIJjZDyCB3xiwcRZTIW23zgQb4,prospect
Jéssica NAILS DESIGNER,,"R. Pernambuco - Codó, MA, 65400-000, Brasil",Codó,-4.4855739,-43.8857602,"{""Manicure - Esmalteria""}",https://www.google.com/maps/search/?api=1&query=J%C3%A9ssica%20NAILS%20DESIGNER&query_place_id=ChIJwQk478HwiwcRZCieImss7aI,prospect
Studio jessyca nail designer,5599988359376,"Rua Nossa Senhora das Dores, R. São Raimundo, 237, Codó - MA, 65400-000, Brasil",Codó,-4.4471765,-43.8674828,"{""Manicure - Esmalteria""}",https://www.google.com/maps/search/?api=1&query=Studio%20jessyca%20nail%20designer&query_place_id=ChIJP-ZSlOvxiwcRXdcN4XYGR3w,prospect
Barbearia do irmão,,"Rua João Passoa, R. João Pessoa, 103, Codó - MA, 65400-000, Brasil",Codó,-4.4544596,-43.8847175,"{""Barbearia""}",https://www.google.com/maps/search/?api=1&query=Barbearia%20do%20irm%C3%A3o&query_place_id=ChIJr7yvvUHxiwcRRNvEb0KdFo8,prospect
@Studio_Thaisborgess,5599999344798,"R. São Miguel, 1264 - Codó, MA, 65400-000, Brasil",Codó,-4.4702005,-43.8971074,"{""Salão de Beleza""}",https://www.google.com/maps/search/?api=1&query=%40Studio_Thaisborgess&query_place_id=ChIJEZYtfwDxiwcRz1PM0c1ypnY,prospect
Unhas Daiane Gomes,5599991712076,"Av. 1º de Maio, 399A - Beira da linha, Codó - MA, 65400-000, Brasil",Codó,-4.4438944,-43.891466,"{""Manicure - Esmalteria""}",https://www.google.com/maps/search/?api=1&query=Unhas%20Daiane%20Gomes&query_place_id=ChIJUz02ZKzxiwcRQGn26pgYJpU,prospect
Sheila Nobre Manicure E Pedicure,,"Av. 1º de Maio, 3051 - Sao Sebastiao, Codó - MA, 65400-000, Brasil",Codó,-4.4613116,-43.8817976,"{""Manicure - Esmalteria""}",https://www.google.com/maps/search/?api=1&query=Sheila%20Nobre%20Manicure%20E%20Pedicure&query_place_id=ChIJbVVftD7xiwcRJQfhGbzd2aM,prospect
Mary Nails Designer Manicure,,"R. da Esperança, 1120 - Codó, MA, 65400-000, Brasil",Codó,-4.4706469,-43.8993486,"{""Manicure - Esmalteria""}",https://www.google.com/maps/search/?api=1&query=Mary%20Nails%20Designer%20Manicure&query_place_id=ChIJO6PYSwLxiwcRdMe7hHC4jxc,prospect
VANESSA MARTINS Nails Designer,,"R. da Alegria, 1342c - Codó, MA, 65400-000, Brasil",Codó,-4.4701285,-43.8991771,"{""Manicure - Esmalteria""}",https://www.google.com/maps/search/?api=1&query=VANESSA%20MARTINS%20Nails%20Designer&query_place_id=ChIJz4nsaP3wiwcR9jQfTEbI3Fo,prospect
Érica Feitosa Sobrancelhas,,"R. Lisboa, 14 - qd a6 - Codó, MA, 65400-000, Brasil",Codó,-4.4650682,-43.9116916,"{""Sobrancelhas e Cílios""}",https://www.google.com/maps/search/?api=1&query=%C3%89rica%20Feitosa%20Sobrancelhas&query_place_id=ChIJRTaHQADxiwcRcq8FWX_mTk0,prospect
BLACK BARBEARIA Codo,5599988335694,"R. Rio de Janeiro - SAO FRANCISCO, Codó - MA, 65400-000, Brasil",Codó,-4.4509446,-43.8951996,"{""Barbearia""}",https://www.google.com/maps/search/?api=1&query=BLACK%20BARBEARIA%20Codo&query_place_id=ChIJgQA-qDnxiwcRqCEniYVuC1k,prospect
Studio de Unhas Taís Araújo,5599982188079,,Codó,-4.4672408,-43.8866999,"{""Manicure - Esmalteria""}",https://www.google.com/maps/search/?api=1&query=Studio%20de%20Unhas%20Ta%C3%ADs%20Ara%C3%BAjo&query_place_id=ChIJ32OTq1Yd-GARdr2SzYTNhPg,prospect
Studio Claudia Torres,5599985059646,"Av. Maranhão, 1221 - Centro, Codó - MA, 65400-000, Brasil",Codó,-4.4590631,-43.8917298,"{""Salão de Beleza""}",https://www.google.com/maps/search/?api=1&query=Studio%20Claudia%20Torres&query_place_id=ChIJrVpkpxTxiwcRbfcnpb6nMgQ,prospect
Valéria Borges - Beauty & Academy,,"Av. São Benedito, 1544 - Codó, MA, 65400-000, Brasil",Codó,-4.4497894,-43.8879454,"{""Salão de Beleza""}",https://www.google.com/maps/search/?api=1&query=Val%C3%A9ria%20Borges%20-%20Beauty%20%26%20Academy&query_place_id=ChIJIRbwPADxiwcRPPS1cxmQWz4,prospect
Mayara Santos lash design,5561993707558,"R. Distrito Federal - Codó, MA, 65400-000, Brasil",Codó,-4.4508404,-43.8918195,"{""Sobrancelhas e Cílios""}",https://www.google.com/maps/search/?api=1&query=Mayara%20Santos%20lash%20design&query_place_id=ChIJe4_gP3XxiwcRc2CF9KuqU88,prospect
Inoove - Fisioterapia e Estética,5599985480179,"Av. Maranhão, R. São Sebastião, 1500A, Codó - MA, 65400-000, Brasil",Codó,-4.4572146,-43.8910171,"{""Clínica de Estética""}",https://www.google.com/maps/search/?api=1&query=Inoove%20-%20Fisioterapia%20e%20Est%C3%A9tica&query_place_id=ChIJl2bpNaHxiwcRLXszLoXoae0,prospect
Donna Make,5599981940594,"R. 7 Setembro - Centro, Codó - MA, 65400-000, Brasil",Codó,-4.4531733,-43.8864425,"{""Maquiagem""}",https://www.google.com/maps/search/?api=1&query=Donna%20Make&query_place_id=ChIJ0Wp9WFPxiwcR300bJWamx9o,prospect
Salão Bia Cabelos,,"R. Ruy Barbosa, 1049 - Codó, MA, 65400-000, Brasil",Codó,-5.0106922,-43.9056021,"{""Salão de Beleza""}",https://www.google.com/maps/search/?api=1&query=Sal%C3%A3o%20Bia%20Cabelos&query_place_id=ChIJQ4RlFgAviQcR5j3d3z8v-t4,prospect
Centro de saúde de cajazeiras,,"Codó, MA, 65775-000, Brasil",Codó,-5.0131251,-43.9053906,"{""Salão de Beleza""}",https://www.google.com/maps/search/?api=1&query=Centro%20de%20sa%C3%BAde%20de%20cajazeiras&query_place_id=ChIJVWrktA0viQcR9avlTrxpM3s,prospect
Espacobellaflorstudio,,"VRQ9+XH - Codozinho, Coroatá - MA, 65400-000, Brasil",Codó,-4.5600625,-44.1810625,"{""Salão de Beleza""}",https://www.google.com/maps/search/?api=1&query=Espacobellaflorstudio&query_place_id=ChIJux1iRADZiwcRCiG0LXPtipc,prospect
Salão Mirla Cabelos,,"R. São Paulo - Codó, MA, 65400-000, Brasil",Codó,-4.460133,-43.8899689,"{""Salão de Beleza""}",https://www.google.com/maps/search/?api=1&query=Sal%C3%A3o%20Mirla%20Cabelos&query_place_id=ChIJHZqHQhTxiwcRm-lAb9gzWww,prospect
Nildo sobrancelhas,5599981820772,"R. Pernambuco - São Francisco, Codó - MA, 65400-000, Brasil",Codó,-4.441637,-43.905945,"{""Sobrancelhas e Cílios""}",https://www.google.com/maps/search/?api=1&query=Nildo%20sobrancelhas&query_place_id=ChIJNcswS0fxiwcRJs6Hvh7bScA,prospect
Salão Lúcia Hair,5599996417518,,Codó,-4.456786,-43.883004,"{""Salão de Beleza""}",https://www.google.com/maps/search/?api=1&query=Sal%C3%A3o%20L%C3%BAcia%20Hair&query_place_id=ChIJpYBh6EDxiwcRQZmy58BUtoc,prospect
Salão JPN,5599981831670,"Av. Augusto Teixeira, 2400 - Codó, MA, 65400-000, Brasil",Codó,-4.4572691,-43.8882124,"{""Salão de Beleza""}",https://www.google.com/maps/search/?api=1&query=Sal%C3%A3o%20JPN&query_place_id=ChIJrdPoz2rxiwcRR7H9UWopL8k,prospect
Clínica de Fisioterapia e Estetica Reabilitar,,"R. Simeão de Macedo, 1801 - Centro, Codó - MA, 65400-000, Brasil",Codó,-4.4471142,-43.8860988,"{""Clínica de Estética""}",https://www.google.com/maps/search/?api=1&query=Cl%C3%ADnica%20de%20Fisioterapia%20e%20Estetica%20Reabilitar&query_place_id=ChIJsXOelULxiwcREtmEI-AN_90,prospect
CENTRO DE TREINAMENTO CORPO & FORMA (CENTRO),,"Tv. Z. Cardoso, 1 - Centro, Codó - MA, 65400-000, Brasil",Codó,-4.4520487,-43.8861554,"{""Salão de Beleza""}",https://www.google.com/maps/search/?api=1&query=CENTRO%20DE%20TREINAMENTO%20CORPO%20%26%20FORMA%20(CENTRO)&query_place_id=ChIJE40YWADxiwcRt7dHNDtK740,prospect
Célia cabelos,559870115154,"Av. Dr. Afonso Bacelar, 183-257, Coelho Neto - MA, 65620-000, Brasil",Coelho Neto,-4.2578661,-43.0159308,"{""Salão de Beleza""}",https://www.google.com/maps/search/?api=1&query=C%C3%A9lia%20cabelos&query_place_id=ChIJFSi0NP6ljQcRJYTlPQjHGRI,prospect
Império Da Beleza,,"R. Valentim Antonio de Souza, 230, Coelho Neto - MA, 65620-000, Brasil",Coelho Neto,-4.254512,-43.0145248,"{""Salão de Beleza""}",https://www.google.com/maps/search/?api=1&query=Imp%C3%A9rio%20Da%20Beleza&query_place_id=ChIJuU-SrAamjQcRq0IoqaZfAgY,prospect
Salão de beleza cris cabelo,5598981858121,"Av. Santana, Coelho Neto - MA, 65620-000, Brasil",Coelho Neto,-4.2559656,-43.008308,"{""Salão de Beleza""}",https://www.google.com/maps/search/?api=1&query=Sal%C3%A3o%20de%20beleza%20cris%20cabelo&query_place_id=ChIJCcWylfqnjQcRmRd14ywt-u4,prospect
Salão Paty,5598988759222,"Av. Santana, 351 - Centro, Coelho Neto - MA, 65620-000, Brasil",Coelho Neto,-4.2538279,-43.0086857,"{""Salão de Beleza""}",https://www.google.com/maps/search/?api=1&query=Sal%C3%A3o%20Paty&query_place_id=ChIJHfJdvwWmjQcRbyEo4XvqW7A,prospect
Espaço Hair & Nails,5598981443414,"Av. Coelho Neto, 170-246, Coelho Neto - MA, 65620-000, Brasil",Coelho Neto,-4.2454728,-43.0152602,"{""Manicure - Esmalteria""}",https://www.google.com/maps/search/?api=1&query=Espa%C3%A7o%20Hair%20%26%20Nails&query_place_id=ChIJd0EABzCnjQcRPz21sLD8o64,prospect
Salao Divas hair,5598982195551,"Av. Santana, Coelho Neto - MA, 65620-000, Brasil",Coelho Neto,-4.2454507,-43.013558,"{""Salão de Beleza""}",https://www.google.com/maps/search/?api=1&query=Salao%20Divas%20hair&query_place_id=ChIJu3jFKqGnjQcRbovqQtbwPQo,prospect
Instituto De Beleza Capricho,5598981543987,"Av. Mal. Cordeiro de Farias, Coelho Neto - MA, 65620-000, Brasil",Coelho Neto,-4.2565986,-43.0093341,"{""Salão de Beleza""}",https://www.google.com/maps/search/?api=1&query=Instituto%20De%20Beleza%20Capricho&query_place_id=ChIJawZjfAimjQcRXS9gpW6mqL0,prospect
CENTRO DE ESTÉTICA E BELEZA Nathalia Serejo,,"Av. Mal. Cordeiro de Farias, 764, Coelho Neto - MA, 65620-000, Brasil",Coelho Neto,-4.2567566,-43.0100539,"{""Clínica de Estética""}",https://www.google.com/maps/search/?api=1&query=CENTRO%20DE%20EST%C3%89TICA%20E%20BELEZA%20Nathalia%20Serejo&query_place_id=ChIJC-3O1gemjQcRtS7vgejcK-U,prospect
ESPAÇO DE ESTÉTICA LARISSE AGUIAR,5586999175355,"R. Juscelino Kubitscheck, 173, Coelho Neto - MA, 65620-000, Brasil",Coelho Neto,-4.2551442,-43.0156944,"{""Clínica de Estética""}",https://www.google.com/maps/search/?api=1&query=ESPA%C3%87O%20DE%20EST%C3%89TICA%20LARISSE%20AGUIAR&query_place_id=ChIJi2p7oY6njQcRS25A7KWnNw4,prospect
Beatriz pink,,"R. Nilo Peçanha, Coelho Neto - MA, 65620-000, Brasil",Coelho Neto,-4.2427646,-43.0170544,"{""Salão de Beleza""}",https://www.google.com/maps/search/?api=1&query=Beatriz%20pink&query_place_id=ChIJ4_maMgCnjQcRkm3mB9P8C58,prospect
Daiara epilação,5598983302752,"torres - Luiz torquarto, R. do Anil, 2, Coelho Neto - MA, 65620-000, Brasil",Coelho Neto,-4.2599195,-43.0176591,"{""Depilação""}",https://www.google.com/maps/search/?api=1&query=Daiara%20epila%C3%A7%C3%A3o&query_place_id=ChIJ50J6tsOljQcRDWncVwfHB8w,prospect
Studio Eryca Machado,5598985440472,"Av. Coelho Neto, Coelho Neto - MA, 65620-000, Brasil",Coelho Neto,-4.2454836,-43.0152475,"{""Salão de Beleza""}",https://www.google.com/maps/search/?api=1&query=Studio%20Eryca%20Machado&query_place_id=ChIJm-44q5OnjQcR07SiksbMuVU,prospect
Studio Welline Vaz,5598981231288,"Av. Coelho Neto, Coelho Neto - MA, 65620-000, Brasil",Coelho Neto,-4.2446151,-43.0147858,"{""Salão de Beleza""}",https://www.google.com/maps/search/?api=1&query=Studio%20Welline%20Vaz&query_place_id=ChIJr8fux1KnjQcRQEgzGSEb9c0,prospect
Salão Vanessa cabelo,5598982072626,"R. Pres. Epitácio Pessoa, 475, Coelho Neto - MA, 65620-000, Brasil",Coelho Neto,-4.248663,-43.0212007,"{""Salão de Beleza""}",https://www.google.com/maps/search/?api=1&query=Sal%C3%A3o%20Vanessa%20cabelo&query_place_id=ChIJ12WJHOKpjQcRgl8xj-arYPM,prospect
Excelência Depilação,5598985240963,"R. Juscelino Kubitscheck, 438 - Centro, Coelho Neto - MA, 65620-000, Brasil",Coelho Neto,-4.2525512,-43.0155946,"{""Depilação""}",https://www.google.com/maps/search/?api=1&query=Excel%C3%AAncia%20Depila%C3%A7%C3%A3o&query_place_id=ChIJK-1cL0ynjQcRZgyFD6tdPbc,prospect
Bella Rosa - Estúdio de beleza,,"R. Joaquim Pereira Dutra, Coelho Neto - MA, 65620-000, Brasil",Coelho Neto,-4.2600004,-43.0253627,"{""Salão de Beleza""}",https://www.google.com/maps/search/?api=1&query=Bella%20Rosa%20-%20Est%C3%BAdio%20de%20beleza&query_place_id=ChIJtamkkQ-vjQcRnalWZup_HBY,prospect
Letícia Barros Studio de Beleza,5598985002934,"R. da Ecologia, Coelho Neto - MA, 65620-000, Brasil",Coelho Neto,-4.2639536,-43.0234884,"{""Salão de Beleza""}",https://www.google.com/maps/search/?api=1&query=Let%C3%ADcia%20Barros%20Studio%20de%20Beleza&query_place_id=ChIJrVP7xdmvjQcRNWOtm_g2fh4,prospect
ANA KATYA BEAUTY,,"R. Raimundo Sérvulo de Lima, 848, Coelho Neto - MA, 65620-000, Brasil",Coelho Neto,-4.2562037,-43.0192441,"{""Salão de Beleza""}",https://www.google.com/maps/search/?api=1&query=ANA%20KATYA%20BEAUTY&query_place_id=ChIJ-8veKACmjQcRBST7S5z-CNc,prospect
SALÃO DE BELEZA Valeria,,"R. Píres Médici, Coelho Neto - MA, 65620-000, Brasil",Coelho Neto,-4.2597297,-43.0190665,"{""Salão de Beleza""}",https://www.google.com/maps/search/?api=1&query=SAL%C3%83O%20DE%20BELEZA%20Valeria&query_place_id=ChIJx0qCeP-ljQcRoTS_yFVjnVU,prospect
Salão o Pedrinho,,"R. Zé de Souza, 457, Coelho Neto - MA, 65620-000, Brasil",Coelho Neto,-4.2520661,-43.0146242,"{""Salão de Beleza""}",https://www.google.com/maps/search/?api=1&query=Sal%C3%A3o%20o%20Pedrinho&query_place_id=ChIJ44Sk1pKnjQcRyw4BSMS0eCo,prospect
Studio Kassy Chaves,,"Av. Carlos Freire - Quiabos, Coelho Neto - MA, 65620-000, Brasil",Coelho Neto,-4.2623555,-43.0229095,"{""Salão de Beleza""}",https://www.google.com/maps/search/?api=1&query=Studio%20Kassy%20Chaves&query_place_id=ChIJSw1imoOvjQcRS36lpBJNxO4,prospect
Salão Belo Corte,,"R. Nicolau Batista, 2-56, Coelho Neto - MA, 65620-000, Brasil",Coelho Neto,-4.2469935,-43.0161604,"{""Salão de Beleza""}",https://www.google.com/maps/search/?api=1&query=Sal%C3%A3o%20Belo%20Corte&query_place_id=ChIJSz9GVMinjQcRUqScN_dVypQ,prospect
Studio Arleth Silva,,"R. Maranhão - Mutirão, Coelho Neto - MA, 65620-000, Brasil",Coelho Neto,-4.2620575,-43.0252585,"{""Salão de Beleza""}",https://www.google.com/maps/search/?api=1&query=Studio%20Arleth%20Silva&query_place_id=ChIJiUa8YwCvjQcRwgxpT25-IR4,prospect
Studio Laís Silva,5598984388869,"Av. Mal. Cordeiro de Farias, 424, Coelho Neto - MA, 65620-000, Brasil",Coelho Neto,-4.2565054,-43.0068484,"{""Salão de Beleza""}",https://www.google.com/maps/search/?api=1&query=Studio%20La%C3%ADs%20Silva&query_place_id=ChIJRXgCP5uljQcRLcUDMkiU3x0,prospect
Lúcia Manicure,,"Av. Santana, 336, Coelho Neto - MA, 65620-000, Brasil",Coelho Neto,-4.2493362,-43.0094945,"{""Manicure - Esmalteria""}",https://www.google.com/maps/search/?api=1&query=L%C3%BAcia%20Manicure&query_place_id=ChIJjXGDNwCnjQcRd_THIct6ODc,prospect
Sandra Oliveira da luz,,"R. Dep. Raimundo Bacelar, 100 - CEP:, Coelho Neto - MA, 65620-000, Brasil",Coelho Neto,-4.2568381,-43.0136316,"{""Clínica de Estética""}",https://www.google.com/maps/search/?api=1&query=Sandra%20Oliveira%20da%20luz&query_place_id=ChIJ4dlmXQCnjQcRQUe386IVOtc,prospect
A Casa de Patrick Estrela,5566666666666,"R. Heroiton Rodrigues, 395-305, Coelho Neto - MA, 65620-000, Brasil",Coelho Neto,-4.2550992,-43.018955,"{""Salão de Beleza""}",https://www.google.com/maps/search/?api=1&query=A%20Casa%20de%20Patrick%20Estrela&query_place_id=ChIJp7Q-DQCnjQcR5QjT4UejS5c,prospect
Sara Bronze,5598982100624,"R. Quinze de Novembro - Santana, Coelho Neto - MA, 65620-000, Brasil",Coelho Neto,-4.252214,-43.0077687,"{""Clínica de Estética""}",https://www.google.com/maps/search/?api=1&query=Sara%20Bronze&query_place_id=ChIJUeGUKoWnjQcR5iCPjTQBFGs,prospect
Karla unhas,,"R. São Pedro, Coelho Neto - MA, 65620-000, Brasil",Coelho Neto,-4.2551504,-43.0130625,"{""Manicure - Esmalteria""}",https://www.google.com/maps/search/?api=1&query=Karla%20unhas&query_place_id=ChIJg-fOEACnjQcRRSTHDAaIPIU,prospect
Sara Cabelos,,"R. Pres. Gáspar Dutra Ou G., Coelho Neto - MA, 65620-000, Brasil",Coelho Neto,-4.249577,-43.0213355,"{""Salão de Beleza""}",https://www.google.com/maps/search/?api=1&query=Sara%20Cabelos&query_place_id=ChIJ6d4I2qeojQcRasxowNDAj1Q,prospect
Centro de Beleza Andressa Rhuanna,5599999057945,"atrás da quadra do advogado Juraci - Rua Teodorico arras, R. Neres Bandeira, Lago da Pedra - MA, 65715-000, Brasil",Lago da Pedra,-4.5763604,-45.1313281,"{""Salão de Beleza""}",https://www.google.com/maps/search/?api=1&query=Centro%20de%20Beleza%20Andressa%20Rhuanna&query_place_id=ChIJ6-Dndo2pzJIRaqPNgfnQfEY,prospect
South Glam Hair Salon,5599991922281,"Av. Venceslau, 03A - Centro, Lago da Pedra - MA, 65715-000, Brasil",Lago da Pedra,-4.5730339,-45.1292572,"{""Salão de Beleza""}",https://www.google.com/maps/search/?api=1&query=South%20Glam%20Hair%20Salon&query_place_id=ChIJWxjoOLWpzJIRGh9qd_EAwig,prospect
Barbearia mister panda,5599985057295,"Próximo ao hospital e o cras, Lagoa Grande do Maranhão - MA, 65718-000, Brasil",Lago da Pedra,-4.7746935,-45.2618568,"{""Barbearia""}",https://www.google.com/maps/search/?api=1&query=Barbearia%20mister%20panda&query_place_id=ChIJoxH9XKO_zJIRnylEeB-TbhA,prospect
Diego Cabeleireiro,5599985111845,"Marajá - N 733, Lago da Pedra - MA, 65715-000, Brasil",Lago da Pedra,-4.5699901,-45.1177474,"{""Salão de Beleza""}",https://www.google.com/maps/search/?api=1&query=Diego%20Cabeleireiro&query_place_id=ChIJ8zrt9YypzJIR_nHMP_M3Rok,prospect
Salão Imperio Da Beleza,5599988373882,"Lago da Pedra - MA, 65715-000, Brasil",Lago da Pedra,-4.5701843,-45.1238165,"{""Salão de Beleza""}",https://www.google.com/maps/search/?api=1&query=Sal%C3%A3o%20Imperio%20Da%20Beleza&query_place_id=ChIJ1VAGbt2pzJIRjyp8fvuS1zc,prospect
Josy Cabeleireira,,"Av. Antônio Balé, Lago da Pedra - MA, 65715-000, Brasil",Lago da Pedra,-4.5716431,-45.1243562,"{""Salão de Beleza""}",https://www.google.com/maps/search/?api=1&query=Josy%20Cabeleireira&query_place_id=ChIJuanxry-pzJIRNTikM2fruJ4,prospect
Loja Gih Make Up,5599981253576,"Av. Maura Jorge, 209, Lago da Pedra - MA, 65715-000, Brasil",Lago da Pedra,-4.5620171,-45.1358508,"{""Maquiagem""}",https://www.google.com/maps/search/?api=1&query=Loja%20Gih%20Make%20Up&query_place_id=ChIJW7HriV-pzJIRWndq5hD66y4,prospect
Emiliana Oliver Nails,5599984763839,"Rua da Olaria, Quadra 15 - lote 14, Lago da Pedra - MA, 65715-000, Brasil",Lago da Pedra,-4.5565002,-45.1366819,"{""Manicure - Esmalteria""}",https://www.google.com/maps/search/?api=1&query=Emiliana%20Oliver%20Nails&query_place_id=ChIJMW0EM8GpzJIRHTwWJTQU4cI,prospect
Studio Mary,5599982570369,"Av. José Vieira de Melo, 100 - Rodoviária, Lago da Pedra - MA, 65715-000, Brasil",Lago da Pedra,-4.5646193,-45.1253754,"{""Salão de Beleza""}",https://www.google.com/maps/search/?api=1&query=Studio%20Mary&query_place_id=ChIJkRLspH6pzJIRW7LKfdu2VAs,prospect
Jô Cabeleireira,5599988325960,"Av. Raimundo Silva Barros, S/N - Serra dourada, Lago da Pedra - MA, 65715-000, Brasil",Lago da Pedra,-4.5690983,-45.1193433,"{""Salão de Beleza""}",https://www.google.com/maps/search/?api=1&query=J%C3%B4%20Cabeleireira&query_place_id=ChIJIzTBlRepzJIRWwhwvGiGL0U,prospect
Studio K,5599991662265,"MA-245, 299, Lago da Pedra - MA, 65715-000, Brasil",Lago da Pedra,-4.5289066,-45.1077014,"{""Salão de Beleza""}",https://www.google.com/maps/search/?api=1&query=Studio%20K&query_place_id=ChIJjylfxeRXy5IRnbClnhC5by4,prospect
Salão da ivone,5599984388084,"R. Dep. José Machado - Rodoviária, Lago da Pedra - MA, 65715-000, Brasil",Lago da Pedra,-4.5696382,-45.122573,"{""Salão de Beleza""}",https://www.google.com/maps/search/?api=1&query=Sal%C3%A3o%20da%20ivone&query_place_id=ChIJ8USXNsipzJIRe7KDpG3FXRg,prospect
DARLAN BARBEARIA,5599981431186,"R. Santana, Nº 152 - Vila Rocha, Lago da Pedra - MA, 65715-000, Brasil",Lago da Pedra,-4.5612464,-45.125698,"{""Barbearia""}",https://www.google.com/maps/search/?api=1&query=DARLAN%20BARBEARIA&query_place_id=ChIJk1Kx2lapzJIRBacdQYB0PXE,prospect
KS_STUDIO DE BELEZA,5599982533873,"R. Cel. Pedro Bogéa - CENTRO, Lago da Pedra - MA, 65715-000, Brasil",Lago da Pedra,-4.5720303,-45.1297563,"{""Salão de Beleza""}",https://www.google.com/maps/search/?api=1&query=KS_STUDIO%20DE%20BELEZA&query_place_id=ChIJIQSQd8ipzJIRMrr1NPR7P4A,prospect
Studio Adrielly Fernandes,5599985034000,"R. do Sabiá - Vieira Neto, Lago da Pedra - MA, 65715-000, Brasil",Lago da Pedra,-4.5553504,-45.1346666,"{""Salão de Beleza""}",https://www.google.com/maps/search/?api=1&query=Studio%20Adrielly%20Fernandes&query_place_id=ChIJU1ycJQKpzJIReD0I1i1cHnQ,prospect
Dinalva Embeleze,5599981189142,"R. do Sabiá &, Av. Maura Jorge, Lago da Pedra - MA, 65715-000, Brasil",Lago da Pedra,-4.5617687,-45.1370545,"{""Salão de Beleza""}",https://www.google.com/maps/search/?api=1&query=Dinalva%20Embeleze&query_place_id=ChIJhR25yjSpzJIR9JEBpe7VKoI,prospect
Studio Mônica Vasconcelos,5599981489642,"R. Orlando Dias, 65 - A, Lago da Pedra - MA, 65715-000, Brasil",Lago da Pedra,-4.5744692,-45.1256752,"{""Salão de Beleza""}",https://www.google.com/maps/search/?api=1&query=Studio%20M%C3%B4nica%20Vasconcelos&query_place_id=ChIJTXPbHwCpzJIR6gxP8NHyCb0,prospect
Studio Ana Maria BELEZA & ESTÉTICA AVANÇADA,5599984957507,"Av. Venceslau, 178, Lago da Pedra - MA, 65715-000, Brasil",Lago da Pedra,-4.574338,-45.1301035,"{""Salão de Beleza""}",https://www.google.com/maps/search/?api=1&query=Studio%20Ana%20Maria%20BELEZA%20%26%20EST%C3%89TICA%20AVAN%C3%87ADA&query_place_id=ChIJCWqNMQ-pzJIR0zguw-kJVeg,prospect
Studio R,5599981459143,"Lago da Pedra - MA, 65715-000, Brasil",Lago da Pedra,-4.5585199,-45.126043,"{""Salão de Beleza""}",https://www.google.com/maps/search/?api=1&query=Studio%20R&query_place_id=ChIJsz9fcwCpzJIRXB10JgFRYSI,prospect
Centros de Estetica Raquel Soares,5599991787818,"Lago da Pedra - MA, 65715-000, Brasil",Lago da Pedra,-4.5565179,-45.1272058,"{""Clínica de Estética""}",https://www.google.com/maps/search/?api=1&query=Centros%20de%20Estetica%20Raquel%20Soares&query_place_id=ChIJy780kMOpzJIRH3ZA2c1Xizg,prospect
Manu Oliveira - Beleza e Cosméticos,5599984120186,"R. Sete de Setembro, 178, Lago da Pedra - MA, 65715-000, Brasil",Lago da Pedra,-4.5661965,-45.1379427,"{""Salão de Beleza""}",https://www.google.com/maps/search/?api=1&query=Manu%20Oliveira%20-%20Beleza%20e%20Cosm%C3%A9ticos&query_place_id=ChIJqdZpdQCpzJIROFC74wcZJaE,prospect
Studio NatieellyCarvalho CÍLIOS E MAKE UP,5598981261085,"R. Humberto de Campos, 182, Lago da Pedra - MA, 65715-000, Brasil",Lago da Pedra,-4.5711978,-45.1318486,"{""Sobrancelhas e Cílios e Maquiagem""}",https://www.google.com/maps/search/?api=1&query=Studio%20NatieellyCarvalho%20C%C3%8DLIOS%20E%20MAKE%20UP&query_place_id=ChIJmeDmx2mozJIRIduXsaFZ4zk,prospect
Débora Cabeleireira,5599984538930,"R. Sete de Setembro, Lago da Pedra - MA, 65715-000, Brasil",Lago da Pedra,-4.5632889,-45.1382707,"{""Salão de Beleza""}",https://www.google.com/maps/search/?api=1&query=D%C3%A9bora%20Cabeleireira&query_place_id=ChIJAbBB_aipzJIR9sqptDb4IHo,prospect
Studio Thyelle Nascimento,5599981822474,"Av. Maura Jorge - Waldir Filho, Lago da Pedra - MA, 65715-000, Brasil",Lago da Pedra,-4.5618573,-45.136436,"{""Salão de Beleza""}",https://www.google.com/maps/search/?api=1&query=Studio%20Thyelle%20Nascimento&query_place_id=ChIJxxjp7XGpzJIRXFsITHPpjNI,prospect
Studio Bella Dona,5599984503315,"Lago da Pedra - MA, 65715-000, Brasil",Lago da Pedra,-4.5561369,-45.1271094,"{""Sobrancelhas e Cílios""}",https://www.google.com/maps/search/?api=1&query=Studio%20Bella%20Dona&query_place_id=ChIJh-W6O8epzJIRtW1ECXFpzkI,prospect
Stúdio Tainá Silva estética e beleza,5599992129623,"Vieira neto - Q36L18, R. Ver. Kléber, Lago da Pedra - MA, 65715-000, Brasil",Lago da Pedra,-4.5580069,-45.1336978,"{""Sobrancelhas e Cílios""}",https://www.google.com/maps/search/?api=1&query=St%C3%BAdio%20Tain%C3%A1%20Silva%20est%C3%A9tica%20e%20beleza&query_place_id=ChIJwwLIvFGpzJIRYADMtd4FzZ8,prospect
DS Spazio Beauty,,"Av. Luis Osmani Pimentel de Macêdo, Lago da Pedra - MA, 65715-000, Brasil",Lago da Pedra,-4.565528,-45.1281114,"{""Salão de Beleza""}",https://www.google.com/maps/search/?api=1&query=DS%20Spazio%20Beauty&query_place_id=ChIJjzJUJQCpzJIRoKMHwvtWXIQ,prospect
Rizonete Alves Beauty Salon,,"R. Quatro, Lago da Pedra - MA, 65715-000, Brasil",Lago da Pedra,-4.5493547,-45.1265958,"{""Salão de Beleza""}",https://www.google.com/maps/search/?api=1&query=Rizonete%20Alves%20Beauty%20Salon&query_place_id=ChIJX_6mLQBXy5IRJgZLYk39L3Y,prospect
Irmão Franciel,,"Povoado escolado, Lago da Pedra - MA, 65715-000, Brasil",Lago da Pedra,-4.5912722,-45.1462335,"{""Salão de Beleza""}",https://www.google.com/maps/search/?api=1&query=Irm%C3%A3o%20Franciel&query_place_id=ChIJdf4FuZSpzJIRA9a6EMfP9Nk,prospect
Salão da Fran,5599981980446,"R. Leonel Bogéa - Centro, Lago da Pedra - MA, 65715-000, Brasil",Lago da Pedra,-4.5702245,-45.1322096,"{""Salão de Beleza""}",https://www.google.com/maps/search/?api=1&query=Sal%C3%A3o%20da%20Fran&query_place_id=ChIJ4WeUXX2pzJIRcjRHbE5QUBQ,prospect
Salão Rosa lis,5599982102560,"Rua senador Viturino freire - Centro, Lago da Pedra - MA, 65715-000, Brasil",Lago da Pedra,-4.5709335,-45.1330111,"{""Salão de Beleza""}",https://www.google.com/maps/search/?api=1&query=Sal%C3%A3o%20Rosa%20lis&query_place_id=ChIJjcY1w1GpzJIRbWwvfsVTXyY,prospect
Salão Fran Cabelos,5599981313682,"R. Massolene Coelho, 214 - 342, Lago da Pedra - MA, 65715-000, Brasil",Lago da Pedra,-4.553818,-45.127467,"{""Salão de Beleza""}",https://www.google.com/maps/search/?api=1&query=Sal%C3%A3o%20Fran%20Cabelos&query_place_id=ChIJR-Pthb2pzJIR_6CSiYHAzqM,prospect
Thay Studio de Beleza,,"R. Antaise Sáles, Lago da Pedra - MA, 65715-000, Brasil",Lago da Pedra,-4.5523552,-45.1296134,"{""Salão de Beleza""}",https://www.google.com/maps/search/?api=1&query=Thay%20Studio%20de%20Beleza&query_place_id=ChIJpXydewCpzJIR80TvBYKng-U,prospect
Encanto unhas,5599985530317,"R. das Mangueiras - Planalto, Lago da Pedra - MA, 65715-000, Brasil",Lago da Pedra,-4.5559525,-45.1288,"{""Manicure - Esmalteria""}",https://www.google.com/maps/search/?api=1&query=Encanto%20unhas&query_place_id=ChIJtQcgJfapzJIRuRleIKr0NzY,prospect
Studio Cristiane Sousa,5599982634996,"R. José Maria Silva, Lago da Pedra - MA, 65715-000, Brasil",Lago da Pedra,-4.5583394,-45.1367555,"{""Salão de Beleza""}",https://www.google.com/maps/search/?api=1&query=Studio%20Cristiane%20Sousa&query_place_id=ChIJERzMQjKpzJIRakYFm_1gpUY,prospect
Studyo Gey,5599985402255,"Av. Luiz Osmani - Vila Rocha, Lago da Pedra - MA, 65715-000, Brasil",Lago da Pedra,-4.558617,-45.1260739,"{""Salão de Beleza""}",https://www.google.com/maps/search/?api=1&query=Studyo%20Gey&query_place_id=ChIJyVZsrjipzJIRr10qq4BBZaA,prospect
Studio Mika Alencar,5599985436726,"R. Pres. Médici, 329, Lago da Pedra - MA, 65715-000, Brasil",Lago da Pedra,-4.5687483,-45.1236749,"{""Salão de Beleza""}",https://www.google.com/maps/search/?api=1&query=Studio%20Mika%20Alencar&query_place_id=ChIJXYJE2CapzJIRfPgD3HtlH5w,prospect
Estúdio Mary Costa,,"R. São Pedro, Lago da Pedra - MA, 65715-000, Brasil",Lago da Pedra,-4.5693555,-45.1255598,"{""Salão de Beleza""}",https://www.google.com/maps/search/?api=1&query=Est%C3%BAdio%20Mary%20Costa&query_place_id=ChIJ0T9JewCpzJIRA0ZOEeKS2II,prospect
Studio Catarina Santos Micro Fios,5599984892808,"Próximo a prefeitura - R. Mendes Fonseca - Centro, Lago da Pedra - MA, 65715-000, Brasil",Lago da Pedra,-4.5686981,-45.1273638,"{""Salão de Beleza""}",https://www.google.com/maps/search/?api=1&query=Studio%20Catarina%20Santos%20Micro%20Fios&query_place_id=ChIJl_iK0EupzJIR-jeWx-5t8Kc,prospect
"Polly plástica dos pés, Manicure/Pedicure",,"R. Hilário Neto, 141 - Planalto, Lago da Pedra - MA, 65715-000, Brasil",Lago da Pedra,-4.5541193,-45.1295715,"{""Manicure - Esmalteria""}",https://www.google.com/maps/search/?api=1&query=Polly%20pl%C3%A1stica%20dos%20p%C3%A9s%2C%20Manicure%2FPedicure&query_place_id=ChIJ2Y3JMwCpzJIRI4ywP3g6jto,prospect
Fabiane Nails,5599984103158,"R. da União, 266 - Cajueiro, Lago da Pedra - MA, 65715-000, Brasil",Lago da Pedra,-4.5751238,-45.1263022,"{""Manicure - Esmalteria""}",https://www.google.com/maps/search/?api=1&query=Fabiane%20Nails&query_place_id=ChIJS9swAgCpzJIRoXsHX1R3Woc,prospect
B.Studio,5599992164763,"R. Cel. Pedro Bogéa, 297 - Centro, Lago da Pedra - MA, 65715-000, Brasil",Lago da Pedra,-4.5719632,-45.1311872,"{""Sobrancelhas e Cílios""}",https://www.google.com/maps/search/?api=1&query=B.Studio&query_place_id=ChIJC19OyfmpzJIRVaBV8RyD5a4,prospect
Kinderly Cílios/sobrancelhas,5599984905852,"Localizado no Studio Mary - Av. José Vieira de Melo, 96, Lago da Pedra - MA, 65715-000, Brasil",Lago da Pedra,-4.5645694,-45.1254784,"{""Sobrancelhas e Cílios""}",https://www.google.com/maps/search/?api=1&query=Kinderly%20C%C3%ADlios%2Fsobrancelhas&query_place_id=ChIJnzLc9FupzJIRJUEn2QFSfR4,prospect
Alanny Mendonça Nails Designer,5599984061097,"R. da Paz, casa 56, Lago da Pedra - MA, 65715-000, Brasil",Lago da Pedra,-4.5610267,-45.1305491,"{""Manicure - Esmalteria""}",https://www.google.com/maps/search/?api=1&query=Alanny%20Mendon%C3%A7a%20Nails%20Designer&query_place_id=ChIJI0iNePCpzJIRu30rPRjGpxc,prospect
Studio_Alynne Nascimento,,"R. Cinco, Lago da Pedra - MA, 65715-000, Brasil",Lago da Pedra,-4.5572116,-45.1358033,"{""Manicure - Esmalteria""}",https://www.google.com/maps/search/?api=1&query=Studio_Alynne%20Nascimento&query_place_id=ChIJR2yqtG-pzJIRgc9raTp8Jbg,prospect
FATINHA DEPILAÇÃO,5599981666267,"Rua Senador Vitorino Freire Vila da Paz n* 884, Lago da Pedra - MA, 65715-000, Brasil",Lago da Pedra,-4.58597,-45.1357922,"{""Depilação""}",https://www.google.com/maps/search/?api=1&query=FATINHA%20DEPILA%C3%87%C3%83O&query_place_id=ChIJuzRuU4CpzJIR2a2eBmhpbos,prospect
San Braga Nails Designer,,"R. Sete de Setembro, Lago da Pedra - MA, 65715-000, Brasil",Lago da Pedra,-4.5568801,-45.1392877,"{""Manicure - Esmalteria""}",https://www.google.com/maps/search/?api=1&query=San%20Braga%20Nails%20Designer&query_place_id=ChIJXZ3bMACpzJIRQ-ZgdHQC7C0,prospect
Isabela Santana Nail Designer,5598991960090,"Povoado alto alegre - Zona rural, S/N, Lago da Pedra - MA, 65715-000, Brasil",Lago da Pedra,-4.5279684,-45.1069062,"{""Manicure - Esmalteria""}",https://www.google.com/maps/search/?api=1&query=Isabela%20Santana%20Nail%20Designer&query_place_id=ChIJAYwmSqdXy5IRlkAMUj1KDlo,prospect
Design de unhas,,"Rua do zanga, Lago da Pedra - MA, 65070-900, Brasil",Lago da Pedra,-4.5597774,-45.1403183,"{""Manicure - Esmalteria""}",https://www.google.com/maps/search/?api=1&query=Design%20de%20unhas&query_place_id=ChIJCa1j04upzJIRCW5fk4-Ye2s,prospect
Safira Modas,,"R. Sen. Vitorino Freire, Lago da Pedra - MA, 65715-000, Brasil",Lago da Pedra,-4.5682653,-45.1294991,"{""Salão de Beleza""}",https://www.google.com/maps/search/?api=1&query=Safira%20Modas&query_place_id=ChIJ-4xXfQCpzJIRlAZ-3OV23fw,prospect
Studio Jacy Almeida,5599981038106,"Rua Márceio - Vieira Neto, Lago da Pedra - MA, 65715-000, Brasil",Lago da Pedra,-4.5565503,-45.1340767,"{""Salão de Beleza""}",https://www.google.com/maps/search/?api=1&query=Studio%20Jacy%20Almeida&query_place_id=ChIJk2WhcpepzJIRvbtPc4sCxoI,prospect
Diana Perfumaria e Cosmeticos,5599981640753,"R. Cel. Pedro Bogéa, 261 - Centro, Lago da Pedra - MA, 65715-000, Brasil",Lago da Pedra,-4.5710024,-45.1323318,"{""Salão de Beleza""}",https://www.google.com/maps/search/?api=1&query=Diana%20Perfumaria%20e%20Cosmeticos&query_place_id=ChIJuThQkUKpzJIRB1Up90JGt4I,prospect
BARBEARIA MORAIS,5599981406211,"CONVENIÊCIA DO POSTO COUTINHO - R. Ana Sales, Lago da Pedra - MA, 65715-000, Brasil",Lago da Pedra,-4.5595802,-45.1264131,"{""Barbearia""}",https://www.google.com/maps/search/?api=1&query=BARBEARIA%20MORAIS&query_place_id=ChIJz5JHBwCpzJIRHyVY6isr-qY,prospect
Barbearia Torres LP,5599982641060,"R. Mendes Fonseca - Centro, Lago da Pedra - MA, 65715-000, Brasil",Lago da Pedra,-4.5707167,-45.1297621,"{""Barbearia""}",https://www.google.com/maps/search/?api=1&query=Barbearia%20Torres%20LP&query_place_id=ChIJK3WbegGpzJIRz5eMLzuYgQw,prospect
William Barber Club,5599985326883,"Av. Maura Jorge, Lago da Pedra - MA, 65715-000, Brasil",Lago da Pedra,-4.5621494,-45.1323757,"{""Barbearia""}",https://www.google.com/maps/search/?api=1&query=William%20Barber%20Club&query_place_id=ChIJi1BoVI-pzJIRA-RBVjyxcmg,prospect
Barbearia Serafim LP,5599984611676,"Em frente AABB - Av. Luiz Osmani, 369 - Vila Rocha, Lago da Pedra - MA, 65715-000, Brasil",Lago da Pedra,-4.554426,-45.1243781,"{""Barbearia""}",https://www.google.com/maps/search/?api=1&query=Barbearia%20Serafim%20LP&query_place_id=ChIJ5fHBCCSpzJIR6VX3DUwBpiE,prospect
Daylson Sallazare - Studio de Beleza,5599984301929,"R. Sen. Vitorino Freire, 78 - AV 02 - CENTRO, Lago da Pedra - MA, 65715-000, Brasil",Lago da Pedra,-4.5671135,-45.1281467,"{""Salão de Beleza""}",https://www.google.com/maps/search/?api=1&query=Daylson%20Sallazare%20-%20Studio%20de%20Beleza&query_place_id=ChIJFRCTkfqpzJIRQ1yQpqJ2RZM,prospect
Risoneide Reis especialista em mega hair,5599982574324,"Av. Domingos José Rodrigues - Planalto, Lago da Pedra - MA, 65715-000, Brasil",Lago da Pedra,-4.5589589,-45.1271384,"{""Salão de Beleza""}",https://www.google.com/maps/search/?api=1&query=Risoneide%20Reis%20especialista%20em%20mega%20hair&query_place_id=ChIJ6ZZhkdupzJIRXqsiBod08ac,prospect
Ismael Carlos Barber shop,5599984099960,"Rua Raimundo Neres Bandeira - Planalto, Lago da Pedra - MA, 65715-000, Brasil",Lago da Pedra,-4.55759,-45.128599,"{""Barbearia""}",https://www.google.com/maps/search/?api=1&query=Ismael%20Carlos%20Barber%20shop&query_place_id=ChIJK5sxSX-pzJIRaLP9V2JpAKM,prospect
Barbearia do Master,,"R. Humberto de Campos, Lago da Pedra - MA, 65715-000, Brasil",Lago da Pedra,-4.5691673,-45.1290733,"{""Barbearia""}",https://www.google.com/maps/search/?api=1&query=Barbearia%20do%20Master&query_place_id=ChIJN7skVQCpzJIRO0mbheXljDI,prospect
Ruan barber club,5599984677731,"Macauba, Lago da Pedra - MA, 65715-000, Brasil",Lago da Pedra,-4.5701388,-45.1323011,"{""Barbearia""}",https://www.google.com/maps/search/?api=1&query=Ruan%20barber%20club&query_place_id=ChIJzee9rxepzJIRoRYd1lYYyE4,prospect
BARBER SHOP PAI E FILHO,5599981875840,"R. Dois, 05 - Vila Osmani, Lago da Pedra - MA, 65715-000, Brasil",Lago da Pedra,-4.5523915,-45.124163,"{""Barbearia""}",https://www.google.com/maps/search/?api=1&query=BARBER%20SHOP%20PAI%20E%20FILHO&query_place_id=ChIJRbWUyWypzJIRYmR90vShUM8,prospect
Deilson Cabeleireiro,,"Vieira Neto, 65715-000, Lago da Pedra - MA, 65715-000, Brasil",Lago da Pedra,-4.5546409,-45.1380188,"{""Salão de Beleza""}",https://www.google.com/maps/search/?api=1&query=Deilson%20Cabeleireiro&query_place_id=ChIJfbHJGyupzJIRZxbNrs3Ycbk,prospect
Estética e Beleza DULCI RAMOS,5561995606630,"R. Sen. Vitorino Freire, 152 - CENTRO, Lago da Pedra - MA, 65715-000, Brasil",Lago da Pedra,-4.5687684,-45.1303319,"{""Clínica de Estética""}",https://www.google.com/maps/search/?api=1&query=Est%C3%A9tica%20e%20Beleza%20DULCI%20RAMOS&query_place_id=ChIJiZPoYwipzJIRSTJtB4VPkIA,prospect
Espaço Corpore,5599984157726,"R. Humberto de Campos, 171 - Centro, Lago da Pedra - MA, 65715-000, Brasil",Lago da Pedra,-4.571122,-45.132167,"{""Salão de Beleza""}",https://www.google.com/maps/search/?api=1&query=Espa%C3%A7o%20Corpore&query_place_id=ChIJr_P2p4GpzJIRQTX3aEOER7Y,prospect
Sisters Beauty Clinic,5599974007009,"Centro, Lago da Pedra - MA, 65718-000, Brasil",Lago da Pedra,-4.814704,-45.3110045,"{""Salão de Beleza""}",https://www.google.com/maps/search/?api=1&query=Sisters%20Beauty%20Clinic&query_place_id=ChIJW71PHcXrzJIR9RmxJ13jNAw,prospect
Denise Estética,5599981033865,,Lago da Pedra,-4.5682633,-45.1269464,"{""Clínica de Estética""}",https://www.google.com/maps/search/?api=1&query=Denise%20Est%C3%A9tica&query_place_id=ChIJv5lzVJGpzJIR00UjHKbBZyE,prospect
Estética Nayana Crisbel,5599981792324,"Avenida Alomesa, N:45 - Vila Rocha, Lago da Pedra - MA, 65715-000, Brasil",Lago da Pedra,-4.5629867,-45.1290706,"{""Clínica de Estética""}",https://www.google.com/maps/search/?api=1&query=Est%C3%A9tica%20Nayana%20Crisbel&query_place_id=ChIJMWaEQTSpzJIRTcayFyHny9Q,prospect
Espaço Lia Barbosa,,"R. Sen. Vitorino Freire, 152, Lago da Pedra - MA, 65715-000, Brasil",Lago da Pedra,-4.5687684,-45.1303319,"{""Salão de Beleza""}",https://www.google.com/maps/search/?api=1&query=Espa%C3%A7o%20Lia%20Barbosa&query_place_id=ChIJtf29GQCpzJIR41u68II8vXU,prospect
Val Cabeleireiro,,"R. Sen. Vitorino Freire, Lago da Pedra - MA, 65715-000, Brasil",Lago da Pedra,-4.5708538,-45.1331228,"{""Salão de Beleza""}",https://www.google.com/maps/search/?api=1&query=Val%20Cabeleireiro&query_place_id=ChIJzTMT8k-pzJIREoZ5TfDeLmQ,prospect
Macêdo do Corte,,"R. Cel. Pedro Bogéa, Lago da Pedra - MA, 65715-000, Brasil",Lago da Pedra,-4.5674628,-45.1385653,"{""Salão de Beleza""}",https://www.google.com/maps/search/?api=1&query=Mac%C3%AAdo%20do%20Corte&query_place_id=ChIJU9O6GgCpzJIRmmlja4v47FE,prospect
Cabeleireiro,,"R. José Maria Silva, Lago da Pedra - MA, 65715-000, Brasil",Lago da Pedra,-4.5583394,-45.1367555,"{""Salão de Beleza""}",https://www.google.com/maps/search/?api=1&query=Cabeleireiro&query_place_id=ChIJNc3pUgCpzJIRAHRYHjAxBOk,prospect
Studio Bianca Veloso,5586988033984,"R. Nova, 885 - Centro, Matões - MA, 65645-000, Brasil",Matões,-5.5201868,-43.2022932,"{""Salão de Beleza e Maquiagem""}",https://www.google.com/maps/search/?api=1&query=Studio%20Bianca%20Veloso&query_place_id=ChIJXZuea_E3jgcRIRtaL6sYwu8,prospect
Studio Domingas Silva,5599996514925,"Tv. Timbiras, 183 - Centro, Matões - MA, 65645-000, Brasil",Matões,-5.5237827,-43.2037172,"{""Salão de Beleza e Maquiagem""}",https://www.google.com/maps/search/?api=1&query=Studio%20Domingas%20Silva&query_place_id=ChIJ52FqdXZ3jwcRcGEQWanGOgo,prospect
DFF Salon,5599982054085,"Tv. Pres. Kenedy, sn - Centro, Matões - MA, 65645-000, Brasil",Matões,-5.5205089,-43.2038771,"{""Salão de Beleza e Maquiagem""}",https://www.google.com/maps/search/?api=1&query=DFF%20Salon&query_place_id=ChIJNZ1G9UN2jwcR1i9JLcH0V3Q,prospect
Salão WS Estilos Masculinos,,"Centro, Matões - MA, 65645-000, Brasil",Matões,-5.5192494,-43.2057034,"{""Salão de Beleza""}",https://www.google.com/maps/search/?api=1&query=Sal%C3%A3o%20WS%20Estilos%20Masculinos&query_place_id=ChIJP-7xvKN3jwcRW-ivM72Z_2Q,prospect
Tock De Beleza,,"Matadouro, Matões - MA, 65645-000, Brasil",Matões,-5.5244844,-43.2082532,"{""Salão de Beleza""}",https://www.google.com/maps/search/?api=1&query=Tock%20De%20Beleza&query_place_id=ChIJbemzzlB2jwcRLFMORiHw1ds,prospect
MR Salão de Beleza,5599988499829,"Oiteiro da Cruz, Matões - MA, 65645-000, Brasil",Matões,-5.5124986,-43.210766,"{""Salão de Beleza e Maquiagem""}",https://www.google.com/maps/search/?api=1&query=MR%20Sal%C3%A3o%20de%20Beleza&query_place_id=ChIJC4sSmON3jwcR29fyGyq7jnU,prospect
R.E Cabeleireiro,,"MA-262 - Centro, Matões - MA, 65645-000, Brasil",Matões,-5.5226787,-43.2054835,"{""Cabeleireiro""}",https://www.google.com/maps/search/?api=1&query=R.E%20Cabeleireiro&query_place_id=ChIJK5olklp2jwcREN0u7CJfGlU,prospect
Sousa Barbearia em Matões-Ma,5599985289973,"Av. Getúlio Vargas, 2842 - Centro, Matões - MA, 65645-000, Brasil",Matões,-5.52608,-43.2026852,"{""Barbearia""}",https://www.google.com/maps/search/?api=1&query=Sousa%20Barbearia%20em%20Mat%C3%B5es-Ma&query_place_id=ChIJo36Ak813jwcRwxKPfgSJHOg,prospect
Evandro Barbearia,5599984653802,"R. Quinze de Novembro - Centro, Matões - MA, 65645-000, Brasil",Matões,-5.5212354,-43.195372,"{""Barbearia""}",https://www.google.com/maps/search/?api=1&query=Evandro%20Barbearia&query_place_id=ChIJh3Yxh153jwcRNl4lMx0tsG0,prospect
Samalia designer unhas,5599984676312,"R. Timbiras, 318 - Taioba, Matões - MA, 65645-000, Brasil",Matões,-5.52355,-43.2021667,"{""Centro de saúde e beleza""}",https://www.google.com/maps/search/?api=1&query=Samalia%20designer%20unhas&query_place_id=ChIJc-ySQQB3jwcR0Jj7RjIHJ5s,prospect
Espaço Saúde,5599988258292,"Av. Pres. Kenedy Três, 2006 - Centro - ME Cidade:, Matões - MA, 65645-000, Brasil",Matões,-5.5225336,-43.2029475,"{""Policlínica""}",https://www.google.com/maps/search/?api=1&query=Espa%C3%A7o%20Sa%C3%BAde&query_place_id=ChIJf1LGs092jwcRzp6a6sfL1G8,prospect
MATEUS BARBEARIA,5599985299897,"Rua Nova - Centro, Matões - MA, 65645-000, Brasil",Matões,-5.5010444,-43.202386,"{""Barbearia""}",https://www.google.com/maps/search/?api=1&query=MATEUS%20BARBEARIA&query_place_id=ChIJ41a-hzZ3jwcRWiaWxOqqUZs,prospect
Edna Fragrâncias - Chocolates & Presentes,5599988124727,"Av. Parnarama - Centro, Matões - MA, 65645-000, Brasil",Matões,-5.5225697,-43.2036289,"{""Perfumaria""}",https://www.google.com/maps/search/?api=1&query=Edna%20Fragr%C3%A2ncias%20-%20Chocolates%20%26%20Presentes&query_place_id=ChIJd5KF2RF3jwcRfIUX4ya7H1g,prospect
Espaço Lya Mara Carvalho,,"R. Edgar Brochado Lima - Rubelândia, Matões - MA, 65645-000, Brasil",Matões,-5.5282243,-43.2083891,"{""Salão de Beleza e Maquiagem""}",https://www.google.com/maps/search/?api=1&query=Espa%C3%A7o%20Lya%20Mara%20Carvalho&query_place_id=ChIJrwxb-Vl3jwcRO4xsZ8I-Yzg,prospect
Isamar Cabelos e Perfumaria,5599988337268,"Tv. Timbiras, Número 209 - Matadouro, Matões - MA, 65645-000, Brasil",Matões,-5.5248913,-43.2053015,"{""Salão de Beleza""}",https://www.google.com/maps/search/?api=1&query=Isamar%20Cabelos%20e%20Perfumaria&query_place_id=ChIJM2WJ7T93jwcRduampDuf9RE,prospect
ROCK BARBEARIA (BetsdeOuro),5599984367912,"R. Antônio Joaquim da Silva - Alto da Seriema, Matões - MA, 65645-000, Brasil",Matões,-5.5168187,-43.207611,"{""Barbearia""}",https://www.google.com/maps/search/?api=1&query=ROCK%20BARBEARIA%20(BetsdeOuro)&query_place_id=ChIJX5G_RVx2jwcR8kp_Y88Pxps,prospect
Barbearia S.francisco visual moral,5599988217725,"Barbearia visual moral - R.euripedes de aguiar - Alto da Seriema, Matões - MA, 65645-000, Brasil",Matões,-5.5172336,-43.2090028,"{""Barbearia""}",https://www.google.com/maps/search/?api=1&query=Barbearia%20S.francisco%20visual%20moral&query_place_id=ChIJBxeNitR3jwcRkDdBW2-OB2w,prospect
DV SALÃO DE BELEZA,5599985208594,"R. Sérgio Pereira - Matadouro, Matões - MA, 65645-000, Brasil",Matões,-5.5284955,-43.2101983,"{""Salão de Beleza""}",https://www.google.com/maps/search/?api=1&query=DV%20SAL%C3%83O%20DE%20BELEZA&query_place_id=ChIJNQeP9UB3jwcRlIUw_CVhjn4,prospect
Bill cortes,5599985205267,"R. Tiradentes - Alto da Seriema, Matões - MA, 65645-000, Brasil",Matões,-5.5176174,-43.2088053,"{""Barbearia""}",https://www.google.com/maps/search/?api=1&query=Bill%20cortes&query_place_id=ChIJUVj4aF53jwcRdHJGpBoJT1Q,prospect
Panta Cabeleireiro,5599984072662,"R. 19 de Julho, Matões - MA, 65645-000, Brasil",Matões,-5.3943074,-43.2329614,"{""Barbearia""}",https://www.google.com/maps/search/?api=1&query=Panta%20Cabeleireiro&query_place_id=ChIJibpamhMLjwcRxcC5CrUDUZA,prospect
Manin cabelos 💇‍♂️,,"Matões - MA, 65645-000, Brasil",Matões,-5.2914085,-43.2885528,"{""Barbearia""}",https://www.google.com/maps/search/?api=1&query=Manin%20cabelos%20%F0%9F%92%87%E2%80%8D%E2%99%82%EF%B8%8F&query_place_id=ChIJHStQKQAFjwcRJjRrtB6_C-w,prospect
Nando cabelos,,"Mandacaru, Matões - MA, 65645-000, Brasil",Matões,-5.2426586,-43.3879997,"{""Barbearia""}",https://www.google.com/maps/search/?api=1&query=Nando%20cabelos&query_place_id=ChIJJep_tNcPjwcRhkx_crLbT9w,prospect
Virna Perfumaria; Bolsas e Variedades,5599988288125,"R. Belo Leão - Matadouro, Matões - MA, 65645-000, Brasil",Matões,-5.5265995,-43.2069832,"{""Perfumaria""}",https://www.google.com/maps/search/?api=1&query=Virna%20Perfumaria%3B%20Bolsas%20e%20Variedades&query_place_id=ChIJG2eEe-t3jwcRrJH11wsOuPY,prospect
CLEICIARA CABELOS,,"Matões - MA, 65645-000, Brasil",Matões,-5.3474408,-43.4790629,"{""Salão de Beleza""}",https://www.google.com/maps/search/?api=1&query=CLEICIARA%20CABELOS&query_place_id=ChIJtVGKVgAXjwcRdDQbsyk9Ivg,prospect
NANDO CABELOS,,"QJ46+WR - Mandacaru, Matões - MA, 65645-000, Brasil",Matões,-5.2426943,-43.3879495,"{""Barbearia""}",https://www.google.com/maps/search/?api=1&query=NANDO%20CABELOS&query_place_id=ChIJ_WLoWQAbjwcRnqqgOU3KjKw,prospect
Eliane Almeida & Cabelos e Cosméticos,5599984592174,"R. Antônio Joaquim da Silva - Alto da Seriema, Matões - MA, 65645-000, Brasil",Matões,-5.5182228,-43.206701,"{""Salão de Beleza""}",https://www.google.com/maps/search/?api=1&query=Eliane%20Almeida%20%26%20Cabelos%20e%20Cosm%C3%A9ticos&query_place_id=ChIJy7Sc5Dh3jwcRINsmwwvJyEo,prospect
Studionatyvieira,5599984598132,"R. Barão do Rio Branco - Lagoa, Matões - MA, 65645-000, Brasil",Matões,-5.5136804,-43.2054367,"{""Salão de Beleza""}",https://www.google.com/maps/search/?api=1&query=Studionatyvieira&query_place_id=ChIJO3khGah3jwcRTRtoaZrxyCk,prospect
Salao melhor visual,,"R. do Fio, 339 - Taioba, Matões - MA, 65645-000, Brasil",Matões,-5.53095,-43.199632,"{""Salão de Beleza""}",https://www.google.com/maps/search/?api=1&query=Salao%20melhor%20visual&query_place_id=ChIJa-lFOwB3jwcRiOe7Yejo-Og,prospect
Viviane unhas,5599996496158,"R. Nova - Alto da Seriema, Matões - MA, 65645-000, Brasil",Matões,-5.5175064,-43.2042606,"{""Manicure""}",https://www.google.com/maps/search/?api=1&query=Viviane%20unhas&query_place_id=ChIJASnUOy93jwcROq9u_8bFhpU,prospect
Eulane Beauty Studio,5599984641269,"Av. Vitórino Freire - Parnarama, MA, 65640-000, Brasil",Parnarama,-5.682933,-43.1133632,"{""Salão de Beleza""}",https://www.google.com/maps/search/?api=1&query=Eulane%20Beauty%20Studio&query_place_id=ChIJ285pcmaBjwcRBofBlL_LkyM,prospect
RAIMUNDA VIANA STUDIO DE EPILAÇÃO,,"Av. Piauí, 527 - Parnarama, MA, 65640-000, Brasil",Parnarama,-5.6802766,-43.0898908,"{""Depilação""}",https://www.google.com/maps/search/?api=1&query=RAIMUNDA%20VIANA%20STUDIO%20DE%20EPILA%C3%87%C3%83O&query_place_id=ChIJhydqFQCHjwcR8jQn1rOOQVY,prospect
Aa_Nails Desingner,,"Rua 01 entre a, 19 - e a 20 - Agrovema, Parnarama - MA, 65640-000, Brasil",Parnarama,-5.6856746,-43.1175199,"{""Manicure - Esmalteria""}",https://www.google.com/maps/search/?api=1&query=Aa_Nails%20Desingner&query_place_id=ChIJVXxoiXyHjwcRFU7S5NqVfYk,prospect
Eugênia Paiva Beauty,5561995134572,"R. Três - Parnarama, MA, 65640-000, Brasil",Parnarama,-5.6875222,-43.1195027,"{""Salão de Beleza""}",https://www.google.com/maps/search/?api=1&query=Eug%C3%AAnia%20Paiva%20Beauty&query_place_id=ChIJ_cCzrGOBjwcRarNhbQT33hE,prospect
studionatáliarodrigues,,"Parnarama, MA, 65640-000, Brasil",Parnarama,-5.6824088,-43.0896939,"{""Salão de Beleza""}",https://www.google.com/maps/search/?api=1&query=studionat%C3%A1liarodrigues&query_place_id=ChIJ-4VKeACHjwcRtD6waapODeE,prospect
Micilene Barbosa,5599984330799,"R. do Aeroporto - Agrovema, Parnarama - MA, 65640-000, Brasil",Parnarama,-5.6856104,-43.1110617,"{""Salão de Beleza""}",https://www.google.com/maps/search/?api=1&query=Micilene%20Barbosa&query_place_id=ChIJ_WsoIwCBjwcRupY6Jah_vJk,prospect
Studio Aryelle Andressa,5599984325439,"R. Codó, 271 - Centro, Parnarama - MA, 65640-000, Brasil",Parnarama,-5.6796928,-43.0926872,"{""Salão de Beleza""}",https://www.google.com/maps/search/?api=1&query=Studio%20Aryelle%20Andressa&query_place_id=ChIJqcvm9sGHjwcRhBetqgUkceY,prospect
Géssica Carla Designer 🥰,,"R. Coroatá - Parnarama, MA, 65640-000, Brasil",Parnarama,-5.6866345,-43.0923618,"{""Salão de Beleza""}",https://www.google.com/maps/search/?api=1&query=G%C3%A9ssica%20Carla%20Designer%20%F0%9F%A5%B0&query_place_id=ChIJxYnrXgCHjwcR49DKOpHA_Z0,prospect
Studio Maria Vitoria Makeup,5599985269957,"R. Nova, 20 - Parnarama, MA, 65640-000, Brasil",Parnarama,-5.6884447,-43.1037234,"{""Maquiagem""}",https://www.google.com/maps/search/?api=1&query=Studio%20Maria%20Vitoria%20Makeup&query_place_id=ChIJPy0HBQCBjwcRkTQwnEgdG7c,prospect
Luziane manicure,5599984807370,"R. Benedito Muniz - Terra nova, Parnarama - MA, 65640-000, Brasil",Parnarama,-5.7011719,-43.0896917,"{""Manicure - Esmalteria""}",https://www.google.com/maps/search/?api=1&query=Luziane%20manicure&query_place_id=ChIJ9UyafzuHjwcRf6botN2Sap8,prospect
Salão Leidiane Cabelos,5599984781198,"R. Independência, 2 - Parnarama, MA, 65640-000, Brasil",Parnarama,-5.6830515,-43.1054159,"{""Salão de Beleza""}",https://www.google.com/maps/search/?api=1&query=Sal%C3%A3o%20Leidiane%20Cabelos&query_place_id=ChIJyRLTfJuBjwcR5mIGbeiNIbc,prospect
Salão Janaína cabelo,5599984929402,"R. Codó, 130 - Parnarama, MA, 65640-000, Brasil",Parnarama,-5.6803308,-43.092923,"{""Salão de Beleza""}",https://www.google.com/maps/search/?api=1&query=Sal%C3%A3o%20Jana%C3%ADna%20cabelo&query_place_id=ChIJw55A2IaHjwcRbKiByRWiD2k,prospect
Clínica Estética Jaqueline Leal,,"R. Três - Parnarama, MA, 65640-000, Brasil",Parnarama,-5.6885764,-43.1079409,"{""Clínica de Estética""}",https://www.google.com/maps/search/?api=1&query=Cl%C3%ADnica%20Est%C3%A9tica%20Jaqueline%20Leal&query_place_id=ChIJQdBB0oOBjwcRMsJPK-fT-q0,prospect
Salão Lara cabelos,,"Parnarama, MA, 65640-000, Brasil",Parnarama,-5.6683898,-43.1034073,"{""Salão de Beleza""}",https://www.google.com/maps/search/?api=1&query=Sal%C3%A3o%20Lara%20cabelos&query_place_id=ChIJEaa1HgCBjwcRVcy_GwjSMQI,prospect
Denise cabelos,,"R. Santa Rita, 115 - Parnarama, MA, 65640-000, Brasil",Parnarama,-5.6825621,-43.0987704,"{""Salão de Beleza""}",https://www.google.com/maps/search/?api=1&query=Denise%20cabelos&query_place_id=ChIJwSSDYQCBjwcRSO5tROJVAUA,prospect
Salão Cabelo Novo,,"MA-036 - Parnarama, MA, 65640-000, Brasil",Parnarama,-5.8647913,-43.4861996,"{""Salão de Beleza""}",https://www.google.com/maps/search/?api=1&query=Sal%C3%A3o%20Cabelo%20Novo&query_place_id=ChIJvwJYzcvrhQcR1nBG-QqDRts,prospect
Studio Vanessa Lima,5599985443254,"Rua do Sol, Parnarama - MA, 65640-000, Brasil",Parnarama,-5.5894334,-43.5330683,"{""Salão de Beleza""}",https://www.google.com/maps/search/?api=1&query=Studio%20Vanessa%20Lima&query_place_id=ChIJGfwkBKpdjwcR3XG1rWDbmJ8,prospect
Brejo de São Félix,5599981417964,"Brejo de São Félix, Parnarama - MA, 65640-000, Brasil",Parnarama,-5.4956268,-43.4933359,"{""Salão de Beleza""}",https://www.google.com/maps/search/?api=1&query=Brejo%20de%20S%C3%A3o%20F%C3%A9lix&query_place_id=ChIJFwdGQABDjwcRnIr2re0O45o,prospect
Salão da da Darly Moraes,,"Rua dás flores, 123 - Brejo de São Félix, Parnarama - MA, 65640-000, Brasil",Parnarama,-5.5886944,-43.5370949,"{""Salão de Beleza""}",https://www.google.com/maps/search/?api=1&query=Sal%C3%A3o%20da%20da%20Darly%20Moraes&query_place_id=ChIJDT2knj1djwcRJMPCiVNdJds,prospect
M&A Studio Oliveira sua beleza em 1°lugar,5599981417964,"Brejo de São Félix, Parnarama - MA, 65640-000, Brasil",Parnarama,-5.4955115,-43.4933696,"{""Salão de Beleza""}",https://www.google.com/maps/search/?api=1&query=M%26A%20Studio%20Oliveira%20sua%20beleza%20em%201%C2%B0lugar&query_place_id=ChIJ82QUnBVDjwcRMf5rIryr3lU,prospect
Suellen Cabelos,,"Brejo de São Félix, Parnarama - MA, 65640-000, Brasil",Parnarama,-5.5847249,-43.5436828,"{""Salão de Beleza""}",https://www.google.com/maps/search/?api=1&query=Suellen%20Cabelos&query_place_id=ChIJq4_WWgBdjwcRyjzJsSWg1c0,prospect
Barbearia SN,,"CF74+Q3 - Brejo de São Félix, Parnarama - MA, 65640-000, Brasil",Parnarama,-5.5856238,-43.5447856,"{""Barbearia""}",https://www.google.com/maps/search/?api=1&query=Barbearia%20SN&query_place_id=ChIJo-SkMwBdjwcR6pGoGtAniSc,prospect
Barbearia Mumbaca,,"AVENIDA PRINCIPAL POVOADO - Brejo de São Félix, Parnarama - MA, 65640-000, Brasil",Parnarama,-5.5862447,-43.543651,"{""Barbearia""}",https://www.google.com/maps/search/?api=1&query=Barbearia%20Mumbaca&query_place_id=ChIJ9ccJTgBdjwcRoNkUt2q7hzU,prospect
Barbearia DG,5599981843332,"Brejo de São Félix, Parnarama - MA, 65640-000, Brasil",Parnarama,-5.4818875,-43.5107467,"{""Barbearia""}",https://www.google.com/maps/search/?api=1&query=Barbearia%20DG&query_place_id=ChIJOatHhG9DjwcRn-skqo30k2s,prospect
Milena Manicure e Pedicure,5599984543043,"R. Sete - Redenção, Parnarama - MA, 65640-000, Brasil",Parnarama,-5.6697784,-43.0926931,"{""Manicure - Esmalteria""}",https://www.google.com/maps/search/?api=1&query=Milena%20Manicure%20e%20Pedicure&query_place_id=ChIJ1RgFS7-HjwcRkTE4oHQGPpk,prospect
Espaço Dany Cardoso D' Blessed,5599984686411,"R. das Laranjeiras, Pedreiras - MA, 65725-000, Brasil",Pedreiras,-4.5757363,-44.6044021,"{""Salão de Beleza""}",https://www.google.com/maps/search/?api=1&query=Espa%C3%A7o%20Dany%20Cardoso%20D'%20Blessed&query_place_id=ChIJlf6bLdyJiQcRJ9PcZDC8wHI,prospect
Morais Studio,,"R. Crecêncio Raposo, 193, Pedreiras - MA, 65725-000, Brasil",Pedreiras,-4.5683087,-44.6035152,"{""Salão de Beleza""}",https://www.google.com/maps/search/?api=1&query=Morais%20Studio&query_place_id=ChIJaxtqOmEnigcRaUrvp6HTgsc,prospect
Salão Fios Dourados,5599981529621,"Salão fios dourados, R. Manoel Trindade - Centro, Pedreiras - MA, 65725-000, Brasil",Pedreiras,-4.5720551,-44.6047842,"{""Salão de Beleza""}",https://www.google.com/maps/search/?api=1&query=Sal%C3%A3o%20Fios%20Dourados&query_place_id=ChIJ0RAFdbGJiQcRsJUCd2RPovo,prospect
DIVAS CABELOS,5599984686489,"R. Onze, 581, Pedreiras - MA, 65725-000, Brasil",Pedreiras,-4.5711648,-44.5888137,"{""Salão de Beleza""}",https://www.google.com/maps/search/?api=1&query=DIVAS%20CABELOS&query_place_id=ChIJWcANmX8nigcRLw1Iicv87ro,prospect
Espaço Sílvio Oliveira,5599981220844,"R. Cantanhede, 197, Pedreiras - MA, 65725-000, Brasil",Pedreiras,-4.5699727,-44.6010455,"{""Salão de Beleza""}",https://www.google.com/maps/search/?api=1&query=Espa%C3%A7o%20S%C3%ADlvio%20Oliveira&query_place_id=ChIJmfZHurMnigcRNEDQJCSEbjA,prospect
Nenza Beauty,,"R. Maneco Rêgo, Pedreiras - MA, 65725-000, Brasil",Pedreiras,-4.5696319,-44.6001037,"{""Salão de Beleza""}",https://www.google.com/maps/search/?api=1&query=Nenza%20Beauty&query_place_id=ChIJt1HjrmMnigcRK9kaE8-hZ8s,prospect
Salão Nina Fashion,,"R. da Prainha, 238, Pedreiras - MA, 65725-000, Brasil",Pedreiras,-4.5712913,-44.5972982,"{""Salão de Beleza""}",https://www.google.com/maps/search/?api=1&query=Sal%C3%A3o%20Nina%20Fashion&query_place_id=ChIJT827tGInigcRJ2JIuCizCDg,prospect
Studio Carine Designer de Sobrancelhas e Depilaçao,5599982181299,"Rua Santo Antônio, 257 Pedreiras (Centro - Alto são José, Pedreiras - MA, 65725-000, Brasil",Pedreiras,-4.57329,-44.6035477,"{""Sobrancelhas e Cílios""}",https://www.google.com/maps/search/?api=1&query=Studio%20Carine%20Designer%20de%20Sobrancelhas%20e%20Depila%C3%A7ao&query_place_id=ChIJn_FwHN-JiQcR3DG3-NWimyc,prospect
Studio Patricía Lima,5599981976024,"R. da Independência - Centro, Pedreiras - MA, 65725-000, Brasil",Pedreiras,-4.5691711,-44.6044998,"{""Salão de Beleza""}",https://www.google.com/maps/search/?api=1&query=Studio%20Patric%C3%ADa%20Lima&query_place_id=ChIJl3XhimonigcRkfIVM3Zay2A,prospect
Studio Maria Linda,5563992780963,"R. da Independência - Centro, Pedreiras - MA, 65725-000, Brasil",Pedreiras,-4.5690893,-44.6047826,"{""Salão de Beleza""}",https://www.google.com/maps/search/?api=1&query=Studio%20Maria%20Linda&query_place_id=ChIJN80p32cnigcR4LsmernZnUs,prospect
Cléo Pereira Studio De Beleza Unissex,,"Pedreiras - MA, 65725-000, Brasil",Pedreiras,-4.5760248,-44.5947448,"{""Salão de Beleza""}",https://www.google.com/maps/search/?api=1&query=Cl%C3%A9o%20Pereira%20Studio%20De%20Beleza%20Unissex&query_place_id=ChIJ21bg1NaJiQcRQXE5whYWINA,prospect
Studio Lizandra Oliveira,5599982606923,"R. Euríco Ribeiro, 634 - Centro - Centro, Pedreiras - MA, 65725-000, Brasil",Pedreiras,-4.5710392,-44.5997806,"{""Salão de Beleza""}",https://www.google.com/maps/search/?api=1&query=Studio%20Lizandra%20Oliveira&query_place_id=ChIJ5XuJQ_4nigcRwi6py4_8FDw,prospect
Studio Glamour,5599981814389,"R. Frederico Bulhões, 2198 - Goiabal, Pedreiras - MA, 65725-000, Brasil",Pedreiras,-4.5750295,-44.5987873,"{""Salão de Beleza""}",https://www.google.com/maps/search/?api=1&query=Studio%20Glamour&query_place_id=ChIJmVIwltmJiQcRq0d6B-hs9Rk,prospect
Stúdio Belo Espaço Patricia Macedo,,"Pedreiras - MA, 65725-000, Brasil",Pedreiras,-4.572439,-44.6000157,"{""Salão de Beleza""}",https://www.google.com/maps/search/?api=1&query=St%C3%BAdio%20Belo%20Espa%C3%A7o%20Patricia%20Macedo&query_place_id=ChIJP-luTmInigcRigkddvr9ZYA,prospect
Gardenia Cabelos,5599981253171,"R. Raimundo Araújo, 225 - Centro, Pedreiras - MA, 65725-000, Brasil",Pedreiras,-4.5744102,-44.6004723,"{""Salão de Beleza""}",https://www.google.com/maps/search/?api=1&query=Gardenia%20Cabelos&query_place_id=ChIJz_2wEk6JiQcR-sHI5PQ8DkY,prospect
Claudia Esmalteria e Salão,5599988532551,"R. Maneco Rêgo - Centro, Pedreiras - MA, 65725-000, Brasil",Pedreiras,-4.570461,-44.6005013,"{""Salão de Beleza e Manicure""}",https://www.google.com/maps/search/?api=1&query=Claudia%20Esmalteria%20e%20Sal%C3%A3o&query_place_id=ChIJXfNrJ9EnigcR6Ui5G5HhijQ,prospect
Salão D'clea e Deyse Maciel Estética e Micropigmentação,5598982007819,"Tv. Crescêncio Raposo, 486 - Centro, Pedreiras - MA, 65725-000, Brasil",Pedreiras,-4.5690519,-44.6009722,"{""Sobrancelhas e Cílios""}",https://www.google.com/maps/search/?api=1&query=Sal%C3%A3o%20D'clea%20e%20Deyse%20Maciel%20Est%C3%A9tica%20e%20Micropigmenta%C3%A7%C3%A3o&query_place_id=ChIJc4ixoeAnigcRK4DFlkPpX4E,prospect
Majestic Studio | Maquiagem | Unhas,5599982619662,"R. Maneco Rêgo, 194A - Centro, Pedreiras - MA, 65725-000, Brasil",Pedreiras,-4.5704258,-44.6002577,"{""Maquiagem e Manicure""}",https://www.google.com/maps/search/?api=1&query=Majestic%20Studio%20%7C%20Maquiagem%20%7C%20Unhas&query_place_id=ChIJa3JfxlInigcR25wzW-c2HLE,prospect
Salão mulheres VIP,5599991042763,"Na - R. Jeremias Caldeiras - Centro, Pedreiras - MA, 65725-000, Brasil",Pedreiras,-4.5695553,-44.5991439,"{""Salão de Beleza""}",https://www.google.com/maps/search/?api=1&query=Sal%C3%A3o%20mulheres%20VIP&query_place_id=ChIJ_Zi9ApUnigcR4F2VAzR_WdQ,prospect
Studio Natallya Oliveira- Sobrancelhas e epilação,5599982605606,"Ao lado do império da carne, mesma rua do Supermercado saturnino - R. Jeremias Caldeiras, 301 - Centro, Pedreiras - MA, 65725-000, Brasil",Pedreiras,-4.5684217,-44.5987734,"{""Sobrancelhas e Cílios""}",https://www.google.com/maps/search/?api=1&query=Studio%20Natallya%20Oliveira-%20Sobrancelhas%20e%20epila%C3%A7%C3%A3o&query_place_id=ChIJ6bqYrq2JiQcRwBKct7a3X_k,prospect
☆Entrelace _Key_Amorim☆,,"R. Santa Rosa, 95 - NOVO SERINGAL, Pedreiras - MA, 65725-000, Brasil",Pedreiras,-4.5635337,-44.596685,"{""Salão de Beleza""}",https://www.google.com/maps/search/?api=1&query=%E2%98%86Entrelace%20_Key_Amorim%E2%98%86&query_place_id=ChIJ8wKtCmInigcROJtuw8YIS4c,prospect
Eliane cabelos,5599984230981,"R. Tancredo Neves, 92, Pedreiras - MA, 65725-000, Brasil",Pedreiras,-4.5640245,-44.5953087,"{""Salão de Beleza""}",https://www.google.com/maps/search/?api=1&query=Eliane%20cabelos&query_place_id=ChIJy8pa6xAnigcRzX0J5M54yDU,prospect
Espaço de beleza Gleyce Alves,5599984566391,"Rua José Ribeiro Mutirão - Mutirão, Pedreiras - MA, 65725-000, Brasil",Pedreiras,-4.5704403,-44.5899167,"{""Salão de Beleza""}",https://www.google.com/maps/search/?api=1&query=Espa%C3%A7o%20de%20beleza%20Gleyce%20Alves&query_place_id=ChIJix1u3F8nigcRV4z4Kyg4f9k,prospect
Fernando CABELOS,,"Pedreiras - MA, 65725-000, Brasil",Pedreiras,-4.5793248,-44.608247,"{""Salão de Beleza""}",https://www.google.com/maps/search/?api=1&query=Fernando%20CABELOS&query_place_id=ChIJac0pbuiJiQcRL1GcExW7kwg,prospect
Nazim Cabelos e Afiações,5599984817791,"Tv. José de Freitas, 850-952, Pedreiras - MA, 65725-000, Brasil",Pedreiras,-4.5767677,-44.5922038,"{""Salão de Beleza""}",https://www.google.com/maps/search/?api=1&query=Nazim%20Cabelos%20e%20Afia%C3%A7%C3%B5es&query_place_id=ChIJnVZv-9OJiQcRaP1-0Tv6GAA,prospect
Torres Cabeleleiro Unisex,5599981332296,"R. Getúlio Vargas, 245, Pedreiras - MA, 65725-000, Brasil",Pedreiras,-4.5763096,-44.6019438,"{""Barbearia""}",https://www.google.com/maps/search/?api=1&query=Torres%20Cabeleleiro%20Unisex&query_place_id=ChIJe4ATCtyJiQcRMYzkjiax2BA,prospect
André Barber - Barbeiro,5599985488813,"R. Euríco Ribeiro, 679 - Centro, Pedreiras - MA, 65725-000, Brasil",Pedreiras,-4.5710485,-44.5994314,"{""Barbearia""}",https://www.google.com/maps/search/?api=1&query=Andr%C3%A9%20Barber%20-%20Barbeiro&query_place_id=ChIJIXu4AEUnigcRPxKhPdoXS_A,prospect
Thalita make,5599981733857,"R. Anquises Gonçalves, N° 577, Pedreiras - MA, 65725-000, Brasil",Pedreiras,-4.5712885,-44.6008699,"{""Maquiagem""}",https://www.google.com/maps/search/?api=1&query=Thalita%20make&query_place_id=ChIJxSFH-1uJiQcRzvVZCIEm4Cg,prospect
Kamille Coutinho Beauty,5599981277307,"R. Primeiro de Maio - Alto São José, Pedreiras - MA, 65725-000, Brasil",Pedreiras,-4.5738127,-44.603174,"{""Maquiagem""}",https://www.google.com/maps/search/?api=1&query=Kamille%20Coutinho%20Beauty&query_place_id=ChIJR9WRK2WJiQcRoc-DGJuPYdg,prospect
Nath makeup,5596984216727,"Lino feitosa - Vila das palmeiras, Pedreiras - MA, 65725-000, Brasil",Pedreiras,-4.5773809,-44.5852107,"{""Maquiagem""}",https://www.google.com/maps/search/?api=1&query=Nath%20makeup&query_place_id=ChIJl64xbEaJiQcRrrW9mVE0MaE,prospect
Alexia Santos Makeup,5599992148016,"Av. Zeca Branco - Engenho, Pedreiras - MA, 65725-000, Brasil",Pedreiras,-4.5814648,-44.5880661,"{""Salão de Beleza""}",https://www.google.com/maps/search/?api=1&query=Alexia%20Santos%20Makeup&query_place_id=ChIJPVV1x76JiQcRMsPOO_d9NN4,prospect
Salão Ateliê da Beleza,,"R. Messías Filho, 87, Pedreiras - MA, 65725-000, Brasil",Pedreiras,-4.582751,-44.5887312,"{""Salão de Beleza""}",https://www.google.com/maps/search/?api=1&query=Sal%C3%A3o%20Ateli%C3%AA%20da%20Beleza&query_place_id=ChIJW0C73gKJiQcR8Zf4JujJyKU,prospect
ESPAÇO Glaucia Sampaio,,"Pedreiras - MA, 65725-000, Brasil",Pedreiras,-4.5860168,-44.6111119,"{""Salão de Beleza""}",https://www.google.com/maps/search/?api=1&query=ESPA%C3%87O%20Glaucia%20Sampaio&query_place_id=ChIJ9QkdVOuJiQcRqmswIfsdNpc,prospect
Junior Cabelos,5598984228552,"Alto de Areia Rua do olho d'água - Marianópolis, Pedreiras - MA, 65725-000, Brasil",Pedreiras,-4.7925814,-44.5930656,"{""Salão de Beleza""}",https://www.google.com/maps/search/?api=1&query=Junior%20Cabelos&query_place_id=ChIJ63iuU0KXiQcRs_TelkdrFs4,prospect
Alves Cabeleireiro,,"R. Raimundo Anselmo, Pedreiras - MA, 65725-000, Brasil",Pedreiras,-4.584672,-44.5886418,"{""Salão de Beleza""}",https://www.google.com/maps/search/?api=1&query=Alves%20Cabeleireiro&query_place_id=ChIJCWBcW8uJiQcRTxTbBAt-FvY,prospect
Irmãs beauty studio,,"Rua nova Povoado pacas - Zona rural, Pedreiras - MA, 65725-000, Brasil",Pedreiras,-4.8143344,-44.6194931,"{""Salão de Beleza""}",https://www.google.com/maps/search/?api=1&query=Irm%C3%A3s%20beauty%20studio&query_place_id=ChIJT0vQr_uRiQcR-Su3P6enTK0,prospect
Gisele Lima Estética Feminina,5599984183784,"Av. Zeca Branco - mutirão, Pedreiras - MA, 65725-000, Brasil",Pedreiras,-4.5749145,-44.5926051,"{""Salão de Beleza""}",https://www.google.com/maps/search/?api=1&query=Gisele%20Lima%20Est%C3%A9tica%20Feminina&query_place_id=ChIJwZExiO2JiQcRfUdmxBZzmF0,prospect
Espaço Da Beleza Moça Bonita Jc,,"Tv. Crescêncio Raposo, Pedreiras - MA, 65725-000, Brasil",Pedreiras,-4.5687703,-44.6037423,"{""Salão de Beleza""}",https://www.google.com/maps/search/?api=1&query=Espa%C3%A7o%20Da%20Beleza%20Mo%C3%A7a%20Bonita%20Jc&query_place_id=ChIJ0RsuGGEnigcRMzKuBUXOBiQ,prospect
Thita Cabelos,,"R. da Ponte, 125, Pedreiras - MA, 65725-000, Brasil",Pedreiras,-4.5695631,-44.6052869,"{""Salão de Beleza""}",https://www.google.com/maps/search/?api=1&query=Thita%20Cabelos&query_place_id=ChIJXcaK9WAnigcRHSIhpoVwpzM,prospect
Belíssima Hair,,"Pedreiras - MA, 65725-000, Brasil",Pedreiras,-4.5755724,-44.6054713,"{""Salão de Beleza""}",https://www.google.com/maps/search/?api=1&query=Bel%C3%ADssima%20Hair&query_place_id=ChIJg_GI3d2JiQcRngBMtomT-2o,prospect
Ana Pereira studio,5599981029377,"R. Carvalho Branco, Pedreiras - MA, 65725-000, Brasil",Pedreiras,-4.5817867,-44.610966,"{""Salão de Beleza""}",https://www.google.com/maps/search/?api=1&query=Ana%20Pereira%20studio&query_place_id=ChIJez6ASACJiQcRfqidcpQDsBE,prospect
Andrea Gomes Studio De Beleza,,"R. Um, 537, Pedreiras - MA, 65725-000, Brasil",Pedreiras,-4.5741217,-44.5937896,"{""Salão de Beleza""}",https://www.google.com/maps/search/?api=1&query=Andrea%20Gomes%20Studio%20De%20Beleza&query_place_id=ChIJp14wXtaJiQcRBbSi7Zsd67o,prospect
Stúdio Glam Beauty,,"Tv. José Eusébio, Pedreiras - MA, 65725-000, Brasil",Pedreiras,-4.5684764,-44.6037143,"{""Salão de Beleza""}",https://www.google.com/maps/search/?api=1&query=St%C3%BAdio%20Glam%20Beauty&query_place_id=ChIJW9SgPGEnigcRuyLCW9iFSUo,prospect
Marleza Beauty,5599985024722,"R. Carvalho Branco, 1139 - Diogo, Pedreiras - MA, 65725-000, Brasil",Pedreiras,-4.582001,-44.6103087,"{""Salão de Beleza""}",https://www.google.com/maps/search/?api=1&query=Marleza%20Beauty&query_place_id=ChIJibR7LWWJiQcRQqYZ8FADM6o,prospect
Dyevilla Beauty | Espaço,5599984137903,"R. da Corrente - Diogo, Pedreiras - MA, 65725-000, Brasil",Pedreiras,-4.5820286,-44.6082521,"{""Salão de Beleza""}",https://www.google.com/maps/search/?api=1&query=Dyevilla%20Beauty%20%7C%20Espa%C3%A7o&query_place_id=ChIJaxlysjiJiQcR20eyJCoT5H4,prospect
VILANI BRANDÃO STUDIO DE BELEZA,,"R. Miguel Atta, 180, Pedreiras - MA, 65725-000, Brasil",Pedreiras,-4.571016,-44.5990328,"{""Salão de Beleza""}",https://www.google.com/maps/search/?api=1&query=VILANI%20BRAND%C3%83O%20STUDIO%20DE%20BELEZA&query_place_id=ChIJ_f1ZjWInigcRzxQL0wK_BwY,prospect
Alyne Suzelly ESMALTERIA,,"R. Santa Amália, Pedreiras - MA, 65725-000, Brasil",Pedreiras,-4.5786586,-44.5885913,"{""Manicure - Esmalteria""}",https://www.google.com/maps/search/?api=1&query=Alyne%20Suzelly%20ESMALTERIA&query_place_id=ChIJpabo29KJiQcRjy3Cd5n59jA,prospect
Studio Eline Brito,,"Pedreiras - MA, 65725-000, Brasil",Pedreiras,-4.577763,-44.5992725,"{""Salão de Beleza""}",https://www.google.com/maps/search/?api=1&query=Studio%20Eline%20Brito&query_place_id=ChIJdf4n-dqJiQcRItXiUaD6cWo,prospect
Studio Az Irmãs - Aline Coutinho Makeup e Sobrancelhas,5599984668689,"Tv. Crescêncio Raposo - Centro, Pedreiras - MA, 65725-000, Brasil",Pedreiras,-4.569278,-44.6006199,"{""Salão de Beleza""}",https://www.google.com/maps/search/?api=1&query=Studio%20Az%20Irm%C3%A3s%20-%20Aline%20Coutinho%20Makeup%20e%20Sobrancelhas&query_place_id=ChIJ2dG-0CsnigcRI_biHv_1Svs,prospect
Studio Emilly nails,5599985434860,"R. Duque de Caxias, Pedreiras - MA, 65725-000, Brasil",Pedreiras,-4.5678485,-44.599513,"{""Sobrancelhas e Cílios""}",https://www.google.com/maps/search/?api=1&query=Studio%20Emilly%20nails&query_place_id=ChIJkYH3EwAnigcRD0ow9DCpWzc,prospect
Beleza Fashion,,"R. das Laranjeiras, Pedreiras - MA, 65725-000, Brasil",Pedreiras,-4.5759131,-44.6048517,"{""Salão de Beleza""}",https://www.google.com/maps/search/?api=1&query=Beleza%20Fashion&query_place_id=ChIJeelwz92JiQcR2geWAfPHeJ0,prospect
Studio Michelle Muniz,,"Tv. Otávio Passos, 657, Pedreiras - MA, 65725-000, Brasil",Pedreiras,-4.5780909,-44.5980347,"{""Salão de Beleza""}",https://www.google.com/maps/search/?api=1&query=Studio%20Michelle%20Muniz&query_place_id=ChIJk-5fjtqJiQcRHkaPXNuyVBY,prospect
Anna oliiiveira sobrancelha e epilação,,"R. Santa Helena, 47, Pedreiras - MA, 65725-000, Brasil",Pedreiras,-4.5775079,-44.5870476,"{""Sobrancelhas e Cílios""}",https://www.google.com/maps/search/?api=1&query=Anna%20oliiiveira%20sobrancelha%20e%20epila%C3%A7%C3%A3o&query_place_id=ChIJUZ8IJwCJiQcRoCqlbETOdC0,prospect
Arhazou Esmalteria,5599984221078,"Av: 1, N: 11 - Parque das palmeiras, Pedreiras - MA, 65725-000, Brasil",Pedreiras,-4.578721,-44.58879,"{""Manicure - Esmalteria""}",https://www.google.com/maps/search/?api=1&query=Arhazou%20Esmalteria&query_place_id=ChIJdStCSiGJiQcRwRpW5vSbk0I,prospect
BV beauty concept,,"R. Tv. Palmeirinha, Pedreiras - MA, 65725-000, Brasil",Pedreiras,-4.5802346,-44.592919,"{""Salão de Beleza""}",https://www.google.com/maps/search/?api=1&query=BV%20beauty%20concept&query_place_id=ChIJlcPZdgCJiQcROJ36H9bbkf4,prospect
Dyevilla Medeiros Beauty,5599984137903,"R. da Piçarra, 1497 - Diogo, Pedreiras - MA, 65725-000, Brasil",Pedreiras,-4.581773,-44.6083172,"{""Salão de Beleza""}",https://www.google.com/maps/search/?api=1&query=Dyevilla%20Medeiros%20Beauty&query_place_id=ChIJP-VzeauJiQcRYBAyKWU0wdk,prospect
ELIVALDO CABELOS,,"R. Otávio Passos, Pedreiras - MA, 65725-000, Brasil",Pedreiras,-4.5755615,-44.5955452,"{""Salão de Beleza""}",https://www.google.com/maps/search/?api=1&query=ELIVALDO%20CABELOS&query_place_id=ChIJJz8OMNeJiQcRydRQ0iV79xk,prospect
Thalita make,,"R. João Rodrigues, 110, Pedreiras - MA, 65725-000, Brasil",Pedreiras,-4.581089,-44.5924408,"{""Maquiagem""}",https://www.google.com/maps/search/?api=1&query=Thalita%20make&query_place_id=ChIJgT3G382JiQcR7-FY7Sk7Pzo,prospect
Espaço Driely Sousa,,"Pedreiras - MA, 65725-000, Brasil",Pedreiras,-4.5760314,-44.6053947,"{""Salão de Beleza""}",https://www.google.com/maps/search/?api=1&query=Espa%C3%A7o%20Driely%20Sousa&query_place_id=ChIJkRi-wd2JiQcRM-Lzf4BL9VA,prospect
Espaço das Unhas,,"R. Um, 521, Pedreiras - MA, 65725-000, Brasil",Pedreiras,-4.5742513,-44.5938109,"{""Manicure - Esmalteria""}",https://www.google.com/maps/search/?api=1&query=Espa%C3%A7o%20das%20Unhas&query_place_id=ChIJyxHyX9aJiQcR84Za-8jKPd4,prospect
ESMALTERIA Cristina,,"Av. Marly Boueres, 1768, Pedreiras - MA, 65725-000, Brasil",Pedreiras,-4.5737489,-44.5905609,"{""Manicure - Esmalteria""}",https://www.google.com/maps/search/?api=1&query=ESMALTERIA%20Cristina&query_place_id=ChIJO0Xro9WJiQcRhHG20rUirWo,prospect
Esmalteria da Nanda,5599982593410,"Tv. João Benígno, 138, Pedreiras - MA, 65725-000, Brasil",Pedreiras,-4.5739687,-44.6047383,"{""Manicure - Esmalteria""}",https://www.google.com/maps/search/?api=1&query=Esmalteria%20da%20Nanda&query_place_id=ChIJ2wjEpVCJiQcRyblKfQFzD9Q,prospect
Esmalteria Ana Paula,,"R. Sete, 16, Pedreiras - MA, 65725-000, Brasil",Pedreiras,-4.5767921,-44.588422,"{""Manicure - Esmalteria""}",https://www.google.com/maps/search/?api=1&query=Esmalteria%20Ana%20Paula&query_place_id=ChIJYfYOWtOJiQcRlpUDc1XJcec,prospect
Cíntia Rocha,5599999024071,"R. Nossa Sra. do Perpétuo Socorro, Pedreiras - MA, 65725-000, Brasil",Pedreiras,-4.576418,-44.5866174,"{""Manicure - Esmalteria""}",https://www.google.com/maps/search/?api=1&query=C%C3%ADntia%20Rocha&query_place_id=ChIJKe1eO4iJiQcR3CiAFcO_V5k,prospect
Erica's MANICURE,,"R. Tancredo Neves, 87, Pedreiras - MA, 65725-000, Brasil",Pedreiras,-4.5641434,-44.5955823,"{""Manicure - Esmalteria""}",https://www.google.com/maps/search/?api=1&query=Erica's%20MANICURE&query_place_id=ChIJw_GhenAnigcRfwuBXH1wxQs,prospect
Poly Designer,,"R. Messías Filho, 602, Pedreiras - MA, 65725-000, Brasil",Pedreiras,-4.5868609,-44.5870019,"{""Sobrancelhas e Cílios""}",https://www.google.com/maps/search/?api=1&query=Poly%20Designer&query_place_id=ChIJRbGVSgCJiQcRZQahTT8x76U,prospect
Andreina Souzza Beleza E Cosméticos,,"R. Messías Filho, 103, Pedreiras - MA, 65725-000, Brasil",Pedreiras,-4.5829389,-44.5887932,"{""Salão de Beleza""}",https://www.google.com/maps/search/?api=1&query=Andreina%20Souzza%20Beleza%20E%20Cosm%C3%A9ticos&query_place_id=ChIJq8Xqw8yJiQcRr_hK3wZFQD0,prospect
Esmalteria Unhas Decoradas 30,5599981945339,"R. São Pedro, 354, Pedreiras - MA, 65725-000, Brasil",Pedreiras,-4.5835153,-44.5842169,"{""Manicure - Esmalteria""}",https://www.google.com/maps/search/?api=1&query=Esmalteria%20Unhas%20Decoradas%2030&query_place_id=ChIJI88lTlGJiQcRpy6P_3jrB_4,prospect
Gardy Esmalteria,5599981181499,"R. Moisés Feitosa Nunes, 54, Pedreiras - MA, 65725-000, Brasil",Pedreiras,-4.5749068,-44.5908232,"{""Manicure - Esmalteria""}",https://www.google.com/maps/search/?api=1&query=Gardy%20Esmalteria&query_place_id=ChIJc54Way-JiQcRKhEd3jpFfQ4,prospect
VITINHO Cabelos,,"Pedreiras - MA, 65725-000, Brasil",Pedreiras,-4.5792245,-44.6081939,"{""Salão de Beleza""}",https://www.google.com/maps/search/?api=1&query=VITINHO%20Cabelos&query_place_id=ChIJ_8-YceiJiQcRv3dN2DG7B6w,prospect
Carolyne Carvalho Sobrancelhas,,"Tv. José de Freitas, n142 - Engenho, Pedreiras - MA, 65725-000, Brasil",Pedreiras,-4.5772253,-44.595065,"{""Sobrancelhas e Cílios""}",https://www.google.com/maps/search/?api=1&query=Carolyne%20Carvalho%20Sobrancelhas&query_place_id=ChIJjxmmhaiJiQcRD98zTV9uLvg,prospect
Salão Realce,,"Pedreiras - MA, 65725-000, Brasil",Pedreiras,-4.5685363,-44.5995463,"{""Salão de Beleza""}",https://www.google.com/maps/search/?api=1&query=Sal%C3%A3o%20Realce&query_place_id=ChIJcY0ZeGMnigcRrtjiuq890Qo,prospect
Studio Thaynara Palhares | Especialista em Sobrancelhas,,"Pedra Ville - Engenho, Pedreiras - MA, 65725-000, Brasil",Pedreiras,-4.5807411,-44.5949421,"{""Sobrancelhas e Cílios""}",https://www.google.com/maps/search/?api=1&query=Studio%20Thaynara%20Palhares%20%7C%20Especialista%20em%20Sobrancelhas&query_place_id=ChIJpbvGuwCJiQcRpogTUaH-sdQ,prospect
Aline Brandão,5599984954330,"R. Mal. Castelo Branco, 250 - Prainha, Pedreiras - MA, 65725-000, Brasil",Pedreiras,-4.5712832,-44.5971416,"{""Depilação""}",https://www.google.com/maps/search/?api=1&query=Aline%20Brand%C3%A3o&query_place_id=ChIJuyuwtdQnigcRsF9OK_0DsC0,prospect
Clínica Depily,5599982695147,"R. Jeremias Caldeiras, Nº 72, Pedreiras - MA, 65725-000, Brasil",Pedreiras,-4.5703944,-44.5994439,"{""depilação""}",https://www.google.com/maps/search/?api=1&query=Cl%C3%ADnica%20Depily&query_place_id=ChIJWXdpvV4nigcRCveD1YhovzQ,prospect
Lauanda Santos Nail Designer 🏼,5599981408422,"R. São Francisco, Pedreiras - MA, 65725-000, Brasil",Pedreiras,-4.5659633,-44.6013348,"{""Manicure - Esmalteria""}",https://www.google.com/maps/search/?api=1&query=Lauanda%20Santos%20Nail%20Designer%20%F0%9F%8F%BC&query_place_id=ChIJvypg_6YnigcRkjyVWqsTAwU,prospect
Marabá Cabeleireiro,,"R. da Estrela, N° 779, Pedreiras - MA, 65725-000, Brasil",Pedreiras,-4.5689266,-44.6016205,"{""Salão de Beleza""}",https://www.google.com/maps/search/?api=1&query=Marab%C3%A1%20Cabeleireiro&query_place_id=ChIJxaZ1LAAnigcR1NU7nfX0ioo,prospect
Madre | Esmalteria & Estética,5599981440225,"R. Abílio Monteiro, 1592 - Sl 03 - Engenho, Pedreiras - MA, 65725-000, Brasil",Pedreiras,-4.5780874,-44.5939741,"{""Manicure - Esmalteria""}",https://www.google.com/maps/search/?api=1&query=Madre%20%7C%20Esmalteria%20%26%20Est%C3%A9tica&query_place_id=ChIJXwzWyGaJiQcRsVfhU86FBlM,prospect
M A STUDIO,5599991133823,"R. Lino Feitosa, Pedreiras - MA, 65725-000, Brasil",Pedreiras,-4.5779281,-44.5858858,"{""Clínica de Estética""}",https://www.google.com/maps/search/?api=1&query=M%20A%20STUDIO&query_place_id=ChIJM1N5TFuJiQcRTMiBieV-vyo,prospect
Josi Teodoro Saúde e Estética avançada,5599984213851,"R. Raimundo Araújo, 357 - Centro, Pedreiras - MA, 65725-000, Brasil",Pedreiras,-4.5732435,-44.6000782,"{""Salão de Beleza""}",https://www.google.com/maps/search/?api=1&query=Josi%20Teodoro%20Sa%C3%BAde%20e%20Est%C3%A9tica%20avan%C3%A7ada&query_place_id=ChIJYWYkm-YnigcR4sascHUXcLc,prospect
aleikson cabeleireiro,5599984341246,"Av .Rio Branco 533 .sala 6 Shopping cidade Centro, Pedreiras - MA, 65725-000, Brasil",Pedreiras,-4.5719318,-44.6005711,"{""Barbearia""}",https://www.google.com/maps/search/?api=1&query=aleikson%20cabeleireiro&query_place_id=ChIJH69zdZgnigcRaqQj1LljuFc,prospect
Barbearia do Dinho em Pedreiras,5599984232296,"R. Raimundo Araújo, N° 401 - Centro, Pedreiras - MA, 65725-000, Brasil",Pedreiras,-4.572796,-44.5997616,"{""Barbearia""}",https://www.google.com/maps/search/?api=1&query=Barbearia%20do%20Dinho%20em%20Pedreiras&query_place_id=ChIJ90ryyhGJiQcR5yQK-wba8Pk,prospect
Barbearia ANTHONY,,"R. Miguel Atta, 77 - Centro, Pedreiras - MA, 65725-000, Brasil",Pedreiras,-4.5717131,-44.5995675,"{""Barbearia""}",https://www.google.com/maps/search/?api=1&query=Barbearia%20ANTHONY&query_place_id=ChIJp_eDgGInigcRURePem6x_I8,prospect
Mr.Barbeiro,5599981793129,"Em frente ao Colégio Doutor Herschell Carvalho - R. Francisco Sá, 97 - Centro, Pedreiras - MA, 65725-000, Brasil",Pedreiras,-4.5743212,-44.5985289,"{""Barbearia""}",https://www.google.com/maps/search/?api=1&query=Mr.Barbeiro&query_place_id=ChIJ03f9MpCJiQcRE6m0O62g0Co,prospect
MaNiM Cabeleireiro,,"R. José Sarney, 49, Pedreiras - MA, 65725-000, Brasil",Pedreiras,-4.5643902,-44.5950194,"{""Barbearia""}",https://www.google.com/maps/search/?api=1&query=MaNiM%20Cabeleireiro&query_place_id=ChIJZwV7fnAnigcRUuNglrAZ15Q,prospect
MS BARBEARIA,5599992170809,"Rua Manoel Trindade Boiada, Pedreiras - MA, 65725-000, Brasil",Pedreiras,-4.5751235,-44.6055433,"{""Barbearia""}",https://www.google.com/maps/search/?api=1&query=MS%20BARBEARIA&query_place_id=ChIJryTP0yuJiQcRgiNWkGqTWmo,prospect
Eugênia Santos STUDIO DE BELEZA,,"Peritoró - MA, 65418-000, Brasil",Peritoró,-4.372011,-44.331273,"{""Salão de Beleza""}",https://www.google.com/maps/search/?api=1&query=Eug%C3%AAnia%20Santos%20STUDIO%20DE%20BELEZA&query_place_id=ChIJkcHqmS_KiwcRtE2K_ihl7GU,prospect
Centro Etético Carpus Belle,,"Peritoró - MA, 65418-000, Brasil",Peritoró,-4.3746434,-44.3299445,"{""Salão de Beleza""}",https://www.google.com/maps/search/?api=1&query=Centro%20Et%C3%A9tico%20Carpus%20Belle&query_place_id=ChIJi46XkC7KiwcRLwHzDP91nRE,prospect
Yara Studio de beleza,5599991269330,"Tv. da Matriz, 01 - Centro, Peritoró - MA, 65418-000, Brasil",Peritoró,-4.3748125,-44.340762,"{""Salão de Beleza""}",https://www.google.com/maps/search/?api=1&query=Yara%20Studio%20de%20beleza&query_place_id=ChIJ0zwvcBHLiwcR7GubBbVUrFo,prospect
Salão Diana Bella,5599991243213,"Tv. Sete de Setembro, S/nº, Peritoró - MA, 65418-000, Brasil",Peritoró,-4.3734209,-44.3284058,"{""Salão de Beleza""}",https://www.google.com/maps/search/?api=1&query=Sal%C3%A3o%20Diana%20Bella&query_place_id=ChIJc2yYKrHLiwcRmoRgCgM1vOs,prospect
Alexandre Barbeiro,5599992166832,"Tv. da Igreja - Livramento, Peritoró - MA, 65418-000, Brasil",Peritoró,-4.3508312,-44.3753802,"{""Barbearia""}",https://www.google.com/maps/search/?api=1&query=Alexandre%20Barbeiro&query_place_id=ChIJNQ2spXnLiwcR_lbcop-80FE,prospect
Maeli cabeleireira,,"Peritoró - MA, 65418-000, Brasil",Peritoró,-4.3779439,-44.3392338,"{""Salão de Beleza""}",https://www.google.com/maps/search/?api=1&query=Maeli%20cabeleireira&query_place_id=ChIJyWb5YwDLiwcRPVZPwvDoxiE,prospect
Cristina Cabeleireira,,"Vila Tiradentes, Peritoró - MA, 65418-000, Brasil",Peritoró,-4.3736631,-44.3271352,"{""Salão de Beleza""}",https://www.google.com/maps/search/?api=1&query=Cristina%20Cabeleireira&query_place_id=ChIJSXRIHynKiwcROr877X2_YhM,prospect
Vivi Rodrigues Hair,5599991909907,"Av. Brasil, Peritoró - MA, 65418-000, Brasil",Peritoró,-4.3755687,-44.3299825,"{""Salão de Beleza""}",https://www.google.com/maps/search/?api=1&query=Vivi%20Rodrigues%20Hair&query_place_id=ChIJ1YcsWXzLiwcRScY40herEXs,prospect
Nails Branca Esmalteria,,"R. Quatro de Outubro, Peritoró - MA, 65418-000, Brasil",Peritoró,-4.3771578,-44.340139,"{""Manicure - Esmalteria""}",https://www.google.com/maps/search/?api=1&query=Nails%20Branca%20Esmalteria&query_place_id=ChIJQalnu9LLiwcR4osAIGFcROI,prospect
RC Studio Cílios & Sobrancelhas,,"R. São Raimundo, Peritoró - MA, 65418-000, Brasil",Peritoró,-4.3738977,-44.3440786,"{""Sobrancelhas e Cílios""}",https://www.google.com/maps/search/?api=1&query=RC%20Studio%20C%C3%ADlios%20%26%20Sobrancelhas&query_place_id=ChIJ80jzGgDLiwcR4H1Po2OXDYw,prospect
Salão da Sirlene,5599992053832,"R. da Faixa, 26 - Peritoro, Peritoró - MA, 65418-000, Brasil",Peritoró,-4.3733533,-44.3288727,"{""Salão de Beleza""}",https://www.google.com/maps/search/?api=1&query=Sal%C3%A3o%20da%20Sirlene&query_place_id=ChIJj9xkFgDLiwcR1jsTIkTcPyM,prospect
Nildeunhas,5599991742447,"Rua da lavandeira- n*70, Coroatá - MA, 65415-000, Brasil",Peritoró,-4.3783943,-44.3392961,"{""Manicure - Esmalteria""}",https://www.google.com/maps/search/?api=1&query=Nildeunhas&query_place_id=ChIJ0Tdxp9yhiwcRuNZTCN93gFg,prospect
Nina manicure,5599991731814,"R. do Meio, 220, Peritoró - MA, 65418-000, Brasil",Peritoró,-4.3738047,-44.3403161,"{""Sobrancelhas e Cílios""}",https://www.google.com/maps/search/?api=1&query=Nina%20manicure&query_place_id=ChIJMQlf62jLiwcRwoG5RT9Fsvw,prospect
Natacha Sobrancelhas,5599982278698,"Rua do Grupo - Independência, Peritoró - MA, 65418-000, Brasil",Peritoró,-4.4585281,-44.3813721,"{""Sobrancelhas e Cílios""}",https://www.google.com/maps/search/?api=1&query=Natacha%20Sobrancelhas&query_place_id=ChIJ16dV1JnNiwcRkTU6tYjovNo,prospect
Studio Lourdes_mila,,"loteamento cinco estrelas, Peritoró - MA, 65418-000, Brasil",Peritoró,-4.3774454,-44.3311525,"{""Salão de Beleza""}",https://www.google.com/maps/search/?api=1&query=Studio%20Lourdes_mila&query_place_id=ChIJPU4IfK7LiwcRgcicVEdEBss,prospect
Beautiful life,5599992309409,"R. da Linha - Centro, Peritoró - MA, 65418-000, Brasil",Peritoró,-4.3738165,-44.3412077,"{""Salão de Beleza""}",https://www.google.com/maps/search/?api=1&query=Beautiful%20life&query_place_id=ChIJScBwzc7LiwcRj5OwRb5Qcc0,prospect
Barbearia no grau,5565999577252,"Av. Brasil - Centro, Peritoró - MA, 65418-000, Brasil",Peritoró,-4.3737878,-44.3343235,"{""Barbearia""}",https://www.google.com/maps/search/?api=1&query=Barbearia%20no%20grau&query_place_id=ChIJY97NH3LLiwcReCwflOZH5Gg,prospect
Barbearia Pai e Filho,5599991593910,"São João Das Neves, Peritoró - MA, 65418-000, Brasil",Peritoró,-4.4050749,-44.2627441,"{""Barbearia""}",https://www.google.com/maps/search/?api=1&query=Barbearia%20Pai%20e%20Filho&query_place_id=ChIJPe4ZsBzJiwcRpDuin6xtCOI,prospect
Geuziana Lúcio Cabeleireira,5599991879920,"R. Altíno Gomes, 205 - Vila Militar, Pres. Dutra - MA, 65760-000, Brasil",Presidente Dutra,-5.2963431,-44.4936061,"{""Salão de Beleza""}",https://www.google.com/maps/search/?api=1&query=Geuziana%20L%C3%BAcio%20Cabeleireira&query_place_id=ChIJeY_6y75diAcRwBQzuy_8YjI,prospect
Beauty Studio DarMinina,5599984260926,"Rua da invasão Campeão, Pres. Dutra - MA, 65760-000, Brasil",Presidente Dutra,-5.2866606,-44.5050391,"{""Salão de Beleza""}",https://www.google.com/maps/search/?api=1&query=Beauty%20Studio%20DarMinina&query_place_id=ChIJEbKJzhxdiAcRw8MM7ZxnYuY,prospect
Camilla Beauty Studio,5599988249356,"Angical, Pres. Dutra - MA, 65760-000, Brasil",Presidente Dutra,-5.4423965,-44.4677679,"{""Salão de Beleza""}",https://www.google.com/maps/search/?api=1&query=Camilla%20Beauty%20Studio&query_place_id=ChIJoY7nCwBjiAcRdIIGOKOsyto,prospect
JANIELE CABELEIREIRA,5599991228653,"Povoado invenção, Pres. Dutra - MA, 65760-000, Brasil",Presidente Dutra,-5.4253731,-44.471729,"{""Salão de Beleza""}",https://www.google.com/maps/search/?api=1&query=JANIELE%20CABELEIREIRA&query_place_id=ChIJX33vjNZjiAcRBbE5uln8VPE,prospect
Salão Unissex,5599992202135,"R. Pres. Castelo Branco - Centro, Pres. Dutra - MA, 65760-000, Brasil",Presidente Dutra,-5.2857269,-44.4903124,"{""Salão de Beleza""}",https://www.google.com/maps/search/?api=1&query=Sal%C3%A3o%20Unissex&query_place_id=ChIJ59N45dxdiAcRl6vVn3vnM90,prospect
Ela Centro de Beleza,5599982404472,"R. Cel. Sebastião Gomes, 405, Pres. Dutra - MA, 65760-000, Brasil",Presidente Dutra,-5.2844221,-44.4927054,"{""Salão de Beleza""}",https://www.google.com/maps/search/?api=1&query=Ela%20Centro%20de%20Beleza&query_place_id=ChIJBbJ1MDZciAcRJ9vB4ISOmQ8,prospect
Mag Cabelereira,5599991273670,"R. Clodomir Cardoso, 464 - Centro, Pres. Dutra - MA, 65760-000, Brasil",Presidente Dutra,-5.2872735,-44.4904674,"{""Salão de Beleza""}",https://www.google.com/maps/search/?api=1&query=Mag%20Cabelereira&query_place_id=ChIJh4jL7_ldiAcRkbqrQdsf0GI,prospect
Centro estético Sabrinny Moura,,"R. 1, 2 - Vila Militar, Pres. Dutra - MA, 65760-000, Brasil",Presidente Dutra,-5.2979344,-44.495782,"{""Clínica de Estética""}",https://www.google.com/maps/search/?api=1&query=Centro%20est%C3%A9tico%20Sabrinny%20Moura&query_place_id=ChIJny-DGAFdiAcRgwg18ajH_o8,prospect
Cantinho Spa Beauty - Havylla Dandara,5599991763659,"Av. José Olavo Sampaio, 333, Pres. Dutra - MA, 65760-000, Brasil",Presidente Dutra,-5.2873156,-44.4951109,"{""Salão de Beleza""}",https://www.google.com/maps/search/?api=1&query=Cantinho%20Spa%20Beauty%20-%20Havylla%20Dandara&query_place_id=ChIJVfZoDxZdiAcRVbOLcco-rmc,prospect
Espaço Dayane Madeira Beleza e Estética,5563991378653,"Tv. Ver. Vicente Américo de Oliveira, 32, Pres. Dutra - MA, 65760-000, Brasil",Presidente Dutra,-5.292367,-44.4894311,"{""Clínica de Estética""}",https://www.google.com/maps/search/?api=1&query=Espa%C3%A7o%20Dayane%20Madeira%20Beleza%20e%20Est%C3%A9tica&query_place_id=ChIJd_gWXcpdiAcRzj8SrcP-J4Y,prospect
AL CABELEIREIROS unissex,5599982516950,"Praça Diogo Soares, 68 - Centro, Pres. Dutra - MA, 65760-000, Brasil",Presidente Dutra,-5.2818317,-44.4950294,"{""Salão de Beleza""}",https://www.google.com/maps/search/?api=1&query=AL%20CABELEIREIROS%20unissex&query_place_id=ChIJe5riMcldiAcRkfGQfvLZiyw,prospect
Myrla Cabelo,,"R. Celso Sereno, 214, Pres. Dutra - MA, 65760-000, Brasil",Presidente Dutra,-5.2857822,-44.4935322,"{""Salão de Beleza""}",https://www.google.com/maps/search/?api=1&query=Myrla%20Cabelo&query_place_id=ChIJK0JgBABdiAcReLg-gYnZ1V8,prospect
Lailla Cabelos,,"R. Rainha da Paz - Bom Sucesso, Pres. Dutra - MA, 65760-000, Brasil",Presidente Dutra,-5.2821765,-44.5050384,"{""Salão de Beleza""}",https://www.google.com/maps/search/?api=1&query=Lailla%20Cabelos&query_place_id=ChIJFfmNRqldiAcROlYeCcVC9fM,prospect
Studio Israelma Jordão - Crespos e Cachos,5599984355316,"R. Barão do Rio Branco, N° 90 - Centro, Pres. Dutra - MA, 65760-000, Brasil",Presidente Dutra,-5.2866468,-44.4901807,"{""Salão de Beleza""}",https://www.google.com/maps/search/?api=1&query=Studio%20Israelma%20Jord%C3%A3o%20-%20Crespos%20e%20Cachos&query_place_id=ChIJN1SWhnxdiAcRCJDZO3knt0E,prospect
Andreia Oliveira Beauty,5599981015147,"R. Clodomir Cardoso, Pres. Dutra - MA, 65760-000, Brasil",Presidente Dutra,-5.2872712,-44.490531,"{""Salão de Beleza""}",https://www.google.com/maps/search/?api=1&query=Andreia%20Oliveira%20Beauty&query_place_id=ChIJdcXBDapdiAcRF6bYGmNZXaU,prospect
Joyce Alencar STUDIO BEAUTY,,"R. Cel. Sebastião Gomes, 136, Pres. Dutra - MA, 65760-000, Brasil",Presidente Dutra,-5.2824151,-44.4947615,"{""Salão de Beleza""}",https://www.google.com/maps/search/?api=1&query=Joyce%20Alencar%20STUDIO%20BEAUTY&query_place_id=ChIJt1xMFUhciAcRtH7SZtqcIaE,prospect
Salão Sousa aplicação de prótese capilar,5599996493209,"R. Getúlio Vargas - Centro, Pres. Dutra - MA, 65760-000, Brasil",Presidente Dutra,-5.2873694,-44.4922674,"{""Salão de Beleza""}",https://www.google.com/maps/search/?api=1&query=Sal%C3%A3o%20Sousa%20aplica%C3%A7%C3%A3o%20de%20pr%C3%B3tese%20capilar&query_place_id=ChIJH9gl9ttdiAcRym7ckDY5Te8,prospect
Fernanda Góis,5599981501749,"R. João Góis, 04, Pres. Dutra - MA, 65760-000, Brasil",Presidente Dutra,-5.2805244,-44.4977973,"{""Salão de Beleza""}",https://www.google.com/maps/search/?api=1&query=Fernanda%20G%C3%B3is&query_place_id=ChIJ6y6rZcddiAcR8YBOKKvexWw,prospect
Espaço Jaqueline Cavalcante Hair,5599982107715,"espaço Bom sucesso - R. Santa Teresinha, Pres. Dutra - MA, 65760-000, Brasil",Presidente Dutra,-5.282435,-44.503995,"{""Salão de Beleza""}",https://www.google.com/maps/search/?api=1&query=Espa%C3%A7o%20Jaqueline%20Cavalcante%20Hair&query_place_id=ChIJ97AVSEtdiAcRDGdwzFxe5Jo,prospect
Mônica Cabeleireira,,"Av. Tancredo Neves, 362, Pres. Dutra - MA, 65760-000, Brasil",Presidente Dutra,-5.2866269,-44.5007791,"{""Salão de Beleza""}",https://www.google.com/maps/search/?api=1&query=M%C3%B4nica%20Cabeleireira&query_place_id=ChIJnQU5q01ciAcROQkn2iT0BwY,prospect
Studio de Beleza Lanna Sousa,5599982179404,"Av. José Olavo Sampaio, 18 - centro, Pres. Dutra - MA, 65760-000, Brasil",Presidente Dutra,-5.2900942,-44.4937297,"{""Salão de Beleza""}",https://www.google.com/maps/search/?api=1&query=Studio%20de%20Beleza%20Lanna%20Sousa&query_place_id=ChIJox9WEutdiAcRgcksdyiFbvQ,prospect
Salão Cabeleireira,,"R. Graçaranha, Pres. Dutra - MA, 65760-000, Brasil",Presidente Dutra,-5.2929654,-44.4886893,"{""Salão de Beleza""}",https://www.google.com/maps/search/?api=1&query=Sal%C3%A3o%20Cabeleireira&query_place_id=ChIJg7PsCQBdiAcRsu3QnI5Lkmw,prospect
Fábio Cabeleireiro,,"R. Graçaranha, 787, Pres. Dutra - MA, 65760-000, Brasil",Presidente Dutra,-5.2948027,-44.4887544,"{""Salão de Beleza""}",https://www.google.com/maps/search/?api=1&query=F%C3%A1bio%20Cabeleireiro&query_place_id=ChIJEzCQyJ5diAcRBKr1X353ihc,prospect
Salão Belíssima presidente dutra ma,,"Rua graça aranha, Pres. Dutra - MA, 65760-000, Brasil",Presidente Dutra,-5.2904814,-44.4883218,"{""Salão de Beleza""}",https://www.google.com/maps/search/?api=1&query=Sal%C3%A3o%20Bel%C3%ADssima%20presidente%20dutra%20ma&query_place_id=ChIJddrVlRJdiAcRn79YaAsGgfU,prospect
Ze Cabelereiro Melhor De Pk,5599981721637,"R. Graçaranha, 773, Pres. Dutra - MA, 65760-000, Brasil",Presidente Dutra,-5.294758,-44.4887519,"{""Salão de Beleza""}",https://www.google.com/maps/search/?api=1&query=Ze%20Cabelereiro%20Melhor%20De%20Pk&query_place_id=ChIJLbJSys5diAcRYgoiN9gH6og,prospect
Salao Visual Vip,5599981230414,"2 Travessa São Francisco 234, Pres. Dutra - MA, 65760-000, Brasil",Presidente Dutra,-5.3048421,-44.4846155,"{""Salão de Beleza""}",https://www.google.com/maps/search/?api=1&query=Salao%20Visual%20Vip&query_place_id=ChIJpV4_tsJdiAcRFSJ14ZoBdg8,prospect
Evánia CABELEIREIRA,,"Av. Tancredo Neves, 2048, Pres. Dutra - MA, 65760-000, Brasil",Presidente Dutra,-5.3024651,-44.4918685,"{""Salão de Beleza""}",https://www.google.com/maps/search/?api=1&query=Ev%C3%A1nia%20CABELEIREIRA&query_place_id=ChIJfxDx5cBdiAcREZxIJAsxkx0,prospect
Salão Dricabelos,5599992000477,"Av. Tancredo Neves, Pres. Dutra - MA, 65760-000, Brasil",Presidente Dutra,-5.2951092,-44.4965869,"{""Salão de Beleza""}",https://www.google.com/maps/search/?api=1&query=Sal%C3%A3o%20Dricabelos&query_place_id=ChIJh2pBkPxdiAcRYFtLpySYbQk,prospect
Salão Beleza Pura,5599981963123,"Tv. Juscelino Kubitscheck, 185-129, Pres. Dutra - MA, 65760-000, Brasil",Presidente Dutra,-5.3056097,-44.4926701,"{""Salão de Beleza""}",https://www.google.com/maps/search/?api=1&query=Sal%C3%A3o%20Beleza%20Pura&query_place_id=ChIJ7YSM7ZBdiAcRnWGt57chjao,prospect
Studio Thamiris Fonseca - Especialista em Sobrancelhas e Micropigmentação,5599991907117,"Tv. Saturnino Belo, 36 - Centro, Pres. Dutra - MA, 65760-000, Brasil",Presidente Dutra,-5.2851486,-44.4927766,"{""Sobrancelhas e Cílios""}",https://www.google.com/maps/search/?api=1&query=Studio%20Thamiris%20Fonseca%20-%20Especialista%20em%20Sobrancelhas%20e%20Micropigmenta%C3%A7%C3%A3o&query_place_id=ChIJW5AFg11diAcRvmEUVfrOKkM,prospect
Studio de beleza karoliny,5599981470503,"Av. Tancredo Neves, 464, Pres. Dutra - MA, 65760-000, Brasil",Presidente Dutra,-5.287522,-44.5003696,"{""Salão de Beleza""}",https://www.google.com/maps/search/?api=1&query=Studio%20de%20beleza%20karoliny&query_place_id=ChIJdWfgz31diAcRyl73JHVyFIE,prospect
DELLA'S STUDIO,,"R. Barão do Rio Branco, 218, Pres. Dutra - MA, 65760-000, Brasil",Presidente Dutra,-5.2879775,-44.4901154,"{""Salão de Beleza""}",https://www.google.com/maps/search/?api=1&query=DELLA'S%20STUDIO&query_place_id=ChIJH15SizRciAcRkOy_3QxIgpc,prospect
Studio Kbelo Tattoo,5599981510947,"Tv. Raimundo Matos, 111, Pres. Dutra - MA, 65760-000, Brasil",Presidente Dutra,-5.2858319,-44.494015,"{""Salão de Beleza""}",https://www.google.com/maps/search/?api=1&query=Studio%20Kbelo%20Tattoo&query_place_id=ChIJzR92LqJdiAcRjkLIMv4xX24,prospect
Studio anenilda costa,,"Pres. Dutra - MA, 65760-000, Brasil",Presidente Dutra,-5.2901549,-44.4952922,"{""Salão de Beleza""}",https://www.google.com/maps/search/?api=1&query=Studio%20anenilda%20costa&query_place_id=ChIJpbhufwBdiAcRDk7JoWDZC-o,prospect
Studio Samy Carvalho,5599988107850,"Rua Adalberto de Macedo, Pres. Dutra - MA, 65760-000, Brasil",Presidente Dutra,-5.2878697,-44.4993426,"{""Salão de Beleza""}",https://www.google.com/maps/search/?api=1&query=Studio%20Samy%20Carvalho&query_place_id=ChIJiYGslUxciAcRuTFzH5MoCoA,prospect
Karolaine Nunes Studio,5599991801555,"Pres. Dutra - MA, 65760-000, Brasil",Presidente Dutra,-5.3005391,-44.4767357,"{""Salão de Beleza""}",https://www.google.com/maps/search/?api=1&query=Karolaine%20Nunes%20Studio&query_place_id=ChIJoaiibwBdiAcRpq6LxhJ1MOI,prospect
Studio Valéria Nascimento,5599984067094,"Tv. Frei Renato - São José, Pres. Dutra - MA, 65760-000, Brasil",Presidente Dutra,-5.3037268,-44.4857707,"{""Salão de Beleza""}",https://www.google.com/maps/search/?api=1&query=Studio%20Val%C3%A9ria%20Nascimento&query_place_id=ChIJt6LfkRpdiAcRlTM_bkp8_K0,prospect
Studio Lash Alba Souza,5599984963097,"Av. José Olavo Sampaio, 170 - Centro, Pres. Dutra - MA, 65760-000, Brasil",Presidente Dutra,-5.2839818,-44.4959724,"{""Sobrancelhas e Cílios""}",https://www.google.com/maps/search/?api=1&query=Studio%20Lash%20Alba%20Souza&query_place_id=ChIJkSOLtJFdiAcRqDoDUx0zbUg,prospect
LOYDE SILVA ESTÉTICA & CABELOS,5599985420251,"Enfrente a centro de ensino padre anchieta - R. Pres. Castelo Branco - Centro, Pres. Dutra - MA, 65760-000, Brasil",Presidente Dutra,-5.2894186,-44.4940106,"{""Clínica de Estética""}",https://www.google.com/maps/search/?api=1&query=LOYDE%20SILVA%20EST%C3%89TICA%20%26%20CABELOS&query_place_id=ChIJz2pTBahdiAcRurHoBJd1gu0,prospect
Beleza & Estética Jeane Lima,5599985497891,"R. Vinte e Oito de Junho Sul, 876 - Vila Militar, Pres. Dutra - MA, 65760-000, Brasil",Presidente Dutra,-5.2900969,-44.4952886,"{""Clínica de Estética""}",https://www.google.com/maps/search/?api=1&query=Beleza%20%26%20Est%C3%A9tica%20Jeane%20Lima&query_place_id=ChIJf71m5rBdiAcR3V81VxOLGfU,prospect
Ana Paula Maciel Sobrancelhas e Micropigmentação,5599982105158,"R. Barão do Rio Branco, 176 - Centro, Pres. Dutra - MA, 65760-000, Brasil",Presidente Dutra,-5.2874677,-44.4902052,"{""Sobrancelhas e Cílios""}",https://www.google.com/maps/search/?api=1&query=Ana%20Paula%20Maciel%20Sobrancelhas%20e%20Micropigmenta%C3%A7%C3%A3o&query_place_id=ChIJt1cn48BdiAcREnDkHzg_eQU,prospect
Arrebiks Beleza & Cosméticos,5599984704571,"Rua Prof - R. Pref. Nelson Sereno - Centro, Pres. Dutra - MA, 65760-000, Brasil",Presidente Dutra,-5.2828164,-44.4939596,"{""Salão de Beleza""}",https://www.google.com/maps/search/?api=1&query=Arrebiks%20Beleza%20%26%20Cosm%C3%A9ticos&query_place_id=ChIJh4J5JgBdiAcRyiE4ly9IADo,prospect
JEANE LASER ESTETICA,5599985497891,"R. 28 de Junho, 454 - Centro, Pres. Dutra - MA, 65760-000, Brasil",Presidente Dutra,-5.2882125,-44.4942318,"{""Clínica de Estética""}",https://www.google.com/maps/search/?api=1&query=JEANE%20LASER%20ESTETICA&query_place_id=ChIJE96oyR1diAcRPbJtz8bPlXo,prospect
LUCAS MARQUES BEAUTY,5599985122919,"R. Frei Carméio, Av. Campo Dantas, 223, Pres. Dutra - MA, 65760-000, Brasil",Presidente Dutra,-5.3018736,-44.4917354,"{""Salão de Beleza""}",https://www.google.com/maps/search/?api=1&query=LUCAS%20MARQUES%20BEAUTY&query_place_id=ChIJ3xFxrb5diAcRFXTr-ijq1Tw,prospect
Espaço VP,5599985077960,"Tv. Airton Gomes, Pres. Dutra - MA, 65760-000, Brasil",Presidente Dutra,-5.2964822,-44.4924757,"{""Salão de Beleza""}",https://www.google.com/maps/search/?api=1&query=Espa%C3%A7o%20VP&query_place_id=ChIJ5xEIuYldiAcRsaifu-MpT-Y,prospect
Salão da Leanes,5599981720674,"R. Manoel Crizanto, 140, Pres. Dutra - MA, 65760-000, Brasil",Presidente Dutra,-5.2983279,-44.4910769,"{""Salão de Beleza""}",https://www.google.com/maps/search/?api=1&query=Sal%C3%A3o%20da%20Leanes&query_place_id=ChIJoQYQF8VdiAcRmw181DajeKg,prospect
Salão da Bete pk,5599992188475,"R. Saturno, 52, Pres. Dutra - MA, 65760-000, Brasil",Presidente Dutra,-5.291479,-44.5005561,"{""Salão de Beleza""}",https://www.google.com/maps/search/?api=1&query=Sal%C3%A3o%20da%20Bete%20pk&query_place_id=ChIJrXZnI_ddiAcRJLPl2NxtkfE,prospect
Thaty Beleza Estética,5599981277520,"R. Dep. Manoel Gomes, 504, Pres. Dutra - MA, 65760-000, Brasil",Presidente Dutra,-5.3050253,-44.4908869,"{""Clínica de Estética""}",https://www.google.com/maps/search/?api=1&query=Thaty%20Beleza%20Est%C3%A9tica&query_place_id=ChIJMfLeBsRdiAcRl7xVozs4uu4,prospect
Espaço Nonata Libãnio Unhas,5599984425018,"Av. Tancredo Neves, 1417, Pres. Dutra - MA, 65760-000, Brasil",Presidente Dutra,-5.2965316,-44.4957504,"{""Manicure - Esmalteria""}",https://www.google.com/maps/search/?api=1&query=Espa%C3%A7o%20Nonata%20Lib%C3%A3nio%20Unhas&query_place_id=ChIJfUsPTQBdiAcRXA1y-QtLWHk,prospect
Studio Mary Lima,,"R. Pará, 96 - Santa Maria, Pres. Dutra - MA, 65760-000, Brasil",Presidente Dutra,-5.3134053,-44.4890982,"{""Salão de Beleza""}",https://www.google.com/maps/search/?api=1&query=Studio%20Mary%20Lima&query_place_id=ChIJnVmFhlNdiAcRolMrQd0a--Y,prospect
Cileide Unhas,5599991336289,"Av. Tancredo Neves, 1365, Pres. Dutra - MA, 65760-000, Brasil",Presidente Dutra,-5.2960827,-44.4960216,"{""Manicure - Esmalteria""}",https://www.google.com/maps/search/?api=1&query=Cileide%20Unhas&query_place_id=ChIJxZmhQLVdiAcRNfxG7LM1Qj8,prospect
Centro de Beleza Rafaela Oliveira,,"Tv. Virgílio Feitosa, 1106 - Vila Militar, Pres. Dutra - MA, 65760-000, Brasil",Presidente Dutra,-5.2986994,-44.4928804,"{""Salão de Beleza""}",https://www.google.com/maps/search/?api=1&query=Centro%20de%20Beleza%20Rafaela%20Oliveira&query_place_id=ChIJfcJ3RQBdiAcRq2A3bNEph1s,prospect
Estúdio de Beleza Espaços das Escovas,5599999031284,"Jean Carvalho - rua b, número 3, Pres. Dutra - MA, 65760-000, Brasil",Presidente Dutra,-5.304594,-44.4791808,"{""Salão de Beleza""}",https://www.google.com/maps/search/?api=1&query=Est%C3%BAdio%20de%20Beleza%20Espa%C3%A7os%20das%20Escovas&query_place_id=ChIJiy5tEgBdiAcRSm9Szmg1Af0,prospect
Salão de beleza Vitória Régia,,"Pres. Dutra - MA, 65760-000, Brasil",Presidente Dutra,-5.30379,-44.50207,"{""Salão de Beleza""}",https://www.google.com/maps/search/?api=1&query=Sal%C3%A3o%20de%20beleza%20Vit%C3%B3ria%20R%C3%A9gia&query_place_id=ChIJx-K9RgBdiAcRA_Am8FF7Ajo,prospect
Rs_charme_nail_art,5599992171209,"R. Eliéser Carvalho, 6, Pres. Dutra - MA, 65760-000, Brasil",Presidente Dutra,-5.3079798,-44.4918729,"{""Manicure - Esmalteria""}",https://www.google.com/maps/search/?api=1&query=Rs_charme_nail_art&query_place_id=ChIJHbXGdEFdiAcREmadwS5xDCM,prospect
Studio Jakeline Leal,5599984455554,"R. da Piçarra, Pres. Dutra - MA, 65760-000, Brasil",Presidente Dutra,-5.3053872,-44.482818,"{""Salão de Beleza""}",https://www.google.com/maps/search/?api=1&query=Studio%20Jakeline%20Leal&query_place_id=ChIJxa3ZK-hdiAcR_B08Xc9-3Ag,prospect
Studio Princesa,,"Tv. Juscelino Kubitscheck, Pres. Dutra - MA, 65760-000, Brasil",Presidente Dutra,-5.3055988,-44.4926611,"{""Salão de Beleza""}",https://www.google.com/maps/search/?api=1&query=Studio%20Princesa&query_place_id=ChIJpy_7vOpdiAcRJ6DUiZX-lgY,prospect
Studio Anna Caroliny Lash e Sobrancelha,5599992169591,"São Francisco, R. São José, Número F29, Pres. Dutra - MA, 65760-000, Brasil",Presidente Dutra,-5.3045072,-44.4847725,"{""Sobrancelhas e Cílios""}",https://www.google.com/maps/search/?api=1&query=Studio%20Anna%20Caroliny%20Lash%20e%20Sobrancelha&query_place_id=ChIJa7JdnP1diAcRjPsbCPssr28,prospect
Ray Salão unissex,5599985060997,"R. Pedro Gualter, 76, Pres. Dutra - MA, 65760-000, Brasil",Presidente Dutra,-5.3072794,-44.4928011,"{""Salão de Beleza""}",https://www.google.com/maps/search/?api=1&query=Ray%20Sal%C3%A3o%20unissex&query_place_id=ChIJ38wbJUldiAcRA6udccEClT8,prospect
SANDRA SOUSA STÚDIO DE BELEZA,,"Av. Tancredo Neves, 793, Pres. Dutra - MA, 65760-000, Brasil",Presidente Dutra,-5.2910171,-44.4985034,"{""Clínica de Estética""}",https://www.google.com/maps/search/?api=1&query=SANDRA%20SOUSA%20ST%C3%9ADIO%20DE%20BELEZA&query_place_id=ChIJXYwPgbNdiAcR6WcbezVRRNA,prospect
Studio Rilgla Sousa,,"Tv. São Francisco, 18 - São José, Pres. Dutra - MA, 65760-000, Brasil",Presidente Dutra,-5.3022594,-44.4874871,"{""Salão de Beleza""}",https://www.google.com/maps/search/?api=1&query=Studio%20Rilgla%20Sousa&query_place_id=ChIJlXwpv1FdiAcRhIEjJ6z93pQ,prospect
STYLOS CARIRI PRESIDENTE DUTRA,5599988331042,"Av. José Olavo Sampaio, 1042 - Centro - Centro, Pres. Dutra - MA, 65760-000, Brasil",Presidente Dutra,-5.2964004,-44.4897066,"{""Salão de Beleza""}",https://www.google.com/maps/search/?api=1&query=STYLOS%20CARIRI%20PRESIDENTE%20DUTRA&query_place_id=ChIJGUnlxshdiAcRga4TdF4gyR4,prospect
Espaço arine Unhas,,"R. Camilo da Rocha, Pres. Dutra - MA, 65760-000, Brasil",Presidente Dutra,-5.2921489,-44.4971604,"{""Manicure - Esmalteria""}",https://www.google.com/maps/search/?api=1&query=Espa%C3%A7o%20arine%20Unhas&query_place_id=ChIJG1olPrRdiAcRKmIO0p5Ix9M,prospect
Enir Bronze,5599984470153,"R. Pará, 622, Pres. Dutra - MA, 65760-000, Brasil",Presidente Dutra,-5.315417,-44.4900689,"{""Clínica de Estética""}",https://www.google.com/maps/search/?api=1&query=Enir%20Bronze&query_place_id=ChIJ6zU3YwBdiAcRzPpo94fkwKE,prospect
D/T,,"R. Camilo da Rocha, 325, Pres. Dutra - MA, 65760-000, Brasil",Presidente Dutra,-5.2921373,-44.4970275,"{""Salão de Beleza""}",https://www.google.com/maps/search/?api=1&query=D%2FT&query_place_id=ChIJZ7u2TQBdiAcR-fc8kKvZG_4,prospect
D. LEAL,5599991003218,"R. Pará, 08, Pres. Dutra - MA, 65760-000, Brasil",Presidente Dutra,-5.3139904,-44.4894866,"{""Salão de Beleza""}",https://www.google.com/maps/search/?api=1&query=D.%20LEAL&query_place_id=ChIJSXPsGFVdiAcRQx5TD6mNaGM,prospect
MARITIZA CARVALHO NAIL DESIGNER,5599991546441,"R. Vinte e Oito de Junho Sul, Pres. Dutra - MA, 65760-000, Pres. Dutra - MA, 65760-000, Brasil",Presidente Dutra,-5.2917438,-44.4971447,"{""Manicure - Esmalteria""}",https://www.google.com/maps/search/?api=1&query=MARITIZA%20CARVALHO%20NAIL%20DESIGNER&query_place_id=ChIJkxPWJwhdiAcR1cIDieeSmXI,prospect
Tami nail designer,5599992032466,"próximo ao Dionízio espaço show - Av. Tancredo Neves - Vila Militar, Pres. Dutra - MA, 65760-000, Brasil",Presidente Dutra,-5.2951083,-44.4965875,"{""Manicure - Esmalteria""}",https://www.google.com/maps/search/?api=1&query=Tami%20nail%20designer&query_place_id=ChIJGRTkfY1diAcRX5IvufKAwcg,prospect
Faby unhas,,"R. Vinte e Oito de Junho Sul, 816, Pres. Dutra - MA, 65760-000, Brasil",Presidente Dutra,-5.2917268,-44.4972723,"{""Manicure - Esmalteria""}",https://www.google.com/maps/search/?api=1&query=Faby%20unhas&query_place_id=ChIJ_yUhEgBdiAcRxwwtVzzV3pk,prospect
"Glow, beleza & cuidados",5599992207386,"Av. Tancredo Neves, Pres. Dutra - MA, 65760-000, Brasil",Presidente Dutra,-5.3025395,-44.4915677,"{""Salão de Beleza""}",https://www.google.com/maps/search/?api=1&query=Glow%2C%20beleza%20%26%20cuidados&query_place_id=ChIJ7WhdQq9diAcRbJ3D-6bnMts,prospect
Studio de Beleza Laninha Pachêco,,"Av. Tancredo Neves, 1775, Pres. Dutra - MA, 65760-000, Brasil",Presidente Dutra,-5.2994922,-44.4937655,"{""Salão de Beleza""}",https://www.google.com/maps/search/?api=1&query=Studio%20de%20Beleza%20Laninha%20Pach%C3%AAco&query_place_id=ChIJR4mkGQBdiAcRCWAGGYMyXf0,prospect
Barbearia MK,5599991008023,"Rua paralela - Vila do Mercado - Centro, Pres. Dutra - MA, 65760-000, Brasil",Presidente Dutra,-5.294644,-44.489855,"{""Barbearia""}",https://www.google.com/maps/search/?api=1&query=Barbearia%20MK&query_place_id=ChIJVZIJwnhdiAcR3z9-SmNM2g8,prospect
Salão Jouse Manicure,5599981890025,"Av. Tancredo Neves, 1613, Pres. Dutra - MA, 65760-000, Brasil",Presidente Dutra,-5.2982671,-44.4948136,"{""Manicure - Esmalteria""}",https://www.google.com/maps/search/?api=1&query=Sal%C3%A3o%20Jouse%20Manicure&query_place_id=ChIJj9YSTp5diAcRcjM8ALkxL9g,prospect
Katiana Morais,,"R. Local 6, Pres. Dutra - MA, 65760-000, Brasil",Presidente Dutra,-5.2927481,-44.480498,"{""Salão de Beleza""}",https://www.google.com/maps/search/?api=1&query=Katiana%20Morais&query_place_id=ChIJifeqhp1diAcRQn4CvC3AYa0,prospect
SPA Equilíbrium,,"Av. José Olavo Sampaio, Pres. Dutra - MA, 65760-000, Brasil",Presidente Dutra,-5.2965488,-44.4901736,"{""Salão de Beleza""}",https://www.google.com/maps/search/?api=1&query=SPA%20Equil%C3%ADbrium&query_place_id=ChIJZbTMKsFdiAcRpDhG_oNywkU,prospect
Thamires Pereira Consultório Estético,5599984185628,"R. Gov. João Castelo - Bairro De Fátima, Pres. Dutra - MA, 65760-000, Brasil",Presidente Dutra,-5.3057844,-44.4927134,"{""Clínica de Estética""}",https://www.google.com/maps/search/?api=1&query=Thamires%20Pereira%20Consult%C3%B3rio%20Est%C3%A9tico&query_place_id=ChIJrZ06mbpdiAcRFzc1U3nS2uQ,prospect
Ponto Laser Depilação,5599991475570,"Avenida Oton Gonçalves de Sá, Av. Campo Dantas, 880 - Sala 08, Pres. Dutra - MA, 65760-000, Brasil",Presidente Dutra,-5.3016992,-44.4898243,"{""Depilação""}",https://www.google.com/maps/search/?api=1&query=Ponto%20Laser%20Depila%C3%A7%C3%A3o&query_place_id=ChIJD1yPBxldiAcRYZEB7Lvn4WQ,prospect
Clínica de Estética Michelly Pinheiro,5599984253881,"Av. José Olavo Sampaio - Vila Militar, Pres. Dutra - MA, 65760-000, Brasil",Presidente Dutra,-5.2931863,-44.492094,"{""Clínica de Estética""}",https://www.google.com/maps/search/?api=1&query=Cl%C3%ADnica%20de%20Est%C3%A9tica%20Michelly%20Pinheiro&query_place_id=ChIJAW0MwrZdiAcRWgsMslLKpaI,prospect
MC clínica de estética avançada,5599985083236,"Av. Tancredo Neves, 1471 - Vila Militar, Pres. Dutra - MA, 65760-000, Brasil",Presidente Dutra,-5.297377,-44.4952418,"{""Clínica de Estética""}",https://www.google.com/maps/search/?api=1&query=MC%20cl%C3%ADnica%20de%20est%C3%A9tica%20avan%C3%A7ada&query_place_id=ChIJW8cmPQBdiAcRPZJsGkCdEiM,prospect
Centro Estético Flor de Pele,5599981161012,"R. Henrique Coelho, 32 - Vila Militar, Pres. Dutra - MA, 65760-000, Brasil",Presidente Dutra,-5.293456,-44.494277,"{""Clínica de Estética""}",https://www.google.com/maps/search/?api=1&query=Centro%20Est%C3%A9tico%20Flor%20de%20Pele&query_place_id=ChIJw4UEphtdiAcRQUIv5dduGC8,prospect
Ravy Unhas,5599991038202,"Unnamed Road, Pres. Dutra - MA, 65760-000, Brasil",Presidente Dutra,-5.223027,-44.3908464,"{""Manicure - Esmalteria""}",https://www.google.com/maps/search/?api=1&query=Ravy%20Unhas&query_place_id=ChIJQyDnpBP3iAcRs-iCssiXdTI,prospect
Studio Laura Lawanda,5599984098183,"Rua odorino costa - Paranua, Pres. Dutra - MA, 65760-000, Brasil",Presidente Dutra,-5.2862472,-44.5038916,"{""Salão de Beleza""}",https://www.google.com/maps/search/?api=1&query=Studio%20Laura%20Lawanda&query_place_id=ChIJ6dkR05FdiAcRz1fAgdU9log,prospect
VANIA COSMETICOS,5599991638979,"Praça Vitorino Freire, 100 - centro, Pres. Dutra - MA, 65760-000, Brasil",Presidente Dutra,-5.285064,-44.492508,"{""Salão de Beleza""}",https://www.google.com/maps/search/?api=1&query=VANIA%20COSMETICOS&query_place_id=ChIJ22QnebhdiAcRgmNikblb95Q,prospect
Studio Sempre Bella,5599985509928,"Rua graça aranha, Pres. Dutra - MA, 65760-000, Brasil",Presidente Dutra,-5.2888103,-44.4893259,"{""Salão de Beleza""}",https://www.google.com/maps/search/?api=1&query=Studio%20Sempre%20Bella&query_place_id=ChIJlYJfCOVdiAcRazEl-d3tymk,prospect
Maryh_Monteiro_Make_Up,,"Rua Adalberto de Macedo, 403-603, Pres. Dutra - MA, 65760-000, Brasil",Presidente Dutra,-5.290375,-44.4983217,"{""Maquiagem""}",https://www.google.com/maps/search/?api=1&query=Maryh_Monteiro_Make_Up&query_place_id=ChIJOcO3yZhdiAcRTb9sI2XT9fQ,prospect
Cílios e sobrancelhas presidente dutra,5599985498252,"Tv. Três, Pres. Dutra - MA, 65760-000, Brasil",Presidente Dutra,-5.2881497,-44.5021606,"{""Sobrancelhas e Cílios""}",https://www.google.com/maps/search/?api=1&query=C%C3%ADlios%20e%20sobrancelhas%20presidente%20dutra&query_place_id=ChIJd2Td5jddiAcRihbki6rnnKo,prospect
Salão de beleza feminino,,"R. Adalto Pinto - Cruz, Pres. Dutra - MA, 65760-000, Brasil",Presidente Dutra,-5.2899378,-44.4908436,"{""Salão de Beleza""}",https://www.google.com/maps/search/?api=1&query=Sal%C3%A3o%20de%20beleza%20feminino&query_place_id=ChIJu27iTQBdiAcRE2sVa0deFF8,prospect
Liliane Olyveira Beauty Clinic,5599985130924,"R. Pres. Castelo Branco, Pres. Dutra - MA, 65760-000, Brasil",Presidente Dutra,-5.2880526,-44.4926694,"{""Salão de Beleza""}",https://www.google.com/maps/search/?api=1&query=Liliane%20Olyveira%20Beauty%20Clinic&query_place_id=ChIJwxh5TQBdiAcRfk36cEsaThU,prospect
Spar Unhas Cosméticos,5599981367861,"R. da Mangueira, 330 - Paulo Falcão, Pres. Dutra - MA, 65760-000, Brasil",Presidente Dutra,-5.2865211,-44.4995829,"{""Manicure - Esmalteria""}",https://www.google.com/maps/search/?api=1&query=Spar%20Unhas%20Cosm%C3%A9ticos&query_place_id=ChIJd7ScEY1diAcROLsFdss10y0,prospect
Padrao de beleza,,"R. Getúlio Vargas, 132, Pres. Dutra - MA, 65760-000, Brasil",Presidente Dutra,-5.2867875,-44.4930286,"{""Clínica de Estética""}",https://www.google.com/maps/search/?api=1&query=Padrao%20de%20beleza&query_place_id=ChIJPaofkjVciAcR_XJYK7vfghQ,prospect
Leticia Gabriel Design de Sobrancelhas e Depilação,5599985130313,"Avenida Principal - Colina Park 2, Pres. Dutra - MA, 65760-000, Brasil",Presidente Dutra,-5.2909534,-44.4784417,"{""Sobrancelhas e Cílios""}",https://www.google.com/maps/search/?api=1&query=Leticia%20Gabriel%20Design%20de%20Sobrancelhas%20e%20Depila%C3%A7%C3%A3o&query_place_id=ChIJwTXDQ7ZdiAcRf2AN4WRwMtg,prospect
Nagela Cosméticos e Naturais,5599981562299,"R. Getúlio Vargas, 135 - Centro, Pres. Dutra - MA, 65760-000, Brasil",Presidente Dutra,-5.2867565,-44.4927466,"{""Salão de Beleza""}",https://www.google.com/maps/search/?api=1&query=Nagela%20Cosm%C3%A9ticos%20e%20Naturais&query_place_id=ChIJQ80MqkNdiAcRwEb0sh_A8Rc,prospect
LAYANE NASCIMENTO,,"Av. Tancredo Neves, 356, Pres. Dutra - MA, 65760-000, Brasil",Presidente Dutra,-5.2865382,-44.5008131,"{""Salão de Beleza""}",https://www.google.com/maps/search/?api=1&query=LAYANE%20NASCIMENTO&query_place_id=ChIJhdSYrE1ciAcRx9fSVC0ImFU,prospect
Ana Rodrigues,,"R. Dep. Luís Rocha, 109 - Paulo Falcão, Pres. Dutra - MA, 65760-000, Brasil",Presidente Dutra,-5.2843201,-44.4973853,"{""Salão de Beleza""}",https://www.google.com/maps/search/?api=1&query=Ana%20Rodrigues&query_place_id=ChIJaeAcQUlciAcRrXUw1cW1CVc,prospect
Cílios de Luxo pk,5599985117983,"Av. José Olavo Sampaio, 596 - Lj 05 - Centro, Pres. Dutra - MA, 65760-000, Brasil",Presidente Dutra,-5.2899829,-44.4939705,"{""Sobrancelhas e Cílios""}",https://www.google.com/maps/search/?api=1&query=C%C3%ADlios%20de%20Luxo%20pk&query_place_id=ChIJAcq2pj1diAcRIikZF74w6BY,prospect
Jessica lima manicure e pedicure,5599991394466,"R. Mercúrio - Cohab, Pres. Dutra - MA, 65760-000, Brasil",Presidente Dutra,-5.2907726,-44.4995404,"{""Manicure - Esmalteria""}",https://www.google.com/maps/search/?api=1&query=Jessica%20lima%20manicure%20e%20pedicure&query_place_id=ChIJnyObb8pdiAcRVDlh1Aofw00,prospect
CS Cris Sousa Design e Micropigmentação,5599985497878,"R. Celso Sereno, 214, Pres. Dutra - MA, 65760-000, Brasil",Presidente Dutra,-5.2858196,-44.4935425,"{""Sobrancelhas e Cílios""}",https://www.google.com/maps/search/?api=1&query=CS%20Cris%20Sousa%20Design%20e%20Micropigmenta%C3%A7%C3%A3o&query_place_id=ChIJc9B4KABdiAcRRVrxyqwaAa0,prospect
Helen Figueiredo,,"R. Raimundo Félix, 433, Pres. Dutra - MA, 65760-000, Brasil",Presidente Dutra,-5.2827757,-44.4920956,"{""Salão de Beleza""}",https://www.google.com/maps/search/?api=1&query=Helen%20Figueiredo&query_place_id=ChIJX4KWvTdciAcRkOY0Yvahysg,prospect
Estética Aline Sousa,5599981237276,"Av. José Olavo Sampaio, 1230 - Centro, Pres. Dutra - MA, 65760-000, Brasil",Presidente Dutra,-5.2899812,-44.4944839,"{""Clínica de Estética""}",https://www.google.com/maps/search/?api=1&query=Est%C3%A9tica%20Aline%20Sousa&query_place_id=ChIJh6TH-U1diAcRxjkeqbqcAZw,prospect
Souzavis,5599991339321,"Av. Tancredo Neves, 2397, Pres. Dutra - MA, 65760-000, Brasil",Presidente Dutra,-5.3043876,-44.4901605,"{""Salão de Beleza""}",https://www.google.com/maps/search/?api=1&query=Souzavis&query_place_id=ChIJC5WhEU5diAcRVE0k-rjZsKQ,prospect
Alessandra Feitosa Estética Avançada,5599981192817,"Av. Campo Dantas - Campos Dantas, Pres. Dutra - MA, 65760-000, Brasil",Presidente Dutra,-5.3038381,-44.4896467,"{""Clínica de Estética""}",https://www.google.com/maps/search/?api=1&query=Alessandra%20Feitosa%20Est%C3%A9tica%20Avan%C3%A7ada&query_place_id=ChIJJY2mYupdiAcRailA-OqIFQo,prospect
BARBEARIA MAGNO CABELOS,,"São João do Soter - MA, 65615-000, Brasil",São João do Soter,-5.1126643,-43.8082113,"{""Barbearia""}",https://www.google.com/maps/search/?api=1&query=BARBEARIA%20MAGNO%20CABELOS&query_place_id=ChIJhx5PvcEqiQcRKJkE_EjI978,prospect
Toda Linda maquiagem e cosméticos,5599985225981,"Avenida esperança, São João do Soter - MA, 65615-000, Brasil",São João do Soter,-5.1124012,-43.8080271,"{""Maquiagem""}",https://www.google.com/maps/search/?api=1&query=Toda%20Linda%20maquiagem%20e%20cosm%C3%A9ticos&query_place_id=ChIJAcTy4n4riQcRWeSlxdSDZQk,prospect
Eva Rios Cabeleireira,5599984176074,"R. Santa Luzia, São João do Soter - MA, 65615-000, Brasil",São João do Soter,-5.107405,-43.8056654,"{""Salão de Beleza""}",https://www.google.com/maps/search/?api=1&query=Eva%20Rios%20Cabeleireira&query_place_id=ChIJhYpsKBMriQcRTQUZkHYIOec,prospect
Loja Labela,5599985077265,"próximo ao Dentran - R. do Campo, n:462 - Centro, São João do Soter - MA, 65615-000, Brasil",São João do Soter,-5.1097636,-43.8050474,"{""Perfumaria""}",https://www.google.com/maps/search/?api=1&query=Loja%20Labela&query_place_id=ChIJuW6qT6griQcRid_pnoe93F4,prospect
Studio jms elegance,5599984460425,"R. da Estrela, 2248, São João do Soter - MA, 65615-000, Brasil",São João do Soter,-5.1135209,-43.8074078,"{""Salão de Beleza""}",https://www.google.com/maps/search/?api=1&query=Studio%20jms%20elegance&query_place_id=ChIJwdeYIccriQcRCsIMFvMKmYo,prospect
Barbearia Moisés,5599984306423,"Tv. do Campo, São João do Soter - MA, 65615-000, Brasil",São João do Soter,-5.1111779,-43.813816,"{""Barbearia""}",https://www.google.com/maps/search/?api=1&query=Barbearia%20Mois%C3%A9s&query_place_id=ChIJReTCj3criQcRcrZ4hTcglj0,prospect
StudioThaysGomes,,"R. do Namoro, São João do Soter - MA, 65615-000, Brasil",São João do Soter,-5.1150436,-43.8172133,"{""Salão de Beleza""}",https://www.google.com/maps/search/?api=1&query=StudioThaysGomes&query_place_id=ChIJZTazXW8riQcRcgBFRslAIQw,prospect
Salão de Beleza (Neguinha),,"R. Grande, São João do Soter - MA, 65615-000, Brasil",São João do Soter,-5.11053,-43.8060416,"{""Salão de Beleza""}",https://www.google.com/maps/search/?api=1&query=Sal%C3%A3o%20de%20Beleza%20(Neguinha)&query_place_id=ChIJo3kOAAAriQcRw0mVVJZ5NbU,prospect
,,"R. José Inácio da Silva Filho - São Francisco, Timon - MA, 65636-245, Brasil",Timon,-5.0801707,-42.8450453,"{""Salão de Beleza""}",https://www.google.com/maps/search/?api=1&query=Studio%20Beleza%20Feminina&query_place_id=ChIJ_UMW1SA4jgcRP4Jcy2YDfGc,prospect
,558632122223,"Rua Adão Belarmino, 39 - Parque Piaui, Timon - MA, 65631-260, Brasil",Timon,-5.0909786,-42.8328693,"{""Salão de Beleza""}",https://www.google.com/maps/search/?api=1&query=Cei%C3%A7a%20Cabelos&query_place_id=ChIJUceh0IU3jgcR_nuYAToSA_M,prospect
,5586995636485,"Rua 11, Quadra AB, Casa 31 - Res. Novo Tempo, Timon - MA, 65636-858, Brasil",Timon,-5.0728936,-42.8773848,"{""Salão de Beleza""}",https://www.google.com/maps/search/?api=1&query=Espa%C3%A7o%20Shirley%20Reis&query_place_id=ChIJgV7259lHjgcRuYD0IsriHuI,prospect
,5586994196580,"Rua Adão Belarmino, 522 - Parque Piaui I, Timon - MA, 65636-540, Brasil",Timon,-5.0929705,-42.8367614,"{""Salão de Beleza""}",https://www.google.com/maps/search/?api=1&query=Studio%20Adna%20Marques%20%7C%20Sal%C3%A3o%20Cabelos&query_place_id=ChIJ5yRj_vg3jgcRUyqCg_0AC0A,prospect
,5599984539689,"Av. Piauí - Centro, Timon - MA, 65630-030, Brasil",Timon,-5.0918172,-42.8234966,"{""Clínica de Estética""}",https://www.google.com/maps/search/?api=1&query=Simone%20Arag%C3%A3o%20-%20Cabelo%20e%20Est%C3%A9tica&query_place_id=ChIJ45dDMXY3jgcRqUyWvZTfZDc,prospect
,5586998492186,"Av. Jaime Rios, 620 - Parque Piaui, Timon - MA, 65631-190, Brasil",Timon,-5.0962529,-42.8267736,"{""Salão de Beleza""}",https://www.google.com/maps/search/?api=1&query=Studio%20E&query_place_id=ChIJTbIXb_o3jgcRS9vCqltawsk,prospect
,,"W33C+52 - Timon, MA, Brasil",Timon,-5.0970604,-42.9299648,"{""Salão de Beleza""}",https://www.google.com/maps/search/?api=1&query=Maria%20cabelos&query_place_id=ChIJDUo1BR5JjgcRVT_xwMireMc,prospect
,,"Casa 10 - R. 02, Cj - Res. Novo Tempo, Timon - MA, 65636-872, Brasil",Timon,-5.074299,-42.8836422,"{""Manicure - Esmalteria""}",https://www.google.com/maps/search/?api=1&query=Lais%20dhimas%20Nails%20Designer&query_place_id=ChIJcxXEheNHjgcR2ClyTsAosaw,prospect
,,"Av. 2 - Res. Novo Tempo, Timon - MA, Brasil",Timon,-5.0698969,-42.8813724,"{""Salão de Beleza""}",https://www.google.com/maps/search/?api=1&query=STUDIO%20DE%20BELEZA%20Elayne%20%26%20Cristina&query_place_id=ChIJDRlJSOpHjgcRx7c6Euz1UZY,prospect
,5599985218470,"R. 05, quadra L - casa 47 - Timon, MA, 65630-020, Brasil",Timon,-5.0708352,-42.8802566,"{""Salão de Beleza""}",https://www.google.com/maps/search/?api=1&query=Studio%20Grasy%20Costa&query_place_id=ChIJm5asBg1HjgcRnQ-ReTPkSCc,prospect
,,"R. 05 - Timon, MA, 65636-882, Brasil",Timon,-5.0709441,-42.8803316,"{""Salão de Beleza""}",https://www.google.com/maps/search/?api=1&query=Karynna%20costa%20studio%20de%20beleza&query_place_id=ChIJaxbHvPhHjgcR9ECuLBreAEw,prospect
,5599984830633,"Rua 9 q X, casa 49, Timon - MA, 65636-854, Brasil",Timon,-5.0748482,-42.8792792,"{""Manicure - Esmalteria""}",https://www.google.com/maps/search/?api=1&query=Studio%20Nathaly%20Nails&query_place_id=ChIJ-9w0x5tHjgcRq4YoG1vX-Go,prospect
,5599985501088,"R. 8, Quadra U Casa 71 - Res. Novo Tempo, Timon - MA, 65636-852, Brasil",Timon,-5.07106,-42.8778953,"{""Salão de Beleza""}",https://www.google.com/maps/search/?api=1&query=Espa%C3%A7o%20Laura%20Valentina%20Sal%C3%A3o%20de%20Beleza&query_place_id=ChIJjbMNpGhHjgcRPL5artwVVeU,prospect
,5511966923918,"R. Arari, 20 - Bela Vista, Timon - MA, 65636-600, Brasil",Timon,-5.1013463,-42.8696084,"{""Salão de Beleza""}",https://www.google.com/maps/search/?api=1&query=Studio%20Fontinele%20beleza%20feminina&query_place_id=ChIJmdZTpio3jgcRNdk8Kqg1uRM,prospect
,5586988615332,"Rua 12,quadra AA,casa 10,bairro - Res. Novo Tempo, Timon - MA, Brasil",Timon,-5.0766831,-42.8789245,"{""Salão de Beleza""}",https://www.google.com/maps/search/?api=1&query=Est%C3%BAdio%20de%20bela%20e%20ensino&query_place_id=ChIJhb5aQCxHjgcRxHxyyvNMWEE,prospect
,,"R. Paraná, quadra A - casa 21 - Julia Almeida, Timon - MA, 65635-469, Brasil",Timon,-5.1130105,-42.8674942,"{""Salão de Beleza""}",https://www.google.com/maps/search/?api=1&query=Studio%20De%20Beleza%20Emanuele%20Alves&query_place_id=ChIJXbvgridJjgcRIoYINxAnvQw,prospect
,558633171173,"Av. Luís Firmino de Sousa, 2515 - São Benedito, Timon - MA, 65636-340, Brasil",Timon,-5.1056176,-42.8414645,"{""Salão de Beleza""}",https://www.google.com/maps/search/?api=1&query=Studio%20Scheylla%20Hair&query_place_id=ChIJO-_rz743jgcR7xJHs7ISpzE,prospect
,5586988335071,"R. Cravo, 024 - Julia Almeida, Timon - MA, 65635-526, Brasil",Timon,-5.1162331,-42.8570134,"{""Salão de Beleza""}",https://www.google.com/maps/search/?api=1&query=Studio%20Nohara%20Rocha&query_place_id=ChIJqcfAsM03jgcRK6Ht3hVqwQg,prospect
,5586988091497,"R. Dois - Pedro Patrício, Timon - MA, 65634-394, Brasil",Timon,-5.1138013,-42.8478602,"{""Salão de Beleza""}",https://www.google.com/maps/search/?api=1&query=STUDIO%20ELINE%20RAQUEL&query_place_id=ChIJM0qS5Ms3jgcRG7uKEBakFkY,prospect
,5586988086609,"R. Particular, 672 - Parque Piaui, Timon - MA, 65636-510, Brasil",Timon,-5.1059667,-42.8469902,"{""Salão de Beleza""}",https://www.google.com/maps/search/?api=1&query=Neta%20Nery%20Studio%20De%20Beleza&query_place_id=ChIJhe9zAn43jgcRRvEqd9LCX-A,prospect
,,"R. Colinas - Bela Vista, Timon - MA, Brasil",Timon,-5.0999154,-42.868799,"{""Salão de Beleza""}",https://www.google.com/maps/search/?api=1&query=Diely%20cabelos&query_place_id=ChIJbUJpZ2xJjgcReflhuiOT-20,prospect
,5586988073672,"R. Ten. Antônio Corrêa da Silva, 367 - Parque Piaui, Timon - MA, 65636-487, Brasil",Timon,-5.088725,-42.838666,"{""Salão de Beleza""}",https://www.google.com/maps/search/?api=1&query=Prime%20Concept%20Studio&query_place_id=ChIJP11McIk3jgcRAKlq1A0rMXY,prospect
,5586988336351,"Av. Luís Firmino de Sousa, 2780 - São Benedito, Timon - MA, 65636-340, Brasil",Timon,-5.1064151,-42.844055,"{""Clínica de Estética""}",https://www.google.com/maps/search/?api=1&query=Bem%20Bonita%20Cabelos%20%26%20Estetica&query_place_id=ChIJTaPmgV43jgcRo3tSdID6_SI,prospect
,5586988416449,"R. Dois - Vila João Reis, Timon - MA, 65635-444, Brasil",Timon,-5.1068455,-42.8513099,"{""Clínica de Estética""}",https://www.google.com/maps/search/?api=1&query=Terapia%20Capilar%20em%20Timon%20-%20Solange%20Cabelos&query_place_id=ChIJdwT4U8Q3jgcRwkACv6LkgJE,prospect
,5586988201345,"R. Lourdes Carlos de Oliveira Nunes, 124 - Santo Antonio, Timon - MA, 65630-350, Brasil",Timon,-5.104445,-42.8257609,"{""Salão de Beleza""}",https://www.google.com/maps/search/?api=1&query=Studio%20Lina%20Assuncao&query_place_id=ChIJ0dk9erI3jgcRwvri-elrB3Y,prospect
,5586999453676,"R. Lourdes Carlos de Oliveira Nunes, 967 - Mateuzinho, Timon - MA, 65630-767, Brasil",Timon,-5.1123025,-42.8236165,"{""Salão de Beleza""}",https://www.google.com/maps/search/?api=1&query=Studio%20Dani%20Hair&query_place_id=ChIJD2f7s2c5jgcR5HJxAC--VBM,prospect
,5599981282611,"Q. Quinze Cj Joaquim Pedreira II, 9 - Joaquim Pedreira, Timon - MA, 65636-820, Brasil",Timon,-5.0850569,-42.8531532,"{""Salão de Beleza""}",https://www.google.com/maps/search/?api=1&query=Mara%26Cabelos&query_place_id=ChIJQ57NWB04jgcRcsJ9zdhi6N0,prospect
,5586988511224,"Rua Treze, 692 - Parque Piauí II, Timon - MA, 65636-350, Brasil",Timon,-5.0939747,-42.8417435,"{""Salão de Beleza""}",https://www.google.com/maps/search/?api=1&query=Joyce%20K%C2%B4Belos&query_place_id=ChIJWRQdP143jgcR8bfbjcbkPqU,prospect
,5586988899284,"Av. Tiúba, 928 A - Pedro Patrício, Timon - MA, 65634-400, Brasil",Timon,-5.1109402,-42.8435548,"{""Salão de Beleza""}",https://www.google.com/maps/search/?api=1&query=Sal%C3%A3o%20Social&query_place_id=ChIJGaqCxLc3jgcRAWM10ZpgQyA,prospect
,5586995587484,"Av. Perimetral, 423 C - Vila Osmar, Timon - MA, 65634-400, Brasil",Timon,-5.1110671,-42.847682,"{""Salão de Beleza""}",https://www.google.com/maps/search/?api=1&query=Espa%C3%A7o%20Raynara%20Carvalho&query_place_id=ChIJvbBE3mo3jgcRfRIKxo-rZDA,prospect
,5586988417964,"R. Luís Píres de Sá, 616 - Parque Piaui, Timon - MA, 65636-580, Brasil",Timon,-5.0913337,-42.838781,"{""Salão de Beleza""}",https://www.google.com/maps/search/?api=1&query=Rafas%20cabelos&query_place_id=ChIJtT1V64E3jgcRuSbVA0HOvLI,prospect
,558632125316,"R. Filomena Martins Nazareno Bringel - Parque Piaui, Timon - MA, 65631-280, Brasil",Timon,-5.0913589,-42.8362231,"{""Clínica de Estética""}",https://www.google.com/maps/search/?api=1&query=RM%20Cabelos%20e%20Est%C3%A9tica&query_place_id=ChIJFzUBG483jgcRRIJiQPCPF0c,prospect
,,"Beco de Acesso - Timon, MA, 65630-200, Brasil",Timon,-5.1095306,-42.853589,"{""Salão de Beleza""}",https://www.google.com/maps/search/?api=1&query=Espa%C3%A7o%20da%20beleza&query_place_id=ChIJSYDWURY3jgcRWjv_LOrbMEY,prospect
,5586998340433,"R. AXIXÁ - Lourival Almeida, Timon - MA, 65636-720, Brasil",Timon,-5.0960158,-42.8679323,"{""Manicure - Esmalteria""}",https://www.google.com/maps/search/?api=1&query=Espa%C3%A7o%20das%20unhas&query_place_id=ChIJ6wRhdn1JjgcRDJ4gnc_6TMo,prospect
,5599981595051,"Av. Raimundo Corrêa da Silva, 460 - Parque Alvorada, Timon - MA, 65633-641, Brasil",Timon,-5.1318709,-42.8290929,"{""Salão de Beleza""}",https://www.google.com/maps/search/?api=1&query=Sal%C3%A3o%20Espa%C3%A7o%20Beleza%20Mais&query_place_id=ChIJyzMsE1E3jgcR6wzkxyMfAnE,prospect
,558632124540,"Av. Francisco Vitórino de Assunção, 1637 - Parque Piaui, Timon - MA, 65636-310, Brasil",Timon,-5.1003109,-42.836282,"{""Salão de Beleza""}",https://www.google.com/maps/search/?api=1&query=Oficina%20da%20Beleza&query_place_id=ChIJq65DCJc3jgcRx1Af9tMEQAY,prospect
,5586988629723,"Av. Pres. Médici, 1012 - Parque Piaui, Timon - MA, 65631-390, Brasil",Timon,-5.0969593,-42.8313637,"{""Salão de Beleza""}",https://www.google.com/maps/search/?api=1&query=Sal%C3%A3o%20de%20Beleza%20Kaprich%20%26%20Cia&query_place_id=ChIJjelIpps3jgcR2OFy6r3VW-0,prospect
,5599981274601,"Rua Luís Pires de Sá (rua 80 ) nº 1372, | - Parque Piauí II, Timon - MA, Brasil",Timon,-5.0947692,-42.8455539,"{""Salão de Beleza""}",https://www.google.com/maps/search/?api=1&query=Vanessa%20colares&query_place_id=ChIJx2bcUrQ3jgcR2AXfopsNQs4,prospect
,558632127960,"Av. Jaime Rios, 160 - Parque Piaui, Timon - MA, 65631-190, Brasil",Timon,-5.0923985,-42.8287273,"{""Salão de Beleza""}",https://www.google.com/maps/search/?api=1&query=Studio%20Fabiana%20Rocha&query_place_id=ChIJqa3aloM3jgcRfNkqXNu5Azc,prospect
,5586994149210,"Av. Piauí, 700 - Centro, Timon - MA, 65630-030, Brasil",Timon,-5.0916492,-42.8244361,"{""Salão de Beleza""}",https://www.google.com/maps/search/?api=1&query=Beauty%20Concept%20Timon%20-%20Centro%20de%20Beleza&query_place_id=ChIJ9SJMB443jgcRdEetXpBPDzc,prospect
,5586999709714,"R. Um, Quadra J - casa 108 - Jóia, Timon - MA, 65632-376, Brasil",Timon,-5.1381379,-42.8391465,"{""Clínica de Estética""}",https://www.google.com/maps/search/?api=1&query=Joice%20Marques%20Est%C3%A9tica&query_place_id=ChIJG-q6T9k3jgcRRNyvWslDd0c,prospect
,,"Av. Francisco Carlos Jansen, 1949 - Parque Piaui, Timon - MA, 65631-240, Brasil",Timon,-5.0839302,-42.8395869,"{""Salão de Beleza""}",https://www.google.com/maps/search/?api=1&query=Sal%C3%A3o%20Ess%C3%AAncia%20da%20Beleza&query_place_id=ChIJd2_rLCE4jgcRvQ9q1hygZn0,prospect
,5587981423498,"Rua 18, 2742 - Vila Angélica, Timon - MA, 65634-356, Brasil",Timon,-5.1087419,-42.8407774,"{""Salão de Beleza""}",https://www.google.com/maps/search/?api=1&query=Diego%20In%C3%A1cio%20hair%20style&query_place_id=ChIJPYQXmcM3jgcRHmKNeFAK3dE,prospect
,5586988153856,"Av. Raimundo Corrêa da Silva, 495 - Parque Alvorada, Timon - MA, 65633-010, Brasil",Timon,-5.1315141,-42.8295561,"{""Salão de Beleza""}",https://www.google.com/maps/search/?api=1&query=Darllene%20Kbelos&query_place_id=ChIJg-WNl1I2jgcRg8cnlkcZG9Y,prospect
,5586981850392,"R. Ten. Antônio Corrêa da Silva, 610A - Parque Uniao, Timon - MA, 65636-640, Brasil",Timon,-5.0899629,-42.8412678,"{""Salão de Beleza""}",https://www.google.com/maps/search/?api=1&query=OFICINA%20DO%20CABELO&query_place_id=ChIJSddVsfA3jgcR894VYt-fgCg,prospect
,5586998320476,"Av. Benedito Ferreira Campos, 14185 - Parque Alvorada, Timon - MA, 65633-280, Brasil",Timon,-5.1319801,-42.8346258,"{""Salão de Beleza""}",https://www.google.com/maps/search/?api=1&query=Ellen%20Cabelos&query_place_id=ChIJ70LXLEM2jgcR-I_B0xzM0so,prospect
,,"Av. Pres. Médici, 1350 - Parque Piaui, Timon - MA, 65630-780, Brasil",Timon,-5.1000414,-42.8298031,"{""Salão de Beleza""}",https://www.google.com/maps/search/?api=1&query=Sal%C3%A3o%20Status&query_place_id=ChIJK8EGNZk3jgcREwS58GXV55o,prospect
,,"Timon, MA, Brasil",Timon,-5.333407,-42.9828886,"{""Salão de Beleza""}",https://www.google.com/maps/search/?api=1&query=Fazenda%20Nova&query_place_id=ChIJf_9XTgC7jwcR53AXFoZKC6g,prospect
,5586988741305,"Av. Benedito Ferreira Campos, 449 - Parque Alvorada, Timon - MA, 65633-280, Brasil",Timon,-5.1288919,-42.8258969,"{""Salão de Beleza""}",https://www.google.com/maps/search/?api=1&query=Studio%20S%20-%20Shirlaine%20Cabelos&query_place_id=ChIJ22ZlZlg2jgcR5HYvVnm6Wdg,prospect
,5586988543713,"R. Carlos Alberto de Morais, 1210 - Parque Alvorada, Timon - MA, 65633-150, Brasil",Timon,-5.1264289,-42.8291181,"{""Salão de Beleza""}",https://www.google.com/maps/search/?api=1&query=Ds%20studio&query_place_id=ChIJ2QaLeTE3jgcRABz7Xj6ARxs,prospect
,5586988182310,"R. Poe. Castro Alves - Parque Alvorada, Timon - MA, 65634-590, Brasil",Timon,-5.1310552,-42.8338345,"{""Salão de Beleza""}",https://www.google.com/maps/search/?api=1&query=Liso%20Exclusivo%20S.C%20e%20Simone%20Cabelos&query_place_id=ChIJD0XPqUU3jgcRxOzC72-H7Qs,prospect
,5586988099193,"R. Constância Gomes da Silva, 367 - Parque Alvorada, Timon - MA, 65633-290, Brasil",Timon,-5.1335442,-42.8296733,"{""Salão de Beleza""}",https://www.google.com/maps/search/?api=1&query=Beleza%20Mais%20Brasil&query_place_id=ChIJ381k8uY3jgcRJW0lupuvVEU,prospect
,5586988460035,"R. Neusa Assunção, 727 - Parque Alvorada, Timon - MA, 65633-130, Brasil",Timon,-5.130251,-42.8271309,"{""Salão de Beleza""}",https://www.google.com/maps/search/?api=1&query=Raquel%20Guimar%C3%A3es&query_place_id=ChIJvf5fk7Y3jgcREEfEtRS8gjM,prospect
,5599985044837,"Av. Regimento, 2494 - Jóia, Timon - MA, Brasil",Timon,-5.141429,-42.8361153,"{""Salão de Beleza""}",https://www.google.com/maps/search/?api=1&query=Espa%C3%A7o%20Super%20Bonita&query_place_id=ChIJ6U2bcAA3jgcRttAhftn-bII,prospect
,5599988316701,"Povoado Castelo - Timon, MA, 65600-000, Brasil",Timon,-5.2032137,-42.9436008,"{""Salão de Beleza""}",https://www.google.com/maps/search/?api=1&query=Ericka%20Sousa%20-%20Espa%C3%A7o%20de%20Beleza&query_place_id=ChIJOeiT9yZNjgcRqhngiZKXRY4,prospect
,,"Timon, MA, Brasil",Timon,-5.2141,-42.9206711,"{""Manicure - Esmalteria""}",https://www.google.com/maps/search/?api=1&query=Leidiane%20nails%20Desagner&query_place_id=ChIJeQfENQC1jwcRSbRWx5sKmt0,prospect
,5586988580386,"Av. Luís Firmino de Sousa, 3370 - Vila Osmar, Timon - MA, 65636-340, Brasil",Timon,-5.1080587,-42.8479374,"{""Salão de Beleza""}",https://www.google.com/maps/search/?api=1&query=Sal%C3%A3o%20Flex%20Santos&query_place_id=ChIJxRkJQsY3jgcREAlFBTKnnLY,prospect
,5586995749977,"R. Particular, 673 A - Flores II, Timon - MA, 65636-510, Brasil",Timon,-5.1060246,-42.8467185,"{""Salão de Beleza""}",https://www.google.com/maps/search/?api=1&query=Studio%20Maryze%20K'BELOS&query_place_id=ChIJc9oHXTk3jgcRIbWWwZKmHwA,prospect
,5586988384100,"Av. Jaime Rios, 815B - Centro, Timon - MA, 65630-370, Brasil",Timon,-5.0975744,-42.8257213,"{""Salão de Beleza""}",https://www.google.com/maps/search/?api=1&query=Espa%C3%A7o%20Raimunda%20Dias&query_place_id=ChIJZ8ThAT83jgcRQKxeRj8TNv0,prospect
,559932123596,"Av. Jaime Rios, 547 - Parque Piaui, Timon - MA, 65630-370, Brasil",Timon,-5.0954328,-42.8268522,"{""Salão de Beleza""}",https://www.google.com/maps/search/?api=1&query=Marluce%20Hair&query_place_id=ChIJv2hSKJ03jgcRv-lf-8P81j8,prospect
,,"R. Ten. Antônio Corrêa da Silva, 405 - Parque Piaui, Timon - MA, 65636-487, Brasil",Timon,-5.088869,-42.8389619,"{""Salão de Beleza""}",https://www.google.com/maps/search/?api=1&query=Espa%C3%A7o%20Mulher&query_place_id=ChIJsY_iZIk3jgcRqnmv-ob4I14,prospect
,5586988932536,"R. Dezesseis, 779 - São Francisco, Timon - MA, 65630-000, Brasil",Timon,-5.0807493,-42.8499053,"{""Salão de Beleza""}",https://www.google.com/maps/search/?api=1&query=Espa%C3%A7o%20Fernanda%20Fernandes&query_place_id=ChIJ_wGz6Bs4jgcRRqyb4U0xTZ0,prospect
,5599981305689,"R. José Inácio da Silva Filho - Parque Piaui, Timon - MA, 65636-190, Brasil",Timon,-5.0998468,-42.8318073,"{""Salão de Beleza""}",https://www.google.com/maps/search/?api=1&query=Studio%20Flavinha%20Cabelos&query_place_id=ChIJ2futrAQ3jgcRA9ekI9Cal_4,prospect
,,"R. Marcos Batista da Silva, 3 - Flores II, Timon - MA, 65631-340, Brasil",Timon,-5.1007579,-42.8588546,"{""Salão de Beleza""}",https://www.google.com/maps/search/?api=1&query=ESPA%C3%87O%20GEH&query_place_id=ChIJhegL_t03jgcRhP60S5OjVRs,prospect
,5586995872317,"R. Jorge Luiz Alves Junior - Flores II, Timon - MA, 65636-556, Brasil",Timon,-5.1030613,-42.8620945,"{""Salão de Beleza""}",https://www.google.com/maps/search/?api=1&query=Terra%C3%A7o%20da%20Beleza&query_place_id=ChIJFRLidRA3jgcRaStMgrTxPD4,prospect
,5599984567900,"R. Cinco, 17 - São Francisco II, Timon - MA, Brasil",Timon,-5.0870499,-42.8480087,"{""Clínica de Estética""}",https://www.google.com/maps/search/?api=1&query=Allure%20Espa%C3%A7o%20de%20Beleza%20e%20Bronze&query_place_id=ChIJ5WCqQLk3jgcRrEyK1HyOoFI,prospect
,5599984888311,"R. Nove, 831-729 - São Francisco II, Timon - MA, 65636-754, Brasil",Timon,-5.0853354,-42.8544782,"{""Salão de Beleza""}",https://www.google.com/maps/search/?api=1&query=Espa%C3%A7o%20Gospel&query_place_id=ChIJD_IQRgA3jgcRgGaOl8tTOKI,prospect
,5586994915604,"Av. Paulo Ramos, 501 - Centro, Timon - MA, 65630-140, Brasil",Timon,-5.098536,-42.8305678,"{""Salão de Beleza""}",https://www.google.com/maps/search/?api=1&query=Studio%20de%20beleza%20garothynha&query_place_id=ChIJDS_uvuk3jgcRzI625O7JnLA,prospect
,5586988370658,"R. Antônio Marques, 228 - Parque Piaui, Timon - MA, 65636-202, Brasil",Timon,-5.0904371,-42.8356905,"{""Salão de Beleza""}",https://www.google.com/maps/search/?api=1&query=Espa%C3%A7o%20de%20Beleza%20Carmem%20Leal&query_place_id=ChIJEY8zWjQ3jgcRJPAlaRvPT2I,prospect
,,"Beco 01, 351 - Flores, Timon - MA, 65631-440, Brasil",Timon,-5.0921196,-42.8547121,"{""Salão de Beleza""}",https://www.google.com/maps/search/?api=1&query=Espa%C3%A7o%20Aline%20Cabelos&query_place_id=ChIJISA9MwA3jgcRqmBL91OlC2w,prospect
,5586999496986,"R. José Simões Pedreira, 651 - Centro, Timon - MA, 65630-110, Brasil",Timon,-5.1033874,-42.8258335,"{""Salão de Beleza""}",https://www.google.com/maps/search/?api=1&query=Est%C3%BAdio%20K%C3%81TIA%20HAIR&query_place_id=ChIJ7bo6jPI3jgcRx2MuilrZx70,prospect
,5599988326935,"R. Firmino Gonçalves Pedreira - Parque Piaui, Timon - MA, 65636-400, Brasil",Timon,-5.1006273,-42.8349067,"{""Salão de Beleza""}",https://www.google.com/maps/search/?api=1&query=Espa%C3%A7o%20Taty%20cabelos&query_place_id=ChIJ0zj1vQI3jgcR10DDXgeUm40,prospect
,,"Rua Adão Belarmino, 416 - Parque Piaui I, Timon - MA, 65636-540, Brasil",Timon,-5.0926241,-42.8359291,"{""Salão de Beleza""}",https://www.google.com/maps/search/?api=1&query=Sal%C3%A3o%20Edna%20Cavalcante%20Hair&query_place_id=ChIJ-90AVAA3jgcRacttWHR2F4E,prospect
,,"R. José Simões Pedreira, 948 - Centro, Timon - MA, 65630-360, Brasil",Timon,-5.104451,-42.8285657,"{""Salão de Beleza""}",https://www.google.com/maps/search/?api=1&query=ESPA%C3%87O%20ADRIANA&query_place_id=ChIJIyeal6E3jgcRq9HN95YM5jA,prospect
,5586988735405,"Rua Morros qm casa2 - Bela Vista, Timon - MA, 65637-658, Brasil",Timon,-5.0931895,-42.8686908,"{""Salão de Beleza""}",https://www.google.com/maps/search/?api=1&query=Espa%C3%A7o%20kinhadocarmo&query_place_id=ChIJJ4X-MgBJjgcRSAXftj8ifhI,prospect
,5586999370651,"n - R. Ten. Antônio Corrêa da Silva, 1693 - Parque Piaui, Timon - MA, 65636-640, Brasil",Timon,-5.0941943,-42.8493054,"{""Salão de Beleza""}",https://www.google.com/maps/search/?api=1&query=Sal%C3%A3o%20Popular&query_place_id=ChIJh0xKCu43jgcRhrHNWNOKphM,prospect
,5586999321494,"Cocais Shopping, Av. Piauí, 700 - 129 - Centro, Timon - MA, 65631-030, Brasil",Timon,-5.0917841,-42.8242742,"{""Salão de Beleza""}",https://www.google.com/maps/search/?api=1&query=Femme%20Fashion%20Hair%20-%20Timon&query_place_id=ChIJeZAyeus3jgcRMQxkhsbrVBk,prospect
,5586998147610,"Av. Francisco Vitórino de Assunção, 2184 - Parque Piaui, Timon - MA, 65636-310, Brasil",Timon,-5.1050634,-42.8341871,"{""Salão de Beleza""}",https://www.google.com/maps/search/?api=1&query=Studio%20Samanta%20Val%C3%A9ria&query_place_id=ChIJk71ZHDk3jgcR62rECQGXd1E,prospect
,5586981266061,"Av. Brasil, 287 - Santo Antonio, Timon - MA, 65630-330, Brasil",Timon,-5.105662,-42.824384,"{""Salão de Beleza""}",https://www.google.com/maps/search/?api=1&query=Studio%20Naytalla%20Cristina&query_place_id=ChIJUYVBWmk3jgcRkEPpVDGJdu8,prospect
,,"Marimar, Timon - MA, Brasil",Timon,-5.0701922,-42.8791947,"{""Manicure - Esmalteria""}",https://www.google.com/maps/search/?api=1&query=DAYANE%20LIMA%20Nails%20designer&query_place_id=ChIJ84fc7OtHjgcR1nOH6OzDa-c,prospect
,,"R. 7 - Marimar, Timon - MA, Brasil",Timon,-5.074398,-42.8800479,"{""Salão de Beleza""}",https://www.google.com/maps/search/?api=1&query=Susu_tran%C3%A7as&query_place_id=ChIJ9wuzVwBHjgcRs43swNvD1fY,prospect
,5586995503780,"casa 71 - Rua 11, quadra AA, R. 11, quadra AA casa 71 - Boa esperança, Timon - MA, 65636-885, Brasil",Timon,-5.0745418,-42.8781348,"{""Salão de Beleza""}",https://www.google.com/maps/search/?api=1&query=Enny%20Ferreira%20Designer&query_place_id=ChIJxVzeUp5HjgcRsQIh0I59Gkg,prospect
,5586988542254,"R. Peritoró, Q E - N° 43 - Residencial Cocais, Timon - MA, 65636-585, Brasil",Timon,-5.1006544,-42.8695582,"{""Salão de Beleza""}",https://www.google.com/maps/search/?api=1&query=Studio%20Larissa%20Raquel&query_place_id=ChIJUZrEEetJjgcRC267FKAHGY4,prospect
,,"R. Alagoas, casa 98 - residencial Lírios, Timon - MA, 65635-478, Brasil",Timon,-5.1150584,-42.8693204,"{""Salão de Beleza""}",https://www.google.com/maps/search/?api=1&query=Sal%C3%A3o%20LR%20Beleza%20renovada&query_place_id=ChIJIeuIvPBJjgcRG6ZQjHh1uRo,prospect
,5599988263472,"Residêncial cocais - Rua matoes quadra-O, casa-28 - Bela Vista, Timon - MA, 65636-585, Brasil",Timon,-5.0992382,-42.8683998,"{""Salão de Beleza""}",https://www.google.com/maps/search/?api=1&query=Rainha%20Das%20Tran%C3%A7as&query_place_id=ChIJ37H_BypJjgcRFXHXdWHWtTQ,prospect
,5599984573279,"R. Paraná, 10 - Julia Almeida, Timon - MA, 65635-469, Brasil",Timon,-5.1128775,-42.8677935,"{""Salão de Beleza""}",https://www.google.com/maps/search/?api=1&query=Lais%20Hair&query_place_id=ChIJJTn-oGtJjgcRRgGcSHiR5wM,prospect
,5599984098612,"R. Filomena Martins Nazareno Bringel, 472 - Parque Piaui, Timon - MA, 65631-280, Brasil",Timon,-5.0913683,-42.8361983,"{""Salão de Beleza""}",https://www.google.com/maps/search/?api=1&query=Amanda%20Silva%20Studio%20Beauty&query_place_id=ChIJ75RlY2NHjgcRkUhHLvs0T1o,prospect
,,"R. 17, 225 - Parque Piaui, Timon - MA, 65638-005, Brasil",Timon,-5.0945277,-42.8458373,"{""Sobrancelhas e Cílios""}",https://www.google.com/maps/search/?api=1&query=Espa%C3%A7o%20Unhas%20e%20Sobrancelhas&query_place_id=ChIJ_dPsb-03jgcR0hib0RLMpmg,prospect
,5586998443431,"Av. Teresina, 813B - Parque Piaui, Timon - MA, 65636-500, Brasil",Timon,-5.0944995,-42.8363109,"{""Salão de Beleza""}",https://www.google.com/maps/search/?api=1&query=Espa%C3%A7o%20Brenda%20Guedes&query_place_id=ChIJaR0jows3jgcRjB5GvpiB8tE,prospect
,5599988270277,"R. Marcos Batista da Silva - Timon, MA, 65631-085, Brasil",Timon,-5.0916666,-42.8416215,"{""Salão de Beleza""}",https://www.google.com/maps/search/?api=1&query=Studio%20Laiza%20Minelle&query_place_id=ChIJ8wcKAoY3jgcRF3iGG29EGHM,prospect
,5586994189449,"Tv. Napoleão Guimarães, 3153 - Flores II, Timon - MA, 65636-480, Brasil",Timon,-5.1048944,-42.8523829,"{""Sobrancelhas e Cílios""}",https://www.google.com/maps/search/?api=1&query=Camila%20Sousa%20Micropigmenta%C3%A7%C3%A3o&query_place_id=ChIJib2kTQA3jgcRzU_WZlg_4Ew,prospect
,5586994051260,"Av. Teresina - Parque Piauí II, Timon - MA, 65636-500, Brasil",Timon,-5.0979427,-42.8435817,"{""Salão de Beleza""}",https://www.google.com/maps/search/?api=1&query=Studio%20Gabriela%20Rocha&query_place_id=ChIJQeCMymw3jgcRpSHhfOjGg6w,prospect
,,"Parque Piaui, Timon - MA, 65636-696, Brasil",Timon,-5.0908956,-42.8330075,"{""Salão de Beleza""}",https://www.google.com/maps/search/?api=1&query=Mistura%20de%20cores%20esmaltearia%20%F0%9F%8F%BC&query_place_id=ChIJj7HHHSA3jgcRtGlQeeXHJyM,prospect
,,"Av. Pres. Médici, 643 - Parque Piaui, Timon - MA, 65631-390, Brasil",Timon,-5.0932942,-42.8328796,"{""Salão de Beleza""}",https://www.google.com/maps/search/?api=1&query=Espa%C3%A7o%20do%20Revendedor%20Grupo%20Botic%C3%A1rio&query_place_id=ChIJtUJAmH43jgcRsK_1SHwkk4s,prospect
,5586999693946,"Av. Piauí - Centro, Timon - MA, 65630-030, Brasil",Timon,-5.096802,-42.8209059,"{""Salão de Beleza""}",https://www.google.com/maps/search/?api=1&query=Espa%C3%A7o%20Dr%C2%AA.%20Christiane%20Lacerda&query_place_id=ChIJZdkTxQw3jgcRt4rPfjS_xSU,prospect
,5586988650849,"R. Luís Domingues, 414 - Centro, Timon - MA, 65630-110, Brasil",Timon,-5.0999426,-42.8219873,"{""Manicure - Esmalteria""}",https://www.google.com/maps/search/?api=1&query=Let%C3%ADcia%20Hashiguchi%20Nail%20Designer&query_place_id=ChIJH8394dY3jgcRWHAi5ib2ZiQ,prospect
,5586994714113,"R. Duque de Caxias, 719 - Centro, Timon - MA, 65630-526, Brasil",Timon,-5.1026041,-42.8231872,"{""Salão de Beleza""}",https://www.google.com/maps/search/?api=1&query=Studio%20GABRIELE%20TRINDADE&query_place_id=ChIJH8KEPyA3jgcRcfHcj1KypKY,prospect
,5586988613088,"Av. Tiúba, 509 - Pedro Patrício, Timon - MA, 65630-380, Brasil",Timon,-5.1102251,-42.8413566,"{""Salão de Beleza""}",https://www.google.com/maps/search/?api=1&query=Ana%20Cabelos&query_place_id=ChIJpSJaxYc3jgcRH29sBLaUayg,prospect
,5586988670151,"Av Presidente medici, Tv. Um Pq Piaui, 1034A, Timon - MA, 65631-391, Brasil",Timon,-5.0972023,-42.8312564,"{""Salão de Beleza""}",https://www.google.com/maps/search/?api=1&query=Studio%20Modelo&query_place_id=ChIJ1XACNks3jgcRoQM7hqIvUi4,prospect
,5586999571748,"R. Luís Píres de Sá - Parque Piaui, Timon - MA, 65631-290, Brasil",Timon,-5.0901993,-42.8366499,"{""Salão de Beleza""}",https://www.google.com/maps/search/?api=1&query=AC%20Studio&query_place_id=ChIJH9Hp04g3jgcRt-N_SxY0n6U,prospect
,,"Av. Francisco Carlos Jansen, 1600 - Parque Piaui, Timon - MA, 64002-150, Brasil",Timon,-5.0863712,-42.8372766,"{""Salão de Beleza""}",https://www.google.com/maps/search/?api=1&query=Sal%C3%A3o%20vip&query_place_id=ChIJKbAFO3c5jgcRnlh--maiYT4,prospect
,5599988368586,"Av. Teresina, 1625 - Parque Piaui, Timon - MA, 65636-430, Brasil",Timon,-5.0982963,-42.8435626,"{""Barbearia""}",https://www.google.com/maps/search/?api=1&query=Merm%C3%A3%20Barbearia%20e%20Sal%C3%A3o&query_place_id=ChIJZZyIuZQ3jgcRFUTFCIA9Ixc,prospect
,5599981619885,"R. Dr. João Lula, 2524 - Parque Piauí II, Timon - MA, 65636-420, Brasil",Timon,-5.1032589,-42.8430307,"{""Salão de Beleza""}",https://www.google.com/maps/search/?api=1&query=Studio%20Viana%20Cabelos&query_place_id=ChIJOVOOlqA3jgcRTD2g4FYu_lQ,prospect
,,"R. José Constâncio, 1288 - Parque Piauí II, Timon - MA, 65636-207, Brasil",Timon,-5.0989273,-42.8380185,"{""Clínica de Estética""}",https://www.google.com/maps/search/?api=1&query=Bronze%20Della's%20-Bronzeamento%20%26%20est%C3%A9tica&query_place_id=ChIJ4XKKSs83jgcRgxwYi_VXqDI,prospect
,5586988740738,"R. 103, 1530 - Parque Uniao, Timon - MA, 65631-370, Brasil",Timon,-5.086857,-42.8440443,"{""Salão de Beleza""}",https://www.google.com/maps/search/?api=1&query=Studio%20Carla%20Hair&query_place_id=ChIJeXDqqRA4jgcRgWI8r2qu3gE,prospect
,5586988428424,"Rua Adão Belarmino - Parque Piauí I, Timon - MA, 65636-540, Brasil",Timon,-5.093725,-42.8376405,"{""Salão de Beleza""}",https://www.google.com/maps/search/?api=1&query=Espa%C3%A7o%20Magnifica&query_place_id=ChIJSZaJOo43jgcRhsFQDFZu7h4,prospect
,5586981255118,"Rua seis, R. Maria Corrêa, 1325, Timon - MA, 65634-320, Brasil",Timon,-5.1125163,-42.8357114,"{""Salão de Beleza""}",https://www.google.com/maps/search/?api=1&query=ST%C3%9ADIO%20AYLLA%20ASSUN%C3%87%C3%83O&query_place_id=ChIJLwk_N4I3jgcRyBJPGiBmmFg,prospect
,5586988858771,"R. Manoel Marinho de Menezes, 448 - Santo Antonio, Timon - MA, 65630-230, Brasil",Timon,-5.1066975,-42.8229373,"{""Salão de Beleza""}",https://www.google.com/maps/search/?api=1&query=%C3%82ngela%20Sousa%20Beauty%20Studio&query_place_id=ChIJG6pBNHU3jgcR0IredBAT4Io,prospect
,5586988725213,"R. São José, 876 - São Benedito, Timon - MA, 65636-320, Brasil",Timon,-5.1042895,-42.8359849,"{""Salão de Beleza""}",https://www.google.com/maps/search/?api=1&query=Salao%20Cabelos%20e%20Beleza&query_place_id=ChIJ30Y3jzg3jgcReK8OIRnI0vU,prospect
,5586994986355,"R. Dezessete, Casa 21 QD 124 LT 05 - Cidade Nova, Timon - MA, 65630-020, Brasil",Timon,-5.1244015,-42.8315332,"{""Salão de Beleza""}",https://www.google.com/maps/search/?api=1&query=Studio%20Luana%20Vanessa&query_place_id=ChIJH48OL083jgcR4L9JN3f5-IA,prospect
,5586988035519,"R. Vinte e Dois, 1069 - Vila Angélica, Timon - MA, 65634-392, Brasil",Timon,-5.1119267,-42.8473233,"{""Clínica de Estética""}",https://www.google.com/maps/search/?api=1&query=Celysandra%20Rodrigues%20Studio%20Hair&query_place_id=ChIJWUXclKI3jgcRpDaUsDAqEg4,prospect
,5586988243192,"Shopping Cocais, Av. Piauí, 700 - Centro, Timon - MA, 65630-030, Brasil",Timon,-5.0918385,-42.8243305,"{""Salão de Beleza""}",https://www.google.com/maps/search/?api=1&query=Maria%20Bonita%20Beauty&query_place_id=ChIJM-ksOgU3jgcRLtow96ZFXlE,prospect
,,"R. Lourdes Carlos de Oliveira Nunes, 124 - Santo Antonio, Timon - MA, 65630-350, Brasil",Timon,-5.1043936,-42.8256416,"{""Salão de Beleza""}",https://www.google.com/maps/search/?api=1&query=Sal%C3%A3o%20Jeito%20De%20Mulher&query_place_id=ChIJC7lrbKA3jgcRXiKRVeMXGGU,prospect
,5586988816282,"R. Antônio Marques, N° 220 - Parque Piaui, Timon - MA, 65636-202, Brasil",Timon,-5.0903824,-42.8357158,"{""Salão de Beleza""}",https://www.google.com/maps/search/?api=1&query=Studio%20Elenir%20Oliveira&query_place_id=ChIJCbLe9ow3jgcRi0K8IC4dQ0Y,prospect
,5586999564380,"Av. Teresina, 832 - Parque Piaui, Timon - MA, 65636-500, Brasil",Timon,-5.0944476,-42.8368055,"{""Salão de Beleza""}",https://www.google.com/maps/search/?api=1&query=Studio%20Ewerton%20Gomes&query_place_id=ChIJA__HftA3jgcRSrbHc4NDLz0,prospect
,5599981526329,"Tv. Treze de Maio, 306 - Centro, Timon - MA, 65630-310, Brasil",Timon,-5.1042785,-42.8244725,"{""Salão de Beleza""}",https://www.google.com/maps/search/?api=1&query=Studio%20Mary%20Araujo&query_place_id=ChIJ4T86OgA3jgcR8IMqVmsq8HA,prospect
,5586999977696,"Av. Francisco Carlos Jansen, 1600 - Parque Piaui, Timon - MA, 65631-240, Brasil",Timon,-5.0863437,-42.8372712,"{""Salão de Beleza""}",https://www.google.com/maps/search/?api=1&query=Linda%20Cosm%C3%A9ticos%20e%20Sal%C3%A3o%20de%20beleza&query_place_id=ChIJqYjSC603jgcR5UsWfdn3TBU,prospect
,5599984098612,"R. Filomena Martins Nazareno Bringel, 430 - Parque Piaui, Timon - MA, 65636-560, Brasil",Timon,-5.0913985,-42.8363118,"{""Salão de Beleza""}",https://www.google.com/maps/search/?api=1&query=Amanda%20Silva%20Studio%20Beauty&query_place_id=ChIJFXGrfAA3jgcRe58CcaU0Yc4,prospect
,5586988080482,"Rua Pernambuco, 526 - São Francisco, Timon - MA, 65638-385, Brasil",Timon,-5.0844585,-42.8394808,"{""Salão de Beleza""}",https://www.google.com/maps/search/?api=1&query=Ros%C3%A2ngela%20Cabelos&query_place_id=ChIJiUdBKyc4jgcRcTSW0Mjblzk,prospect
,,"Rua 18, 335 - Flores, Timon - MA, 65636-580, Brasil",Timon,-5.096017,-42.847024,"{""Salão de Beleza""}",https://www.google.com/maps/search/?api=1&query=Katriely%20Studio%202&query_place_id=ChIJ6QNxQwA3jgcRpW5zZEbo3Lo,prospect
,5599999355166,"Rua 107 n° 270 Bairro - São Francisco, Timon - MA, Brasil",Timon,-5.0831875,-42.842238,"{""Salão de Beleza""}",https://www.google.com/maps/search/?api=1&query=Studio%20Via%20Bella&query_place_id=ChIJQ0QT55s5jgcRkAekoaEuF8k,prospect
,5586988216916,"R. Elizete de Oliveira Farias, 204 - Parque Piaui, Timon - MA, 65631-230, Brasil",Timon,-5.0928448,-42.8295906,"{""Salão de Beleza""}",https://www.google.com/maps/search/?api=1&query=Marlene%20Cabelos%20Sal%C3%A3o%20De%20Beleza&query_place_id=ChIJSaL5NYM3jgcRJ6UhAHrrr68,prospect
,,"Beco 0, R. Vinte e Um - Flores, Timon - MA, 65636-385, Brasil",Timon,-5.0985338,-42.8517041,"{""Salão de Beleza""}",https://www.google.com/maps/search/?api=1&query=Adriana%20Cabelos&query_place_id=ChIJ-2m3nIM3jgcR65OKqGTPo5M,prospect
,5586994436473,"Avenida Melvin Jones, 623 - Pedro Patrício, Timon - MA, 65634-400, Brasil",Timon,-5.1104649,-42.8419293,"{""Salão de Beleza""}",https://www.google.com/maps/search/?api=1&query=Jordania%20Soares%20Studio%20de%20Beleza&query_place_id=ChIJv3UcrSA3jgcRZe088DChxmA,prospect
,,"R. José Inácio da Silva Filho, 692 - Parque Piaui, Timon - MA, 65636-245, Brasil",Timon,-5.0933179,-42.8352738,"{""Clínica de Estética""}",https://www.google.com/maps/search/?api=1&query=Spa%C3%A7o%20Bellita%20Est%C3%A9tica%20Cosm%C3%A9ticos%20e%20cabelo&query_place_id=ChIJxWdRXAk3jgcRSuGteNJoAQs,prospect
,5599999034360,"Av. Jaime Rios, 800A - Centro, Timon - MA, 65630-370, Brasil",Timon,-5.0974979,-42.8261077,"{""Salão de Beleza""}",https://www.google.com/maps/search/?api=1&query=Aline%20Carvalho%20Beauty&query_place_id=ChIJO1kkcdk3jgcR8_kMiDOFLsM,prospect
,5586994718980,"R. Pedro José Gomes, 497 - Parque Alvorada, Timon - MA, 65633-020, Brasil",Timon,-5.1293259,-42.8233209,"{""Salão de Beleza""}",https://www.google.com/maps/search/?api=1&query=Erika%20Rayane%20Beauty%20Studio&query_place_id=ChIJUSil6443jgcRwfTNY-3ptJs,prospect
,5586988641110,"Av. Raimundo Corrêa da Silva, 55 - Parque Alvorada, Timon - MA, 65633-641, Brasil",Timon,-5.1310948,-42.8297463,"{""Salão de Beleza""}",https://www.google.com/maps/search/?api=1&query=Studio%20Lenna%20Carvalho&query_place_id=ChIJkxnrAlw2jgcR2cM1RghDHM0,prospect
,5586995960355,"R. Emanuel Veloso, 2550 - São Pedro, Teresina - PI, 64018-041, Brasil",Teresina,-5.1172663,-42.8141315,"{""Salão de Beleza""}",https://www.google.com/maps/search/?api=1&query=Girlene%20beauty%20Studio&query_place_id=ChIJ0dMu6H83jgcRFfJJcFrO_ME,prospect
,,"R. Constância Gomes da Silva, 84-126 - Parque Alvorada, Timon - MA, 65633-290, Brasil",Timon,-5.1316227,-42.830095,"{""Salão de Beleza""}",https://www.google.com/maps/search/?api=1&query=SAL%C3%83O%20TOP!%20(Joyce%20Alves%20)&query_place_id=ChIJwel-Ilw2jgcRwT8LNHjdmaQ,prospect
,5586988499292,"R. Firmino Gonçalves Pedreira, 942 - Parque Piaui, Timon - MA, 65631-040, Brasil",Timon,-5.0979639,-42.8300593,"{""Salão de Beleza""}",https://www.google.com/maps/search/?api=1&query=Sal%C3%A3o%20das%20Estrelas&query_place_id=ChIJq39DMPA3jgcRblqBoPHmnAo,prospect
,5586988392810,"Rua 15 390 cidade nova 1 - Cidade Nova, Timon - MA, 65633-635, Brasil",Timon,-5.0922932,-42.844605,"{""Salão de Beleza""}",https://www.google.com/maps/search/?api=1&query=Alciane%20Almeida%20Studio&query_place_id=ChIJBSgYpD43jgcRkl4q5lkK2cQ,prospect
,5586988614179,"R. Nove, 13 - N° 20 - São Francisco II, Timon - MA, 65638-305, Brasil",Timon,-5.0851328,-42.8543745,"{""Salão de Beleza""}",https://www.google.com/maps/search/?api=1&query=Const%C3%A2ncia%20Sal%C3%A3o%20e%20Atelier&query_place_id=ChIJfxLb2XY3jgcRheS9oU1KUw4,prospect
,,"R. Filomena Martins Nazareno Bringel, 375 - Parque Piaui, Timon - MA, 65631-280, Brasil",Timon,-5.091304,-42.8357249,"{""Manicure - Esmalteria""}",https://www.google.com/maps/search/?api=1&query=Studio%20Sandra%20Bastos%20Est%C3%A9tica%20de%20Unha&query_place_id=ChIJy2pah583jgcRKJVmaAibP8A,prospect
,5586988697745,"R. Ten. Antonio Correia Da Silva, 25 - Parque Piauí II, Timon - MA, 65631-360, Brasil",Timon,-5.0957588,-42.8526651,"{""Clínica de Estética""}",https://www.google.com/maps/search/?api=1&query=Studio%20Patr%C3%ADcia%20Moura%20(Beleza%20e%20Est%C3%A9tica).&query_place_id=ChIJ0b-hYYU3jgcRccektJkINM4,prospect
,5586988446939,"Beco 01, 35 - Bela Vista, Timon - MA, 65636-445, Brasil",Timon,-5.0958357,-42.8531925,"{""Salão de Beleza""}",https://www.google.com/maps/search/?api=1&query=Salao%20divas&query_place_id=ChIJl3slEJc3jgcRMXSNN2Gefv0,prospect
,5586988951072,"R. São José, 1963 - São Benedito, Timon - MA, 65636-320, Brasil",Timon,-5.1081472,-42.8431176,"{""Salão de Beleza""}",https://www.google.com/maps/search/?api=1&query=Sal%C3%A3o%20Cana%C3%A3%20O%20Irm%C3%A3o&query_place_id=ChIJmSqDZ7g3jgcRfEEvlK1Ct2c,prospect
,5586988531668,"Av. Benedito Ferreira Campos, 851 - Parque Alvorada, Timon - MA, 65633-280, Brasil",Timon,-5.1298108,-42.8283181,"{""Salão de Beleza""}",https://www.google.com/maps/search/?api=1&query=Sal%C3%A3o%20Novo%20Stilos&query_place_id=ChIJ8bQFQFk2jgcRzZ8SUBzOMZc,prospect
,5586988619431,"Sete Estrelas, Timon - MA, 65632-655, Brasil",Timon,-5.1351859,-42.8276238,"{""Salão de Beleza""}",https://www.google.com/maps/search/?api=1&query=JN%20Studio&query_place_id=ChIJ1a-0hWA2jgcR-1VF2N4NLeM,prospect
,5586998659254,"Av. Circular, 574 - Formosa, Timon - MA, 65634-190, Brasil",Timon,-5.109062,-42.8314659,"{""Sobrancelhas e Cílios""}",https://www.google.com/maps/search/?api=1&query=Deyse%20Unhas%20%26%20Sobrancelhas&query_place_id=ChIJ8ZwssKU3jgcR961TcUx5eQA,prospect
,5586995672381,"Rua Jamil de Miranda Gedeon, rua, 50 - Parque Piaui, Timon - MA, Brasil",Timon,-5.0975433,-42.8398646,"{""Salão de Beleza""}",https://www.google.com/maps/search/?api=1&query=Studio%20Daniele%20aguiar&query_place_id=ChIJLfd_WwA3jgcRPbRJ7DWuzEc,prospect
,5599988368099,"R. Jorge Luiz Alves Junior - Flores II, Timon - MA, 65636-556, Brasil",Timon,-5.1029223,-42.8621114,"{""Salão de Beleza""}",https://www.google.com/maps/search/?api=1&query=Studio%20Mycaelle%20Santos&query_place_id=ChIJDdPiSQA3jgcRSwdDCfF4noU,prospect
,5599981780041,"R. 103, 19 - número 894 - Bela Vista, Timon - MA, 65637-576, Brasil",Timon,-5.0915971,-42.8523307,"{""Salão de Beleza""}",https://www.google.com/maps/search/?api=1&query=Studio%20Taynara%20Silva&query_place_id=ChIJf8n8xMg3jgcRfCuchQqgRtc,prospect
,5599988297168,"Residencial Palestina - R. Dois, Quadra F - Casa 11 - São Francisco II, Timon - MA, 65638-435, Brasil",Timon,-5.0866124,-42.8468791,"{""Salão de Beleza""}",https://www.google.com/maps/search/?api=1&query=Studio%20Cris%20Santos&query_place_id=ChIJ--GsPJM3jgcRBGI2wp42AEA,prospect
,5586988520054,"Av. Francisco Vitorino de Assunção, N 678A Av. 03, N298A - Parque Piaui, Timon - MA, 65636-310, Brasil",Timon,-5.0935733,-42.8399901,"{""Salão de Beleza""}",https://www.google.com/maps/search/?api=1&query=Studio%20Silvana%20Marreiros&query_place_id=ChIJw5WNw0g3jgcR2yAm9C3kwDs,prospect
,5586999016465,"R. Quatro, 1953 - Parque Aliança, Timon - MA, 65638-135, Brasil",Timon,-5.0876388,-42.8512841,"{""Salão de Beleza""}",https://www.google.com/maps/search/?api=1&query=Studio%20MRodrigues&query_place_id=ChIJlwVzyG03jgcRsqKTxTMNi70,prospect
,,"R. São José, 522 - São Benedito, Timon - MA, 65636-320, Brasil",Timon,-5.1027899,-42.8329691,"{""Salão de Beleza""}",https://www.google.com/maps/search/?api=1&query=Sal%C3%A3o%20Fio%20a%20Perfil%20Cabelos&query_place_id=ChIJbYiHawA3jgcRlDDAFN-sxw0,prospect
,5586981954082,"V4GW+MC - Timon, MA, Brasil",Timon,-5.123301,-42.853897,"{""Salão de Beleza""}",https://www.google.com/maps/search/?api=1&query=Studio_afro_hair&query_place_id=ChIJ1-LI7dA3jgcRlrHUnQq2PVE,prospect
,5561985690517,"Av. Raimundo Corrêa da Silva - Parque Alvorada, Timon - MA, 72225-202, Brasil",Timon,-5.1260245,-42.8315316,"{""Salão de Beleza""}",https://www.google.com/maps/search/?api=1&query=Studio%20formas%20%26%20fios&query_place_id=ChIJV1TfjQs3jgcRoYwiuOmN3Tc,prospect
,5599984169420,"B 05, Q 5 - C 1 - Timon, MA, 65635-486, Brasil",Timon,-5.111339,-42.8495025,"{""Salão de Beleza""}",https://www.google.com/maps/search/?api=1&query=Studio%20Daniele%20Azevedo%20Beauty&query_place_id=ChIJ0WAsMNU3jgcR0dqt6d-CncE,prospect
,5586988249070,"R. Aquiles Lisboa, 110 - Centro, Timon - MA, 65630-300, Brasil",Timon,-5.1002566,-42.8204682,"{""Salão de Beleza""}",https://www.google.com/maps/search/?api=1&query=Creuza%20SALON&query_place_id=ChIJ6Wf5CuU3jgcRBMr8ccla8rY,prospect
,5599985250626,"R. Um, 85 - Cidade Nova, Timon - MA, 65633-722, Brasil",Timon,-5.1235087,-42.8238487,"{""Salão de Beleza""}",https://www.google.com/maps/search/?api=1&query=Ms%20Studio%20Haiir&query_place_id=ChIJg_3Ug0s3jgcRTRCVdim4sdE,prospect
,5586988284569,"Av. Luís Firmino de Sousa, 2824 - São Benedito, Timon - MA, 65636-340, Brasil",Timon,-5.106405,-42.8442602,"{""Salão de Beleza""}",https://www.google.com/maps/search/?api=1&query=Beleza%20Vip&query_place_id=ChIJ-QSBoLg3jgcRtzYxmqooH1U,prospect
,5586988739810,"R. Vinte - Pedro Patrício, Timon - MA, 65636-510, Brasil",Timon,-5.1135473,-42.8429817,"{""Salão de Beleza""}",https://www.google.com/maps/search/?api=1&query=Sal%C3%A3o%20a%20poderosa&query_place_id=ChIJXRljNf83jgcRO3yk82IS8y4,prospect
,5599996452147,"R. Ten. Antonio Correia Da Silva, 1227 - Timon, MA, 65636-487, Brasil",Timon,-5.0927818,-42.8463181,"{""Salão de Beleza""}",https://www.google.com/maps/search/?api=1&query=Studio%20D%C3%A9bora%20Veloso&query_place_id=ChIJNeBpizA3jgcRFO0DJkdMXT0,prospect
,5586988764238,"Rua 10 , n 390 - São Francisco, Timon - MA, 65636-754, Brasil",Timon,-5.0838573,-42.8440748,"{""Salão de Beleza""}",https://www.google.com/maps/search/?api=1&query=Centro%20de%20beleza%20for%20men&query_place_id=ChIJ8df88JE5jgcRA7zWqeQPJTM,prospect
,5586988469159,"AG.STUDIO - Tv. Dezesseis, número 705 - Loteamento boa vista, Timon - MA, 65636-720, Brasil",Timon,-5.0876774,-42.8486585,"{""Salão de Beleza""}",https://www.google.com/maps/search/?api=1&query=AG.STUDIO&query_place_id=ChIJsQ3NtQc3jgcRsxJe7JOiCSc,prospect
,5586988535289,"centro operário - R. Marcos Batista da Silva, 3734 - Residencial flores, Timon - MA, 65636-600, Brasil",Timon,-5.1023328,-42.8623064,"{""Salão de Beleza""}",https://www.google.com/maps/search/?api=1&query=Studio%20Maria%20Ramos&query_place_id=ChIJTQ3-1yk3jgcRZEahy7leS-c,prospect
,,"Tv. Firmo Pedreira, 162 - São Benedito, Timon - MA, 65630-260, Brasil",Timon,-5.1021361,-42.8282725,"{""Salão de Beleza""}",https://www.google.com/maps/search/?api=1&query=Instituti%20De%20Beleza%20Labelle&query_place_id=ChIJg-EZa583jgcRymSDJBtTJzI,prospect
,5586988104940,"R. Cento e Quatro, 56 - Sao Francisco I, Timon - MA, 65631-410 - São Francisco, Timon - MA, 65636-520, Brasil",Timon,-5.0864081,-42.836613,"{""Salão de Beleza""}",https://www.google.com/maps/search/?api=1&query=Dhylvana%20Brown%20sal%C3%A3o%20de%20beleza&query_place_id=ChIJY2-tDYk5jgcR4j1HHE5LQbY,prospect
,5586999060527,"R. 102, 1176 - Parque Uniao, Timon - MA, 65631-370, Brasil",Timon,-5.0884667,-42.8480747,"{""Salão de Beleza""}",https://www.google.com/maps/search/?api=1&query=Studio%20Gabrielly%20Slan&query_place_id=ChIJ3RrBQbI3jgcRyVBCbIGJILc,prospect
,5586988161595,"Conj. Joaquim - Rua 03 Quadra 18, Q. Tres Cj Joaquim Pedreira, 2 - Casa 14, Timon - MA, 65638-085, Brasil",Timon,-5.0848659,-42.851793,"{""Clínica de Estética""}",https://www.google.com/maps/search/?api=1&query=Helena%20Est%C3%A9tica&query_place_id=ChIJd8Jq71U3jgcRLf9qIeWKoiE,prospect
,5599984803866,"Tv. Vinte e Nove, 210 - Bela Vista, Timon - MA, 65637-576, Brasil",Timon,-5.0917167,-42.8522385,"{""Salão de Beleza""}",https://www.google.com/maps/search/?api=1&query=Studio%20Andressa%20Brand%C3%A3o&query_place_id=ChIJORrcVjg3jgcRkF35GGe25Ho,prospect
,5586999484726,"Av. Luís Firmino de Sousa, 1639 - São Benedito, Timon - MA, 65736-340, Brasil",Timon,-5.1032843,-42.835698,"{""Salão de Beleza""}",https://www.google.com/maps/search/?api=1&query=Studio%20Luciana%20Rillena&query_place_id=ChIJPR9AhiI3jgcRVUtIdWv1hOw,prospect
,,"R. 17, 1610 - Parque Piaui, Timon - MA, 65636-450, Brasil",Timon,-5.1024007,-42.8420234,"{""Salão de Beleza""}",https://www.google.com/maps/search/?api=1&query=Studio%20Josania%20Bezerra&query_place_id=ChIJD2ea0r83jgcRaNY_lYDq5WE,prospect
,5586994763941,"R. Ananias Carvalho, Chaves, 74 - Timon, MA, 65631-160, Brasil",Timon,-5.0932538,-42.8270743,"{""Salão de Beleza""}",https://www.google.com/maps/search/?api=1&query=Aline%20Kerly%20Studio&query_place_id=ChIJ2bCthRQ3jgcR3srkqSNbR4w,prospect
,,"R. Antonio Lidu, 940 - Santo Antonio, Timon - MA, 65630-458, Brasil",Timon,-5.1065715,-42.826229,"{""Salão de Beleza""}",https://www.google.com/maps/search/?api=1&query=Sal%C3%A3o%20de%20beleza%20Nenzinha&query_place_id=ChIJB8CSOwA3jgcRUL6tE6GLKTE,prospect
,5586988023599,"R. Lourdes Carlos de Oliveira Nunes, 546 - Santo Antonio, Timon - MA, 65630-350, Brasil",Timon,-5.108478,-42.824572,"{""Sobrancelhas e Cílios""}",https://www.google.com/maps/search/?api=1&query=Depila%C3%A7%C3%A3o%20Est%C3%A9tica%20Design%20de%20Sobrancelhas%20-%20Studio%20Arte%20do%20Corpo&query_place_id=ChIJcbKVGxw3jgcR5WUE8nVokZc,prospect
,5599999038671,"R. 22, 897 - Sete Estrelas, Timon - MA, 65633-280, Brasil",Timon,-5.1295588,-42.8385669,"{""Salão de Beleza""}",https://www.google.com/maps/search/?api=1&query=Espa%C3%A7o%20Rita%20Costa&query_place_id=ChIJL0oAl5M3jgcRvSNFtzl5L3A,prospect
,5586994340301,"Av. Teresina, 965 - Parque Piaui, Timon - MA, 65636-500, Brasil",Timon,-5.095173,-42.8375563,"{""Salão de Beleza""}",https://www.google.com/maps/search/?api=1&query=Espa%C3%A7o%20preciosa&query_place_id=ChIJB3U6UjU3jgcRLk2uEy3q2K4,prospect
,5586981516050,"R. Dois, quadra F - casa 13 - São Francisco II, Timon - MA, 65638-435, Brasil",Timon,-5.086738,-42.8468592,"{""Salão de Beleza""}",https://www.google.com/maps/search/?api=1&query=STUDIO%20ANANDA%20CABELOS&query_place_id=ChIJP18NFGQ3jgcRmBVlkdOvPHo,prospect
,5586988187436,"R. Dois, 555 - Boa Vista, Timon - MA, 65631-560, Brasil",Timon,-5.0842153,-42.8377812,"{""Salão de Beleza""}",https://www.google.com/maps/search/?api=1&query=Rosinha%20cabelos&query_place_id=ChIJj1vG0tg5jgcRrdfeFqAH9aA,prospect
,5586988167339,"Rua 24 - QD 25, casa 16, Residencial, Av. Miguel Arraes - Jóia, Timon - MA, Brasil",Timon,-5.1496749,-42.8496234,"{""Salão de Beleza""}",https://www.google.com/maps/search/?api=1&query=Espa%C3%A7o%20Suyane%20Veras&query_place_id=ChIJj43g3HQ1jgcREtKqVYrKU10,prospect
,5586999655590,"Rua Vinte e Nove 189 - VilaBelarmina, Timon - MA Esquina com a rua C do bairro Vila Belarmina, R. A Vila Belarmina, Timon - MA, 65630-020, Brasil",Timon,-5.1108244,-42.8577722,"{""Sobrancelhas e Cílios""}",https://www.google.com/maps/search/?api=1&query=STUDIO%20S%C3%A2mea%20sousa%20lash%20designer&query_place_id=ChIJWaQcCBI3jgcRDBKh689GQP4,prospect
,5586998439974,"Rua jeronimo silva - Cajueiro, Timon - MA, 65630-000, Brasil",Timon,-5.1274446,-42.8180909,"{""Salão de Beleza""}",https://www.google.com/maps/search/?api=1&query=Studio%20Debora%20Hair&query_place_id=ChIJXXbI39A3jgcRABMnPIRMIqE,prospect
,5599991556289,"R. Leste, 1072 - Casa de andar - Pedro Patrício, Timon - MA, 65634-422, Brasil",Timon,-5.1143988,-42.8371078,"{""Salão de Beleza""}",https://www.google.com/maps/search/?api=1&query=GABRIELY%20STUDIO&query_place_id=ChIJa3B0lbU3jgcRjzVW_n7ZJ_E,prospect
,5586988355816,"R. Um, n332 - Formosa, Timon - MA, 65634-045, Brasil",Timon,-5.1098562,-42.8320948,"{""Manicure - Esmalteria""}",https://www.google.com/maps/search/?api=1&query=Studio%20Jhoesley%20Julia%20Unhas%20e%20Cabelos&query_place_id=ChIJme5ROhI3jgcR-SjW7wmAQtA,prospect
,5599985386469,"Rua 4 quadra AA, casa 1554 - Vila Bandeirante, Timon - MA, 65633-430, Brasil",Timon,-5.1111753,-42.8514788,"{""Salão de Beleza""}",https://www.google.com/maps/search/?api=1&query=Studio%20Mauriane%20Carvalho&query_place_id=ChIJIeKuk1o3jgcR0henWcVsjEQ,prospect
,5599988336662,"R. Vinte e Oito - Cidade Nova, Timon - MA, 65633-674, Brasil",Timon,-5.1228162,-42.8379141,"{""Salão de Beleza""}",https://www.google.com/maps/search/?api=1&query=Studio%20Braids%20Polyanna%20Taizy&query_place_id=ChIJAz2BLAA3jgcRMK6U9bQ9FDg,prospect
,5586988719752,"rua g n, 17 - Vila do Bec, Timon - MA, 65632-160, Brasil",Timon,-5.137078,-42.8220921,"{""Salão de Beleza""}",https://www.google.com/maps/search/?api=1&query=Studio%20clarice%20costa&query_place_id=ChIJJUviC6g3jgcRouh49cEkuKA,prospect
,,"R. L, 1056 - São Marcos, Timon - MA, 65634-285, Brasil",Timon,-5.114337,-42.837531,"{""Salão de Beleza""}",https://www.google.com/maps/search/?api=1&query=Studio%20Thaty%20Hair&query_place_id=ChIJEQC9rok3jgcRkdLuZ7_NT7U,prospect
,,"R. 19, 2806 - Formosa, Timon - MA, 65634-370, Brasil",Timon,-5.1130309,-42.8409503,"{""Salão de Beleza""}",https://www.google.com/maps/search/?api=1&query=Studio%20Lbelly&query_place_id=ChIJO1TpEgA3jgcR7hnBCayZHMo,prospect
,5586999399503,"R. Três, 3005 - Loteamento Boa Vista, Timon - MA, 65631-580, Brasil",Timon,-5.0871792,-42.8571108,"{""Salão de Beleza""}",https://www.google.com/maps/search/?api=1&query=Studio%20Nat%C3%A1lia%20G%C3%B3is&query_place_id=ChIJU7njSW03jgcRnuC7xCJXreI,prospect
,,"R. João Joca Assunção, 2 - Parque Piaui, Timon - MA, 65631-080, Brasil",Timon,-5.0968093,-42.8330905,"{""Clínica de Estética""}",https://www.google.com/maps/search/?api=1&query=Madame's%20CABELO%20%26%20EST%C3%89TICA&query_place_id=ChIJs3cgX5o3jgcRb4ahxsP59LY,prospect
,5599991949445,"R. Luís Píres de Sá, 530 - Parque Piaui, Timon - MA, 65636-580, Brasil",Timon,-5.0911137,-42.8382558,"{""Depilação""}",https://www.google.com/maps/search/?api=1&query=FRAN%20ROCHA%20-%20Depila%C3%A7%C3%A3o%20-%20Manicure%20-%20Produtos%20de%20Beleza&query_place_id=ChIJAUUiUXo3jgcR2rO9uqWD4jQ,prospect
,5599988280810,"Av. Luís Firmino de Sousa, 1619 - São Benedito, Timon - MA, 65636-340, Brasil",Timon,-5.1031777,-42.835462,"{""Manicure - Esmalteria""}",https://www.google.com/maps/search/?api=1&query=Fernanda%20Valerio%20Studio%20de%20Manicure&query_place_id=ChIJNa7Dgks3jgcRNqp1EEg-ErU,prospect
,5586988511409,"Av. Francisco Carlos Jansen, 277 - Parque Piaui, Timon - MA, 65631-030, Brasil",Timon,-5.08978,-42.8271578,"{""Clínica de Estética""}",https://www.google.com/maps/search/?api=1&query=Mulher%20Fina%20Est%C3%A9tica&query_place_id=ChIJt2fzp4E3jgcRCEw-Pj4YmVM,prospect
,5598984141318,"Rua tenente Antônio Correia 367, Timon - MA, 65631-125, Brasil",Timon,-5.0886403,-42.8385275,"{""Manicure - Esmalteria""}",https://www.google.com/maps/search/?api=1&query=Studio%20de%20unhas%20Luz%20nails&query_place_id=ChIJ904Dwn43jgcRBMpmgEKGkyw,prospect
,,"Av. Francisco Carlos Jansen, 1600 - Parque Piaui, Timon - MA, 65631-415, Brasil",Timon,-5.0863712,-42.8372766,"{""Salão de Beleza""}",https://www.google.com/maps/search/?api=1&query=Sal%C3%A3o%20VIP&query_place_id=ChIJA8lmjZI5jgcRKmPmQw8t6ug,prospect
,,"Parque Piaui, Timon - MA, 65631-340, Brasil",Timon,-5.0889543,-42.8356257,"{""Salão de Beleza""}",https://www.google.com/maps/search/?api=1&query=Casa%20Da%20Selagem%20Cosmeticos%20%26%20Sal%C3%A3o%20De%20Beleza&query_place_id=ChIJpYEGjYg3jgcRaojtOfWhq2E,prospect
,,"R. Odilo Costa, 392 - Centro, Timon - MA, 65630-250, Brasil",Timon,-5.1020571,-42.8247676,"{""Clínica de Estética""}",https://www.google.com/maps/search/?api=1&query=BELLA%20ESTETICA&query_place_id=ChIJVxweYnU3jgcRJdMEpNFV5Rs,prospect
,5586988334427,"R. Goiás, QD casa 21 - Julia Almeida, Timon - MA, 65635-485, Brasil",Timon,-5.1133708,-42.8663044,"{""Manicure - Esmalteria""}",https://www.google.com/maps/search/?api=1&query=Espa%C3%A7o%20das%20unhas&query_place_id=ChIJI8cXrStIjgcRvIKin0awtfE,prospect
,5586988067546,"Av. Benedito Ferreira Campos, 1196 - Parque Alvorada, Timon - MA, 65633-280, Brasil",Timon,-5.1307821,-42.832092,"{""Salão de Beleza""}",https://www.google.com/maps/search/?api=1&query=Sal%C3%A3o%20Novo%20Visual&query_place_id=ChIJjfxzh1w2jgcR3EsDKpfkSw0,prospect
,,"R. 600, 460 - Formosa, Timon - MA, 65630-650, Brasil",Timon,-5.1109642,-42.8245685,"{""Salão de Beleza""}",https://www.google.com/maps/search/?api=1&query=Studio%20Tain%C3%A1%20Karen&query_place_id=ChIJ38jeRwA3jgcRzdgaZOYN96k,prospect
,5586988303652,"Av. Tiúba, 958 - Formosa, Timon - MA, 65636-220, Brasil",Timon,-5.1086194,-42.8365004,"{""Salão de Beleza""}",https://www.google.com/maps/search/?api=1&query=Studio%20R%26R&query_place_id=ChIJcX8tNgA3jgcR5uHBF2BER1U,prospect
,,"R. Filomena Martins Nazareno Bringel, 1408 - Parque Piauí II, Timon - MA, 65636-560, Brasil",Timon,-5.0955412,-42.8442831,"{""Salão de Beleza""}",https://www.google.com/maps/search/?api=1&query=Nicole%20St%C3%BAdio%20De%20Beleza&query_place_id=ChIJK8syK-03jgcRIRS84K5mdis,prospect
,5599992225959,"R. Manoel Viana - São Francisco, Timon - MA, 65636-756, Brasil",Timon,-5.0823855,-42.8450337,"{""Salão de Beleza""}",https://www.google.com/maps/search/?api=1&query=Studio%20Ana%20Beatriz&query_place_id=ChIJz_02pkw3jgcR9PhFC14ytxY,prospect
,5586988150165,"Rua Treze, 286 - Parque Uniao, Timon - MA, 65631-385, Brasil",Timon,-5.0906036,-42.8434147,"{""Salão de Beleza""}",https://www.google.com/maps/search/?api=1&query=Studio%20Taynara%20Martins&query_place_id=ChIJVWfBs6k3jgcRmFynfmwuFzE,prospect
,5599988051479,"R. 17 - Timon, MA, 65631-588, Brasil",Timon,-5.0879447,-42.8474973,"{""Sobrancelhas e Cílios""}",https://www.google.com/maps/search/?api=1&query=Brenda%20studio%20cilios%20sobrancelha&query_place_id=ChIJ3WNMao03jgcRcrUKgPv3AR8,prospect
,,"Alameda Quatro, 87 - Flores II, Timon - MA, 65636-640, Brasil",Timon,-5.0973445,-42.8536405,"{""Manicure - Esmalteria""}",https://www.google.com/maps/search/?api=1&query=Joyce%20Cunha%20Studio&query_place_id=ChIJ3acodwA3jgcRSHav4rXhYMc,prospect
,5586999474961,"R. Marcos Batista da Silva - Flores, Timon - MA, 65635-020, Brasil",Timon,-5.0975124,-42.8533592,"{""Manicure - Esmalteria""}",https://www.google.com/maps/search/?api=1&query=Fran%20Studio%20nails&query_place_id=ChIJbe1xt8Q3jgcRuoyDLOkNzis,prospect
,,"Parque Uniao, Timon - MA, 65636-696, Brasil",Timon,-5.0874104,-42.8364755,"{""Salão de Beleza""}",https://www.google.com/maps/search/?api=1&query=SAL%C3%83O%20SUPER%20CORTE&query_place_id=ChIJjdy6N4g3jgcRyDoOKeMYsCM,prospect
,,"Rua Pernambuco - Boa Vista, Timon - MA, 65631-480, Brasil",Timon,-5.0854783,-42.8453419,"{""Salão de Beleza""}",https://www.google.com/maps/search/?api=1&query=STUDIO%20Gorete%20Rodrigues&query_place_id=ChIJ7Wze5h84jgcR6HhF8q5J40s,prospect
,5586998010671,"R. Doze, 135 - Marimar, Timon - MA, 65637-100, Brasil",Timon,-5.086423,-42.858048,"{""Salão de Beleza""}",https://www.google.com/maps/search/?api=1&query=Studio%20Auriane%20silva&query_place_id=ChIJo93mvUg5jgcRJFDzNZAC1r4,prospect
,5599985200636,"R. José Inácio da Silva Filho, 1473 - São Benedito, Timon - MA, 65636-245, Brasil",Timon,-5.0994252,-42.8318019,"{""Sobrancelhas e Cílios""}",https://www.google.com/maps/search/?api=1&query=studio%20nathy%20lash%20desig&query_place_id=ChIJdxHWLmg3jgcR3RU3TNXGTzE,prospect
,,"Estrada das Piranhas - Timon, MA, Brasil",Timon,-5.0427198,-42.8482018,"{""Salão de Beleza""}",https://www.google.com/maps/search/?api=1&query=Studio%20ally%20maike%20up&query_place_id=ChIJl22maQA5jgcRulg6P9vXe-I,prospect
,5586988176001,"R. 17, N 1355 - São Benedito, Timon - MA, 65636-320, Brasil",Timon,-5.1065717,-42.8396912,"{""Clínica de Estética""}",https://www.google.com/maps/search/?api=1&query=Sol%20%26%20Bronze%20-%20Espa%C3%A7o%20da%20Beleza&query_place_id=ChIJQVLTQJ83jgcRQKorUD5kvKE,prospect
,,"São Marcos, Timon - MA, 65636-220, Brasil",Timon,-5.1088036,-42.8364871,"{""Salão de Beleza""}",https://www.google.com/maps/search/?api=1&query=Espa%C3%A7o%20Cabelos&query_place_id=ChIJSRJ48Lo3jgcRksHIfmctVwg,prospect
,5586988167339,"Av. Luís Firmino de Sousa, 2879 - São Benedito, Timon - MA, 65636-340, Brasil",Timon,-5.1072255,-42.8454281,"{""Salão de Beleza""}",https://www.google.com/maps/search/?api=1&query=Studio%20Suyane%20Veras&query_place_id=ChIJecF33_w3jgcRoCCEui-Q__s,prospect
,5586988818809,"R. Quatro, 620 - Cajueiro, Timon - MA, 65630-466, Brasil",Timon,-5.1285595,-42.8185368,"{""Salão de Beleza""}",https://www.google.com/maps/search/?api=1&query=Espa%C3%A7o%20Angel&query_place_id=ChIJWVpsXPk3jgcRbuXUsG8EWmw,prospect
,,"Av. Parnarama - Formosa, Timon - MA, 65634-400, Brasil",Timon,-5.114979,-42.8505205,"{""Salão de Beleza""}",https://www.google.com/maps/search/?api=1&query=Espa%C3%A7o%20Mulher&query_place_id=ChIJ-dmoX8w3jgcR1kXc0KAfmNg,prospect
,,"R. F Planalto Boa Esperanca, 250 - Baixa Do Coco, Timon - MA, 64000-970, Brasil",Timon,-5.136917,-42.8227612,"{""Salão de Beleza""}",https://www.google.com/maps/search/?api=1&query=Studio%20Vit%C3%B3ria%20Rebeca&query_place_id=ChIJ_djnHwA3jgcRVIjpxMsWrj8,prospect
,,"R. Poe. Castro Alves, 639 - Parque Alvorada, Timon - MA, 65634-590, Brasil",Timon,-5.1310699,-42.8341024,"{""Salão de Beleza""}",https://www.google.com/maps/search/?api=1&query=Studio%20Deborah%20Farias&query_place_id=ChIJpQsCQAA3jgcRZ6DdRu8eDVo,prospect
,5586988076144,"R. Dezeseis, 2981 - São Marcos, Timon - MA, 65634-196, Brasil",Timon,-5.1110892,-42.8358037,"{""Salão de Beleza""}",https://www.google.com/maps/search/?api=1&query=Sal%C3%A3o%20Jeito%20de%20Mulher%20-%20Linda%20e%20Charmosa&query_place_id=ChIJl5GKWtU3jgcRl7nGkd_Qos8,prospect
,,"Planalto Formosa, Timon - MA, 65636-430, Brasil",Timon,-5.1146789,-42.8346703,"{""Salão de Beleza""}",https://www.google.com/maps/search/?api=1&query=Sal%C3%A3o%20Lenny%20Styllus%20Cabelos%20%26%20Cia&query_place_id=ChIJYVsvB7I3jgcRgxKx_tw4jfY,prospect
,,"Santo Antonio, Timon - MA, 65630-335, Brasil",Timon,-5.1060242,-42.8236131,"{""Salão de Beleza""}",https://www.google.com/maps/search/?api=1&query=Sal%C3%A3o%20REAL&query_place_id=ChIJz4c2aAo3jgcRJk1Cj8qtHEA,prospect
,,"R. Um - Timon, MA, 65634-400, Brasil",Timon,-5.1144301,-42.8515704,"{""Salão de Beleza""}",https://www.google.com/maps/search/?api=1&query=Sal%C3%A3o%20VAVA&query_place_id=ChIJe743Tcw3jgcR0TzPYyTbt8Q,prospect
,5586988255026,"R. Brilhante, 100 - Jóia, Timon - MA, 65632-282, Brasil",Timon,-5.1411938,-42.8388079,"{""Salão de Beleza""}",https://www.google.com/maps/search/?api=1&query=Studio%20Neyde%20Cabelos&query_place_id=ChIJhdkibAA3jgcRjsVikknk2cI,prospect
,5586998278546,"Rua 01 vila Angélica - São Benedito, Timon - MA, 65634-474, Brasil",Timon,-5.1088509,-42.8383476,"{""Barbearia""}",https://www.google.com/maps/search/?api=1&query=Espa%C3%A7o%20Barbearia&query_place_id=ChIJ551gi7A3jgcRRB-s61sOtvM,prospect
,5599981277263,"R. Um, 15 - VILA MONTEIRO, Timon - MA, 65634-540, Brasil",Timon,-5.1097605,-42.8331244,"{""Salão de Beleza""}",https://www.google.com/maps/search/?api=1&query=centrodebelezaglyrocha&query_place_id=ChIJG2K80JI3jgcRJ0SgPsUE14A,prospect
,5586988544634,"R. Odilo Costa, 1115 - Centro, Timon - MA, 65630-635, Brasil",Timon,-5.1071822,-42.8232824,"{""Salão de Beleza""}",https://www.google.com/maps/search/?api=1&query=Studio%20paix%C3%A3o&query_place_id=ChIJoZPGRQA3jgcRmimDRohe5Fg,prospect
,5586994417406,"Rua 07 casa, 200 - Vila do Bec, Timon - MA, 65632-158, Brasil",Timon,-5.1389991,-42.8297483,"{""Salão de Beleza""}",https://www.google.com/maps/search/?api=1&query=Studio%20Erika%20Santiago&query_place_id=ChIJw3Nph_k3jgcRMpY3R68S2uY,prospect
,,"R. Dezeseis - São Marcos, Timon - MA, 65630-020, Brasil",Timon,-5.1139047,-42.834907,"{""Salão de Beleza""}",https://www.google.com/maps/search/?api=1&query=Studio%20Tchesca%20Silva&query_place_id=ChIJAxXi6yQ3jgcR9iGG7N-hahY,prospect
,5586988649333,"R. 700, 1402 - Mateuzinho, Timon - MA, 65630-690, Brasil",Timon,-5.1133083,-42.8242936,"{""Salão de Beleza""}",https://www.google.com/maps/search/?api=1&query=Studio%20Wandr%C3%A9a%20Katherine&query_place_id=ChIJMSf7pv03jgcRWrACRG3Q5b0,prospect
,5599984911539,"R. Bahia, Quadra Q, casa 9 Conj - Vila Bandeirante, Timon - MA, 65634-883, Brasil",Timon,-5.1342949,-42.8440817,"{""Sobrancelhas e Cílios""}",https://www.google.com/maps/search/?api=1&query=Rg%20Studio%20-%20C%C3%ADlios%20e%20sobrancelhas&query_place_id=ChIJ4Ww_fuUxjgcRcT3ZZI-wuP8,prospect
,5599985076533,"R. H, N 2750 - Parque Alvorada, Timon - MA, 65633-120, Brasil",Timon,-5.1276206,-42.8418589,"{""Sobrancelhas e Cílios""}",https://www.google.com/maps/search/?api=1&query=Extens%C3%A3o%20de%20Cilios%20e%20Sobrancelhas%20Timon%20-%20Studio%20Sara%20Gon%C3%A7alves&query_place_id=ChIJJUwQ89M3jgcRU6MjzPNuWDo,prospect
,5586981923142,"Av. Luís Firmino de Sousa - São Benedito, Timon - MA, 65636-340, Brasil",Timon,-5.1084155,-42.8487778,"{""Clínica de Estética""}",https://www.google.com/maps/search/?api=1&query=Lidia%20Monteiro%20Est%C3%A9tica&query_place_id=ChIJb__lQuU3jgcRRScdOrIDf3E,prospect
,5586988559484,"Alameda Mateusinho, 137 - Mateuzinho, Timon - MA, 65630-670, Brasil",Timon,-5.1098949,-42.8265969,"{""Clínica de Estética""}",https://www.google.com/maps/search/?api=1&query=Dra.%20Rayanne%20Lima&query_place_id=ChIJT-AxK2s3jgcRPpmgsY4lTuo,prospect
,5586981567117,"R. E - Flores II, Timon - MA, 65636-340, Brasil",Timon,-5.1089849,-42.8555929,"{""Sobrancelhas e Cílios""}",https://www.google.com/maps/search/?api=1&query=Valteisa%20torres%20sobrancelha&query_place_id=ChIJRYrTFQA3jgcRrKb4WZatqzE,prospect
,5586999472618,"R. C, 137 - Mateuzinho, Timon - MA, 65630-030, Brasil",Timon,-5.1126024,-42.8214423,"{""Salão de Beleza""}",https://www.google.com/maps/search/?api=1&query=Cl%C3%ADnica%20Talita%20Mota&query_place_id=ChIJSWvdtJg3jgcRJMsweIP2kM8,prospect
,5586988126874,"R. José Fernandes da Silva, 190 - Santo Antonio, Timon - MA, 65630-550, Brasil",Timon,-5.1070736,-42.8268316,"{""Maquiagem""}",https://www.google.com/maps/search/?api=1&query=Rayara%20Binacet%20Makeup&query_place_id=ChIJr9hWzJs3jgcRXAdWqzmL_Kg,prospect
,5586981300529,"R. Alagoas, Q Q C9 - Julia Almeida, Timon - MA, 65635-478, Brasil",Timon,-5.1155191,-42.863967,"{""Sobrancelhas e Cílios""}",https://www.google.com/maps/search/?api=1&query=angelica%20sousa%20lash&query_place_id=ChIJMRFoyTRJjgcRCZU_EvtoDLw,prospect
,5599984635181,"Av. Miguel Arraes - Jóia, Timon - MA, 65633-000, Brasil",Timon,-5.1490634,-42.8416443,"{""Salão de Beleza""}",https://www.google.com/maps/search/?api=1&query=isa&query_place_id=ChIJS_EFheI3jgcRYeYQmgf8wsA,prospect
,5586999832642,"R. Projetada, 4 - número 201 - Jóia, Timon - MA, 65630-000, Brasil",Timon,-5.1431158,-42.8412324,"{""Salão de Beleza""}",https://www.google.com/maps/search/?api=1&query=Taynarasampaio&query_place_id=ChIJN0mKzR0xjgcR4ii23xIuwfc,prospect
,5599984852346,"R. Firmino Gonçalves Pedreira, 1627 - Centro, Timon - MA, 65636-400, Brasil",Timon,-5.1008938,-42.8354368,"{""Salão de Beleza""}",https://www.google.com/maps/search/?api=1&query=Jc_cuidado.e.beleza&query_place_id=ChIJU8_TWAs3jgcRc-BOXbs-MNA,prospect
,5586995974382,"R. Diamante, 45 - Jóia, Timon - MA, 65632-270, Brasil",Timon,-5.1411855,-42.8368027,"{""Salão de Beleza""}",https://www.google.com/maps/search/?api=1&query=Studio%20Sabrina%20Mary&query_place_id=ChIJHSsu_Fc3jgcRxk6aLARseBk,prospect
,5586981113735,"R. Tibúrcio de Souza Pena, 675 - Parque Alvorada, Timon - MA, 65633-310, Brasil",Timon,-5.131292,-42.831081,"{""Clínica de Estética""}",https://www.google.com/maps/search/?api=1&query=Clinicapilar%20Est%C3%A9tica%20e%20Cursos&query_place_id=ChIJKUOqcJ43jgcR3_qJ0ikqeNU,prospect
,5586988761527,"Av. Francisco Vitórino de Assunção, 2256 - Parque Piaui, Timon - MA, 65636-310, Brasil",Timon,-5.1053746,-42.8340002,"{""Salão de Beleza""}",https://www.google.com/maps/search/?api=1&query=CENTRO%20M%C3%89DICO%20S%C3%83O%20RAFAEL%20-%20TIMON&query_place_id=ChIJvWFoN6M3jgcRzDTjI7yetFY,prospect
,5586988174733,,Timon,-5.1073053,-42.8500662,"{""Salão de Beleza""}",https://www.google.com/maps/search/?api=1&query=Arte%20da%20beleza%20-%20Rildo%20Gomes&query_place_id=ChIJ7QTYdHXVGmMRxriHRLkeS7g,prospect
,559932129013,"R. Miguel Simão, 626 - Centro, Timon - MA, 65630-220, Brasil",Timon,-5.0995011,-42.8259561,"{""Salão de Beleza""}",https://www.google.com/maps/search/?api=1&query=RK%20Cabelos&query_place_id=ChIJ3Tq3DJ43jgcRAJ42OUYuXUM,prospect
,5586988370287,"R. Acrísio Veras, 189 - Centro, Timon - MA, 65630-070, Brasil",Timon,-5.0988314,-42.8211872,"{""Salão de Beleza""}",https://www.google.com/maps/search/?api=1&query=Soberana%20Beauty&query_place_id=ChIJw23yIqg3jgcRc7PK6XD4XNw,prospect
,,"R. José Simões Pedreira, 744 - Centro, Timon - MA, 65630-360, Brasil",Timon,-5.1036503,-42.826729,"{""Salão de Beleza""}",https://www.google.com/maps/search/?api=1&query=Carlinha%20Cabelo's&query_place_id=ChIJc-YsMKA3jgcRkALfdU3KmSo,prospect
,,"R. Acrísio Veras, 344 - Centro, Timon - MA, 65630-070, Brasil",Timon,-5.1007774,-42.8210222,"{""Salão de Beleza""}",https://www.google.com/maps/search/?api=1&query=Studio%20Auana%20Maria&query_place_id=ChIJg1oda3Q3jgcRPVosSLUrVXM,prospect
,5586994447104,"R. Aquiles Lisboa, 216 - Centro, Timon - MA, 65630-300, Brasil",Timon,-5.1004597,-42.8214555,"{""Manicure - Esmalteria""}",https://www.google.com/maps/search/?api=1&query=Thayse%20Silva%20Nail%20Designer&query_place_id=ChIJWXfDfdk3jgcReTqlJaQik0U,prospect
,,"R. Vitória - Vila Bandeirante, Timon - MA, Brasil",Timon,-5.1355137,-42.8464333,"{""Salão de Beleza""}",https://www.google.com/maps/search/?api=1&query=Amanda%20Melo%20Studio%20Hair&query_place_id=ChIJz9DiGwA3jgcRPzE2EX2267k,prospect
,5586988368373,"Av. Jaime Rios, 656B - Parque Piaui, Timon - MA, 65630-370, Brasil",Timon,-5.096547,-42.8265872,"{""Salão de Beleza""}",https://www.google.com/maps/search/?api=1&query=Estudio%20D&query_place_id=ChIJwTJDsy83jgcRcs3PCAvze3w,prospect
,5586988399979,"R. Formosa, 679 - São Benedito, Timon - MA, 65636-200, Brasil",Timon,-5.1078433,-42.8335407,"{""Salão de Beleza""}",https://www.google.com/maps/search/?api=1&query=Studio%20Gizeuda%20Silva&query_place_id=ChIJCQMKnJA3jgcRlWfvD18apeU,prospect
,5586998514108,"Quadra 25 casa 25, Av. Miguel Arraes, Timon - MA, 65633-420, Brasil",Timon,-5.1493519,-42.8499519,"{""Salão de Beleza""}",https://www.google.com/maps/search/?api=1&query=Studio%20Leandro%20Portillo&query_place_id=ChIJoyVAi1k1jgcR47aTAUVyypc,prospect
,5586988032706,,Timon,-5.126249,-42.8285842,"{""Manicure - Esmalteria""}",https://www.google.com/maps/search/?api=1&query=Studio%20jhacy%20Unhas&query_place_id=ChIJ-wXpCWM3jgcRknV0ueEWU-4,prospect
,5599988375816,"Tv. Primeiro, 1707 - Pedro Patrício, Timon - MA, 65634-370, Brasil",Timon,-5.1148132,-42.8429282,"{""Salão de Beleza""}",https://www.google.com/maps/search/?api=1&query=STUDIO%20FABIANA%20ASSUN%C3%87%C3%83O&query_place_id=ChIJm2hb86U3jgcR4ZN5vctYNqI,prospect
,,"R. Higino Cunha, 572A - Centro, Timon - MA, 65630-240, Brasil",Timon,-5.1000711,-42.825006,"{""Manicure - Esmalteria""}",https://www.google.com/maps/search/?api=1&query=StudionailMagdasousa&query_place_id=ChIJe0uzVgA3jgcRfOBSTczKDv0,prospect
,5586988158381,"R. Aquiles Lisboa, 209-245 - Centro, Timon - MA, 65630-300, Brasil",Timon,-5.1005823,-42.8216476,"{""Salão de Beleza""}",https://www.google.com/maps/search/?api=1&query=Adriana%20Cabelos&query_place_id=ChIJwcxzOHQ3jgcRLVE902fn4Oo,prospect
,,"Beco D - Beco A Centro Operario, 18 - Flores II, Timon - MA, 65630-970, Brasil",Timon,-5.1003823,-42.8601409,"{""Salão de Beleza""}",https://www.google.com/maps/search/?api=1&query=Casa%20do%20Biel&query_place_id=ChIJkUqIPQA3jgcRROehb9iiqAY,prospect
,5586981686752,"Beco Um - Timon, MA, 65630-020, Brasil",Timon,-5.2021503,-42.8357083,"{""Salão de Beleza""}",https://www.google.com/maps/search/?api=1&query=mmbeleza_2021&query_place_id=ChIJl_v3E6Y1jgcRXAIVFbf-y_Y,prospect
,5586994184479,"Rua Três - Timon, MA, 65636-340, Brasil",Timon,-5.1109144,-42.8502508,"{""Salão de Beleza""}",https://www.google.com/maps/search/?api=1&query=Studio%20Beatryz%20Detona&query_place_id=ChIJFbe2FQA3jgcRg4kSyit5GKI,prospect
,5599981440490,"R. Beco A 25 - Flores II, Timon - MA, 65634-386, Brasil",Timon,-5.1051898,-42.8536867,"{""Salão de Beleza""}",https://www.google.com/maps/search/?api=1&query=Viviane%20Kamily%20Esthetics&query_place_id=ChIJYYXkBAA3jgcRrDsJFmEw1lI,prospect
,5586988441491,"R. Duque de Caxias, 647 - Centro, Timon - MA, 65630-615, Brasil",Timon,-5.1043391,-42.8224628,"{""Manicure - Esmalteria""}",https://www.google.com/maps/search/?api=1&query=Ellen%20Nails&query_place_id=ChIJlb1HBwA3jgcRs--oB3fU9-Y,prospect
,559981779216,"Av. Pres. Médici, 1327 - Centro, Timon - MA, 65630-790, Brasil",Timon,-5.0997816,-42.8296157,"{""Depilação""}",https://www.google.com/maps/search/?api=1&query=Isolaser%20cl%C3%ADnica%20de%20depila%C3%A7%C3%A3o%20a%20laser&query_place_id=ChIJLUs9HwA3jgcRVtrNjjxVPu4,prospect
,5586981230271,"R. José Constâncio, 1288 - Parque Piauí II, Timon - MA, 65636-207, Brasil",Timon,-5.0988772,-42.8379878,"{""Clínica de Estética""}",https://www.google.com/maps/search/?api=1&query=Thais%20esteticista%20-%20sa%C3%BAde%20%26%20bem-estar&query_place_id=ChIJ3dfgPZI3jgcRSITH7191LKk,prospect
,5599988198197,"R. Nossa Sra. de Fátima, 902 - São Benedito, Timon - MA, 65636-230, Brasil",Timon,-5.1007289,-42.8330643,"{""Salão de Beleza""}",https://www.google.com/maps/search/?api=1&query=Pen%C3%A9lope%20Charmosa&query_place_id=ChIJp-SpZD03jgcR_DSY_QugNEs,prospect
,,"Q28 casa 07 Miguel arraes, R. 27 - Jóia, Timon - MA, Brasil",Timon,-5.1489119,-42.8509677,"{""Salão de Beleza""}",https://www.google.com/maps/search/?api=1&query=Studio%20Jacyara%20Alves&query_place_id=ChIJlzxjhSA1jgcRsqoU_vix4Tc,prospect
,5586988733353,"R. Dois, 574 - Vila Angélica, Timon - MA, 65634-344, Brasil",Timon,-5.1089753,-42.8412967,"{""Salão de Beleza""}",https://www.google.com/maps/search/?api=1&query=Studio%20Malu%20Oliveira&query_place_id=ChIJ54WjOqA3jgcR1GYXfUxiMAo,prospect
,558633173595,"R. Dezesseis, 779 - São Francisco II, Timon - MA, 65630-000, Brasil",Timon,-5.0811903,-42.8498118,"{""Salão de Beleza""}",https://www.google.com/maps/search/?api=1&query=Cantinho%20da%20Beleza&query_place_id=ChIJNVRo5Jc3jgcRHzAw1vh6t6o,prospect
,5586988083785,"R. 3, 2426 - Bela Vista, Timon - MA, 65636-720, Brasil",Timon,-5.0869831,-42.8538877,"{""Manicure - Esmalteria""}",https://www.google.com/maps/search/?api=1&query=Jana%C3%ADna%20unha%20%26%20cabelos%20%2F%20Luastudio&query_place_id=ChIJ9ff3w1A3jgcR3ynHxff3E8g,prospect
,,"Q. Nove Cj Joaquim Pedreira, 25 - São Francisco II, Timon - MA, 65636-820, Brasil",Timon,-5.0859512,-42.854261,"{""Salão de Beleza""}",https://www.google.com/maps/search/?api=1&query=ivanilda%20Haiy&query_place_id=ChIJXyNXYgA3jgcRp6pbwOKeGBg,prospect
,5586999550147,"R. Dez, Qd 7 - N° 26 - São Francisco, Timon - MA, 65636-754, Brasil",Timon,-5.0856078,-42.8500874,"{""Salão de Beleza""}",https://www.google.com/maps/search/?api=1&query=Ronnielly%20Bezerra%20Hair&query_place_id=ChIJz6yINro3jgcR5tg0r6_BTts,prospect
,,"R. Doze - Marimar, Timon - MA, 65637-100, Brasil",Timon,-5.0864349,-42.8584229,"{""Maquiagem""}",https://www.google.com/maps/search/?api=1&query=Luziamakeup&query_place_id=ChIJPxRKhiQ3jgcRnKMB29cuuJU,prospect
,,"R. Um, 995 - Marimar, Timon - MA, 65637-010, Brasil",Timon,-5.0838763,-42.8558545,"{""Salão de Beleza""}",https://www.google.com/maps/search/?api=1&query=CASA%20PAULO%20E%20RAYNARA&query_place_id=ChIJr7GnbAA5jgcRDwmL8gKOUTQ,prospect
,5586981813739,"Tv. Vinte e Sete, 169 - Bela vista, Timon - MA, 65638-195, Brasil",Timon,-5.0933768,-42.85011,"{""Salão de Beleza""}",https://www.google.com/maps/search/?api=1&query=Graziele%20Rocha%20studio&query_place_id=ChIJQdamzNk3jgcRJoUnEvP2uRY,prospect
,5599981431672,"Av. Tiúba, 1863 - Formosa, Timon - MA, 65634-400, Brasil",Timon,-5.1141435,-42.8505629,"{""Salão de Beleza""}",https://www.google.com/maps/search/?api=1&query=Studio%20Carmem%20Hair&query_place_id=ChIJN5TyP8w3jgcRI6poh0IbO7I,prospect
,5586995549443,"R. José Simões Pedreira, 841 - Centro, Timon - MA, 65630-360, Brasil",Timon,-5.1042129,-42.8274812,"{""Barbearia""}",https://www.google.com/maps/search/?api=1&query=Seu%20Tavares%20Barbearia&query_place_id=ChIJw-lfenU3jgcRGJn_n_s_uUM,prospect
,5586999296481,"R. Gonçalves Dias, 314 - Santo Antonio, Timon - MA, 65630-400, Brasil",Timon,-5.1026526,-42.8216185,"{""Clínica de Estética""}",https://www.google.com/maps/search/?api=1&query=Cl%C3%ADnica%20Dayana%20Andrade&query_place_id=ChIJA4YR9Qo3jgcRQZpIUB_-DRs,prospect
,5599988130962,"Av. Francisco Vitórino de Assunção, 1539 - Parque Piaui, Timon - MA, 65636-310, Brasil",Timon,-5.0995441,-42.8366261,"{""Salão de Beleza""}",https://www.google.com/maps/search/?api=1&query=Studio%20Realizy&query_place_id=ChIJseTf0Sk3jgcRtlSJLoMRMWc,prospect
,,"Av. Gerônimo Silva - Parque Alvorada, Timon - MA, 65633-180, Brasil",Timon,-5.1287795,-42.8225004,"{""Salão de Beleza""}",https://www.google.com/maps/search/?api=1&query=Studio%20Lady%20Day&query_place_id=ChIJ3SGN4IU3jgcRlYxyIvl9Ync,prospect
,5599981367953,"R. Pepita, 581 - Jóia, Timon - MA, 65632-285, Brasil",Timon,-5.1421977,-42.8383624,"{""Clínica de Estética""}",https://www.google.com/maps/search/?api=1&query=Studio%20Patr%C3%ADcia%20Oliveira%20Beleza%20e%20Est%C3%A9tica&query_place_id=ChIJxaLtdFU3jgcR8JNJlbSCDTM,prospect
,5586988868897,"Ruan vinte, Rua Sebastião Saraiva, Nº 02 - Vila Angélica, Timon - MA, 65634-364, Brasil",Timon,-5.1072503,-42.8454002,"{""Salão de Beleza""}",https://www.google.com/maps/search/?api=1&query=Leyla%20Nunes%20-%20Hair%20studio&query_place_id=ChIJvSWtoas3jgcRjfrql02JCFY,prospect
,5599981184407,"R. Dois, Quadra 08 - Cs 10 - Mutirão, Timon - MA, 65634-460, Brasil",Timon,-5.1112165,-42.8508368,"{""Salão de Beleza""}",https://www.google.com/maps/search/?api=1&query=Studio%20Lurdynha%20Moreira&query_place_id=ChIJjRNPt0Q3jgcRJ7kibVtxwfM,prospect
,5586998311501,"R. Aristídes Alvila de Alves, 546 - Vila Angélica, Timon - MA, 65634-340, Brasil",Timon,-5.1098523,-42.8414357,"{""Salão de Beleza""}",https://www.google.com/maps/search/?api=1&query=Elyenna%20Cabelos&query_place_id=ChIJbw2j0yM3jgcREw9Zp_F4_Pg,prospect
,5599982066389,"R. Quatro, número 255 - Vila Monteiro, Timon - MA, 65634-540, Brasil",Timon,-5.1155002,-42.8493351,"{""Salão de Beleza""}",https://www.google.com/maps/search/?api=1&query=St%C3%BAdio%20Rosiane%20Meneses&query_place_id=ChIJFS_Nbw43jgcRWdJAhiljBGA,prospect
,5586998387385,"R. Jorge Luiz Alves Junior, 70 - Flores II, Timon - MA, 65636-556, Brasil",Timon,-5.1026599,-42.8616447,"{""Clínica de Estética""}",https://www.google.com/maps/search/?api=1&query=Mar%20e%20Bronze&query_place_id=ChIJzRf6ukU3jgcRV7cpHfjsBhg,prospect
,,"Timon, MA, 65630-020, Brasil",Timon,-5.1191693,-42.8501928,"{""Salão de Beleza""}",https://www.google.com/maps/search/?api=1&query=Studio%20P%F0%9F%A7%9C%E2%80%8D%E2%99%80%EF%B8%8F&query_place_id=ChIJR7q7VqM3jgcRmk-A3eN7RF8,prospect
,5586999524658,"Flores II, Timon - MA, Brasil",Timon,-5.102699,-42.8564773,"{""Salão de Beleza""}",https://www.google.com/maps/search/?api=1&query=Est%C3%BAdio%20Sabrina%20Fernandes&query_place_id=ChIJ29os_UA3jgcRvwKc549IzEc,prospect
,,"R. Cinco, N° 172 - Vila Osmar, Timon - MA, 65634-470, Brasil",Timon,-5.1102824,-42.846144,"{""Salão de Beleza""}",https://www.google.com/maps/search/?api=1&query=St%C3%BAdio%20Nelcy_AfroBraids&query_place_id=ChIJTSeHXGQ3jgcRLBvrbNvPm8w,prospect
,5599984098398,"R. Filomena Martins Nazareno Bringel, 2055 - Parque Piauí II, Timon - MA, 65631-280, Brasil",Timon,-5.0979708,-42.8485966,"{""Salão de Beleza""}",https://www.google.com/maps/search/?api=1&query=Est%C3%BCdyo%20Marcielle%20Sousa&query_place_id=ChIJF1aKUyw3jgcRtXw1UNKiVsI,prospect
,5586994074083,"Av. Teresina, n° 1920 - Parque Piaui, Timon - MA, 65000-000, Brasil",Timon,-5.0990115,-42.8459688,"{""Salão de Beleza""}",https://www.google.com/maps/search/?api=1&query=Studio%20Diva%20Timon&query_place_id=ChIJ-SaDmKg3jgcRw9QBy0jhlv4,prospect
,5586995496568,"R. Projetada - Timon, MA, 65630-020, Brasil",Timon,-5.1042113,-42.8482342,"{""Salão de Beleza""}",https://www.google.com/maps/search/?api=1&query=Amanda%20Gaby%20Beauty&query_place_id=ChIJsz0i5XA3jgcRLi53WT8qaBI,prospect
,,"R. Cinco, 300A - Pedro Patrício, Timon - MA, 65634-406, Brasil",Timon,-5.1152321,-42.8476112,"{""Salão de Beleza""}",https://www.google.com/maps/search/?api=1&query=Yvanasouza.studio&query_place_id=ChIJh4a-tD03jgcRIYatpXAGWmk,prospect
,,"R. Cícero da Silva Rios, 936 - Vila Angélica, Timon - MA, 65634-350, Brasil",Timon,-5.1100702,-42.8445121,"{""Salão de Beleza""}",https://www.google.com/maps/search/?api=1&query=Ana%20Walerya%20Beauty&query_place_id=ChIJnc0A-PI3jgcRlV_ObO7vRqQ,prospect
,5586999405082,"R. Marcos Batista da Silva, 1295 - Parque Piaui, Timon - MA, 65631-240, Brasil",Timon,-5.0932884,-42.844778,"{""Depilação""}",https://www.google.com/maps/search/?api=1&query=Val%20Colares%20Depila%C3%A7%C3%A3o%20em%20Timon%20%7C%20Rainha%20da%20Cera&query_place_id=ChIJK0Me_mI3jgcRASTxBHd_h1M,prospect
,,"R.108, 634-C - São Francisco, Timon - MA, 65630-020, Brasil",Timon,-5.0830541,-42.846424,"{""Salão de Beleza""}",https://www.google.com/maps/search/?api=1&query=Studio%20MC%20Hair&query_place_id=ChIJIT4m4vQ5jgcR8yrFq7HHBO8,prospect
,5586988664471,"R. 650, 520 - Mateuzinho, Timon - MA, 65630-650, Brasil",Timon,-5.1114003,-42.8242654,"{""Salão de Beleza""}",https://www.google.com/maps/search/?api=1&query=Lc%20Studio%20espa%C3%A7o%20mulher&query_place_id=ChIJvbg7Vy43jgcRBC-_RcqhS8w,prospect
,,"R. 26, 38 - Vila Santa Izabel, Timon - MA, 65636-460, Brasil",Timon,-5.1083801,-42.8532436,"{""Salão de Beleza""}",https://www.google.com/maps/search/?api=1&query=Studio%20Nanda%20Sousa&query_place_id=ChIJsU0rbwA3jgcRoncWaXQO3f0,prospect
,5599984154300,"65 634-404, R. F - Pedro Patrício, Timon - MA, 65634-404, Brasil",Timon,-5.1125516,-42.8436262,"{""Maquiagem""}",https://www.google.com/maps/search/?api=1&query=Studio%20Mara%20Santos_makeup&query_place_id=ChIJAUKrrtg3jgcRJ7-lnCyS2qI,prospect
,5586988161206,"Av. Parnarama, 790 - Jóia, Timon - MA, 65632-240, Brasil",Timon,-5.1444189,-42.8405189,"{""Salão de Beleza""}",https://www.google.com/maps/search/?api=1&query=Studio%20Paula%20Guimar%C3%A3es&query_place_id=ChIJVXV8xmM3jgcRtRCTGVU9Cfo,prospect
,5586994160448,"Tv. Timbiras, 273 - Centro, Timon - MA, 65630-410, Brasil",Timon,-5.0994755,-42.8273942,"{""Salão de Beleza""}",https://www.google.com/maps/search/?api=1&query=ALERGOSTORE&query_place_id=ChIJpZU6G985jgcRmVUtwuH-p3w,prospect
,5586988532710,"R. Miguel Simão, 528 - Centro, Timon - MA, 65630-220, Brasil",Timon,-5.0993037,-42.825215,"{""Salão de Beleza""}",https://www.google.com/maps/search/?api=1&query=Centro%20de%20Especialidades%20Odontol%C3%B3gicas%20-%20CEO&query_place_id=ChIJjYmKHnA3jgcR5-4vmp124tE,prospect
,5599984994667,"R. 95, 10 - Vila Monteiro, Timon - MA, 65635-472, Brasil",Timon,-5.113862,-42.8534501,"{""Salão de Beleza""}",https://www.google.com/maps/search/?api=1&query=Studio%20Larissa%20Fernanda&query_place_id=ChIJq-NVa0M3jgcRS4OEx_4yUPM,prospect
,5586998153282,"R. Cinco - Vila Osmar, Timon - MA, 65634-470, Brasil",Timon,-5.1110489,-42.8482229,"{""Salão de Beleza""}",https://www.google.com/maps/search/?api=1&query=Studio%20Laura%20Yanessa&query_place_id=ChIJXQ10ZhY3jgcRUAIyzDcQEtY,prospect
,,"R. Projetada, N° 115 - Flores II, Timon - MA, 65636-340, Brasil",Timon,-5.1100763,-42.8537176,"{""Salão de Beleza""}",https://www.google.com/maps/search/?api=1&query=Salles%20Hair&query_place_id=ChIJqYX_m-s3jgcR9bjFjtjsQjs,prospect
,,"R. 15, 514 - Parque Piaui, Timon - MA, 65636-410, Brasil",Timon,-5.0931652,-42.8441021,"{""Salão de Beleza""}",https://www.google.com/maps/search/?api=1&query=D%C3%B4ra%20Cabelos&query_place_id=ChIJK1w_TI03jgcRytEq59iq5-w,prospect
,,"Rua 18, 2752 - Vila Angélica, Timon - MA, 65636-180, Brasil",Timon,-5.1090792,-42.8405548,"{""Manicure - Esmalteria""}",https://www.google.com/maps/search/?api=1&query=Esmalteria%20da%20Mary%20e%20Elves%20Hair&query_place_id=ChIJhUCoxN83jgcRn55WAnld5hU,prospect
,,"Rua Sebastião Saraiva, 00 - Parque Piauí II, Timon - MA, 65631-105, Brasil",Timon,-5.1024969,-42.8476754,"{""Salão de Beleza""}",https://www.google.com/maps/search/?api=1&query=LU%60CABELOS&query_place_id=ChIJgy_NrrA3jgcRxJyt5rTB7vg,prospect
,5586988121043,"Av. Tiúba, 509 - Pedro Patrício, Timon - MA, 65634-400, Brasil",Timon,-5.1102251,-42.8413566,"{""Salão de Beleza""}",https://www.google.com/maps/search/?api=1&query=Ana%20Cabelos&query_place_id=ChIJXyQTe7c3jgcRfEvDms-KWCQ,prospect
,5586994450464,"Próximo ao comércio 2 irmãos - R. Cinco - Pedro Patrício, Timon - MA, 65634-406, Brasil",Timon,-5.1149266,-42.8464746,"{""Salão de Beleza""}",https://www.google.com/maps/search/?api=1&query=Claudiane%20Cabelos&query_place_id=ChIJ0d8YF_U3jgcRGTQi_QpZiZI,prospect
,5586988290230,"Conj. Cidade Nova III Qu B, 5 - Vila Monteiro, Timon - MA, 65634-540, Brasil",Timon,-5.1174775,-42.844645,"{""Salão de Beleza""}",https://www.google.com/maps/search/?api=1&query=Neuda%20cabelos&query_place_id=ChIJmdyIgzk3jgcRdTCZI1Jc2p0,prospect
,5586988043055,"Rua 4, 160-264 - Mutirão, Timon - MA, 65630-000, Brasil",Timon,-5.1126217,-42.8499807,"{""Salão de Beleza""}",https://www.google.com/maps/search/?api=1&query=Studio%20Samia%20Fernandes&query_place_id=ChIJ6838mxg3jgcRPOfm8j0kT_g,prospect
,,"Av. Gerônimo Silva - Parque Alvorada, Timon - MA, 65633-170, Brasil",Timon,-5.1308319,-42.8282696,"{""Salão de Beleza""}",https://www.google.com/maps/search/?api=1&query=Studio%20Leandro%20Portillo&query_place_id=ChIJLVTgTAA3jgcRHg3vWt_7aKE,prospect
,,"Av. Benedito Ferreira Campos, 1150 - Parque Alvorada, Timon - MA, 65630-480, Brasil",Timon,-5.130639,-42.8316738,"{""Salão de Beleza""}",https://www.google.com/maps/search/?api=1&query=Studio%20Linda%20Mulher&query_place_id=ChIJB2ACeVw2jgcRwt6JFJB3dso,prospect
,5586999588865,"R. B, Casa 83 - Jóia, Timon - MA, 65632-310, Brasil",Timon,-5.1405376,-42.8371774,"{""Salão de Beleza""}",https://www.google.com/maps/search/?api=1&query=Maisa%20Galv%C3%A3o%20Studio&query_place_id=ChIJVf7Qr9s5jgcR4QqruoMNsBI,prospect
,5586988894875,"R. João Joca Assunção, 02 - Flores II, Timon - MA, 65631-080, Brasil",Timon,-5.1039459,-42.8471355,"{""Salão de Beleza""}",https://www.google.com/maps/search/?api=1&query=Madames%20cabelo&query_place_id=ChIJEy2YIDI3jgcR4jNcrIUm5GM,prospect
,5586988811579,"Beco D, 9 - 18 - Flores II, Timon - MA, 65636-600, Brasil",Timon,-5.1014065,-42.8600368,"{""Manicure - Esmalteria""}",https://www.google.com/maps/search/?api=1&query=Studioalicenailld&query_place_id=ChIJSY_xFQA3jgcRA_6vUVgh_VY,prospect
,,"Parque Piaui, Timon - MA, 65636-500, Brasil",Timon,-5.0991512,-42.8458969,"{""Salão de Beleza""}",https://www.google.com/maps/search/?api=1&query=Studio%20ARAG%C3%83O&query_place_id=ChIJy-hsGus3jgcR36UNt1KzwqI,prospect
,,"R. Marcos Batista da Silva - Flores, Timon - MA, 65636-600, Brasil",Timon,-5.0946005,-42.8475437,"{""Salão de Beleza""}",https://www.google.com/maps/search/?api=1&query=Studio%20bel%C3%ADssima&query_place_id=ChIJCarrKPA3jgcRE9a8_efQ3DQ,prospect
,5599988342943,"R. Dois, Casa 4A / Quadra 11 - Mutirão, Timon - MA, 65635-444, Brasil",Timon,-5.1116268,-42.8507191,"{""Salão de Beleza""}",https://www.google.com/maps/search/?api=1&query=Studio%20Vit%C3%B3ria%20Silva&query_place_id=ChIJLUEx62I3jgcR5jJnMg1meSg,prospect
,,"R. Filomena Martins Nazareno Bringel, 945 - Parque Piaui, Timon - MA, 65636-560, Brasil",Timon,-5.0937952,-42.8403322,"{""Salão de Beleza""}",https://www.google.com/maps/search/?api=1&query=Studio%20Rosa%20P%C3%A2mara&query_place_id=ChIJewWIflk3jgcRmKNHRmYQeno,prospect
,5599982501219,"R. Um, 450 - Vila Osmar, Timon - MA, 65635-180, Brasil",Timon,-5.1085337,-42.8471145,"{""Salão de Beleza""}",https://www.google.com/maps/search/?api=1&query=Casa%20da%20Thassia&query_place_id=ChIJp64g4LQ3jgcR5rqb65ZifCc,prospect
,5586988826118,"R. 102, 765 - Parque Uniao, Timon - MA, 65631-370, Brasil",Timon,-5.0870069,-42.8439311,"{""Manicure - Esmalteria""}",https://www.google.com/maps/search/?api=1&query=CAPRICHOSAS%20UNHAS&query_place_id=ChIJ0a6-yYo3jgcRHm8xRZc2dyo,prospect
,5599981271386,"Av. Francisco Vitórino de Assunção, 251 - Parque Piaui, Timon - MA, 65636-255, Brasil",Timon,-5.0898665,-42.8415015,"{""Manicure - Esmalteria""}",https://www.google.com/maps/search/?api=1&query=nsnailsdesigner&query_place_id=ChIJIU_obwA3jgcR2d-u_UJYU14,prospect
,5586988168239,"Rua Pernambuco, 314 - São Francisco II, Timon - MA, 65631-480, Brasil",Timon,-5.0853767,-42.8455613,"{""Manicure - Esmalteria""}",https://www.google.com/maps/search/?api=1&query=Rose%20esmalteria&query_place_id=ChIJe9N11dI5jgcRADSelMZ_K1A,prospect
,5586981392949,"Av. Luís Firmino de Sousa, 3805 - Vila Bandeirante, Timon - MA, 65635-468, Brasil",Timon,-5.1099098,-42.8514319,"{""Salão de Beleza""}",https://www.google.com/maps/search/?api=1&query=DS%20Daiana%20soares%20studio&query_place_id=ChIJsUE094s3jgcRTexIgJ2zQWU,prospect
,5599988357113,"Rua Três, 363 - Pedro Patrício, Timon - MA, 65634-398, Brasil",Timon,-5.1143497,-42.8472911,"{""Salão de Beleza""}",https://www.google.com/maps/search/?api=1&query=Leon%C3%A1ria%20Monteiro&query_place_id=ChIJ1SpNP0M3jgcR0_YI0tb9Cgo,prospect
,,"R. Coelho Neto, quadra Q Casa 27 - Bela Vista, Timon - MA, 65637-641, Brasil",Timon,-5.0987439,-42.8683232,"{""Manicure - Esmalteria""}",https://www.google.com/maps/search/?api=1&query=Silvana%20manicure%20%26%20pedicure&query_place_id=ChIJh8CIcQBJjgcRSa1OyXpv2vs,prospect
,5599981145057,"Julia Almeida, Timon - MA, 65635-478, Brasil",Timon,-5.1127618,-42.8684772,"{""Salão de Beleza""}",https://www.google.com/maps/search/?api=1&query=In%C3%AAs%20Ara%C3%BAjo%20Lesh%20designer&query_place_id=ChIJb8b7xxxJjgcR2eg5wghqIaU,prospect
,5599996460684,"R. Trinta e Dois, 2 - Casa 19 - Cidade Nova, Timon - MA, 65633-689, Brasil",Timon,-5.1224006,-42.8408895,"{""Salão de Beleza""}",https://www.google.com/maps/search/?api=1&query=Viviane%20Moraes%20Beauty&query_place_id=ChIJN3gyZsU3jgcRSlQV-WLVubk,prospect
,,"Esquina com Beco - Rua 101, 22 - Bela Vista, Timon - MA, 65630-020, Brasil",Timon,-5.0942438,-42.8523479,"{""Salão de Beleza""}",https://www.google.com/maps/search/?api=1&query=GEYLSON%20CABELOS&query_place_id=ChIJja63O0o3jgcRQ27S7sqnU6Q,prospect
,5586988268569,"Julia Almeida, Timon - MA, 65636-340, Brasil",Timon,-5.1125504,-42.8600439,"{""Salão de Beleza""}",https://www.google.com/maps/search/?api=1&query=RAQUEL%20CABELOS&query_place_id=ChIJF-3381Q3jgcRrwX2SY6UqDg,prospect
,5586988871075,"Av. Luís Firmino de Sousa - São Benedito, Timon - MA, 65636-345, Brasil",Timon,-5.1072265,-42.8455585,"{""Manicure - Esmalteria""}",https://www.google.com/maps/search/?api=1&query=Esmalteria%20qual%20sua%20cor&query_place_id=ChIJlfVaFzI3jgcRkj6EzwHM4QA,prospect
,5599981424061,"R. 90, 292 - Flores, Timon - MA, 65631-220, Brasil",Timon,-5.1041653,-42.8645492,"{""Manicure - Esmalteria""}",https://www.google.com/maps/search/?api=1&query=Danni%20Silva%20Nails%20Designer&query_place_id=ChIJ536aEzo3jgcRULdepmfUyks,prospect
,5599999321107,"R. Dois, 739 - Vila Angélica, Timon - MA, 65634-344, Brasil",Timon,-5.1089354,-42.8435923,"{""Sobrancelhas e Cílios""}",https://www.google.com/maps/search/?api=1&query=Nath%C3%A1lia%20Sobrancelhas&query_place_id=ChIJZ07qZgY3jgcRb8JKG7PBTA0,prospect
,5599984966447,"Rua Luiz - R. Firmino Gonçalves Pedreira, 2618 - Parque Piaui, Timon - MA, 65636-400, Brasil",Timon,-5.1065568,-42.8468759,"{""Manicure - Esmalteria""}",https://www.google.com/maps/search/?api=1&query=Yanna%20nail%20designer&query_place_id=ChIJXev6mwE3jgcRsqksCA4uygI,prospect
,5586988007087,"R. Dezeseis, 1188 - Parque Piauí II, Timon - MA, 65636-285, Brasil",Timon,-5.100057,-42.841513,"{""Manicure - Esmalteria""}",https://www.google.com/maps/search/?api=1&query=Manicure%20E%20P%C3%A9%20decure%20K%C3%A1tia&query_place_id=ChIJ_VGSzWk3jgcRVTkzSOluPEs,prospect
,5586988920133,"R. Dois, 451 - Vila Angélica, Timon - MA, 65634-344, Brasil",Timon,-5.1091791,-42.8408349,"{""Manicure - Esmalteria""}",https://www.google.com/maps/search/?api=1&query=Cl%C3%A1udia%20Maria%20Manicure%2C%20P%C3%A9dicure%20e%20Nails%20Designer&query_place_id=ChIJbX1zwbk3jgcRPNvAGQjlPWE,prospect
,,"Tv. João Castelo, 1670A - Parque Piauí II, Timon - MA, 65631-110, Brasil",Timon,-5.0963853,-42.8463739,"{""Salão de Beleza""}",https://www.google.com/maps/search/?api=1&query=Casa%20dallu&query_place_id=ChIJqT1obAA3jgcR18_fPJz6lRc,prospect
,,"R. Tv. I, 1749 - Pedro Patrício, Timon - MA, 65634-370, Brasil",Timon,-5.1156297,-42.8428663,"{""Manicure - Esmalteria""}",https://www.google.com/maps/search/?api=1&query=Lm_esmalteria&query_place_id=ChIJEYNVdgA3jgcRRDzI_jcyDzg,prospect
,5599999018915,"R. Colinas, 33 - Bela Vista, Timon - MA, 65636-585, Brasil",Timon,-5.0995816,-42.8700479,"{""Manicure - Esmalteria""}",https://www.google.com/maps/search/?api=1&query=Cynara%20nails&query_place_id=ChIJUYMbEzFJjgcRGgo4mm5UNz4,prospect
,5599981902261,"R. Sergipe, casa-28 - Q-O, Timon - MA, 65630-020, Brasil",Timon,-5.1155402,-42.8679586,"{""Manicure - Esmalteria""}",https://www.google.com/maps/search/?api=1&query=Evelyn%20manicure&query_place_id=ChIJrVXzdHBJjgcRExbGzczMxaQ,prospect
,5586995103846,"Av. Teresina, 2132 - Parque Piaui, Timon - MA, 65636-500, Brasil",Timon,-5.0998668,-42.8473803,"{""Depilação""}",https://www.google.com/maps/search/?api=1&query=DepilFit&query_place_id=ChIJjYTuO5Y3jgcRHGNOO4wNVvE,prospect
,5586999095144,"R. Dois, 1131 - Vila Osmar, Timon - MA, 65634-470, Brasil",Timon,-5.1098205,-42.8487739,"{""Manicure - Esmalteria""}",https://www.google.com/maps/search/?api=1&query=Jos%C3%A9lia%20Lima%20Manicure%20e%20Pedicure&query_place_id=ChIJvbG7EGw3jgcRaEuNTqX2mpY,prospect
,5586998625551,"R. Vinte - Parque Piauí II, Timon - MA, 65636-510, Brasil",Timon,-5.1014621,-42.8483722,"{""Sobrancelhas e Cílios""}",https://www.google.com/maps/search/?api=1&query=Sobrancelhas%20Design%20Nay&query_place_id=ChIJr4kU4sE3jgcRboG0xNiGWAw,prospect
,,"R. Sergipe, n22a - Julia Almeida, Timon - MA, 65635-479, Brasil",Timon,-5.1158429,-42.8657799,"{""Salão de Beleza""}",https://www.google.com/maps/search/?api=1&query=Studio%20Fran%20Rocha&query_place_id=ChIJkYPZCgBJjgcR0NguP8v1Lno,prospect
,5586999094465,"R. Um, 1749 - Pedro Patrício, Timon - MA, 65634-418, Brasil",Timon,-5.1174543,-42.8422033,"{""Manicure - Esmalteria""}",https://www.google.com/maps/search/?api=1&query=LM_esmalteria&query_place_id=ChIJPfwDMfQ3jgcRJ9b5jPpb-fo,prospect
,5586995349677,"V4MP+MP - Julia Almeida, Timon - MA, 65636-340, Brasil",Timon,-5.1158279,-42.8631459,"{""Salão de Beleza""}",https://www.google.com/maps/search/?api=1&query=J%C3%B4h&query_place_id=ChIJQ93uhlE3jgcROKpkLLtsBi8,prospect
,,"R. São Pedro, 275 - Vila Monteiro, Timon - MA, 65635-240, Brasil",Timon,-5.1191279,-42.8512807,"{""Salão de Beleza""}",https://www.google.com/maps/search/?api=1&query=Studio%20Sandielly%20Santos&query_place_id=ChIJ9TmSbgA3jgcRlcD0i3JndbY,prospect
,5586999713796,"Rua Beco um, 549 - Flores, Timon - MA, 65638-270, Brasil",Timon,-5.0911229,-42.855328,"{""Manicure - Esmalteria""}",https://www.google.com/maps/search/?api=1&query=Elizama%20%7C%20Manicure%20e%20Pedicure&query_place_id=ChIJn15Utqk3jgcRiLk7H187P6M,prospect
,,"Bela Vista, Timon - MA, Brasil",Timon,-5.1010919,-42.869533,"{""Salão de Beleza""}",https://www.google.com/maps/search/?api=1&query=Resid%C3%AAncia%20COCAIS&query_place_id=ChIJfazUamhJjgcRSEOPoZVYvQ0,prospect
,5586994094375,"Residencial Cocais II - Rua Codo Quadra u, casa 02, Timon - MA, 65636-585, Brasil",Timon,-5.0981172,-42.8681845,"{""Manicure - Esmalteria""}",https://www.google.com/maps/search/?api=1&query=Samara%20Ara%C3%BAjo%20Nail%20Designer&query_place_id=ChIJ933si6xJjgcRb9lMwN_JOj4,prospect
,,"Tv. Dezesseis, 85 - Bela Vista, Timon - MA, 65636-222, Brasil",Timon,-5.0919582,-42.8465654,"{""Manicure - Esmalteria""}",https://www.google.com/maps/search/?api=1&query=Pamella%20Nails%20Artes&query_place_id=ChIJVcYwYgA3jgcRPWKEJfPvulM,prospect
,5599981194915,"R. Dr. João Lula, 3791 - Vila Santa Izabel, Timon - MA, 65636-420, Brasil",Timon,-5.1085703,-42.853459,"{""Salão de Beleza""}",https://www.google.com/maps/search/?api=1&query=LC%20Beaty%20Designer&query_place_id=ChIJ--RtBtc3jgcRIh0PKRofP0U,prospect
,5586988824256,"Av. Teresina - Parque Piaui, Timon - MA, 65636-500, Brasil",Timon,-5.0962706,-42.8403533,"{""Manicure - Esmalteria""}",https://www.google.com/maps/search/?api=1&query=Concei%C3%A7%C3%A3o%20Siqueira%20Nail%20Designer&query_place_id=ChIJL4lm17M3jgcR-mSwQ9CiA5Q,prospect
,5599981732712,"R. 6 - Pedro Patrício, Timon - MA, 65634-408, Brasil",Timon,-5.114298,-42.8442768,"{""Manicure - Esmalteria""}",https://www.google.com/maps/search/?api=1&query=Tauane%20Nails&query_place_id=ChIJcYI7W_E3jgcRLf-8xdCuMsk,prospect
,,"Rua Treze, 81 - Formosa, Timon - MA, 65634-190, Brasil",Timon,-5.1095522,-42.8338161,"{""Salão de Beleza""}",https://www.google.com/maps/search/?api=1&query=Rosilda%20cabelos&query_place_id=ChIJ39ugojw3jgcRrqK9l_Uonrw,prospect
,5586988235873,"R. Marcos Batista da Silva, 91 - Parque Piaui, Timon - MA, 65636-600, Brasil",Timon,-5.0971287,-42.8525976,"{""Salão de Beleza""}",https://www.google.com/maps/search/?api=1&query=Sal%C3%A3o%20Novo%20Visual&query_place_id=ChIJ0xT9vdg3jgcRBW3Nw21FQ7U,prospect
,5599988313908,"R. Dezeseis, 1268 - Parque Piaui, Timon - MA, 65636-430, Brasil",Timon,-5.1008789,-42.8410664,"{""Salão de Beleza""}",https://www.google.com/maps/search/?api=1&query=Sara%20Holanda%20Hair&query_place_id=ChIJOR2aYSQ3jgcRsL-0i-qDO-U,prospect
,,"Av. Luís Firmino de Sousa, 5083 - São Benedito, Timon - MA, 65636-340, Brasil",Timon,-5.1127808,-42.8607558,"{""Salão de Beleza""}",https://www.google.com/maps/search/?api=1&query=Ivone%20Cabelos&query_place_id=ChIJ43kUbgA3jgcRdQtizGGupY4,prospect
,5586995351214,"R. Dr. João Lula, 1142 - Parque Piaui, Timon - MA, 65636-420, Brasil",Timon,-5.0973039,-42.8313882,"{""Salão de Beleza""}",https://www.google.com/maps/search/?api=1&query=Ts%20beauty&query_place_id=ChIJQzSgCwA3jgcRfzrW8qa15qU,prospect
,5599984573669,"R. Três, 2 - com a 38 Quadra B Casa 4 - Cidade Nova, Timon - MA, 65633-728, Brasil",Timon,-5.1232543,-42.8440351,"{""Manicure - Esmalteria""}",https://www.google.com/maps/search/?api=1&query=Anna%20Paula%20unhas&query_place_id=ChIJC3o9cHI3jgcRfAw8k8bUgy8,prospect
,5586981729234,"R. Rubi, 633 - Jóia, Timon - MA, 65632-289, Brasil",Timon,-5.1431473,-42.8385053,"{""Salão de Beleza""}",https://www.google.com/maps/search/?api=1&query=Amanda%20Espa%C3%A7o%20de%20Beleza&query_place_id=ChIJPWMedoQ3jgcR2saEAIu6CVo,prospect
,5586995507230,"R. 15, 101 - Sete Estrelas, Timon - MA, 65632-695, Brasil",Timon,-5.1387859,-42.8338956,"{""Salão de Beleza""}",https://www.google.com/maps/search/?api=1&query=Super%20Bella%20espa%C3%A7o%20de%20beleza&query_place_id=ChIJaw4uEgA3jgcRUnT9aYVOw78,prospect
,5586988721152,"R. Carlos Alberto de Morais - Parque Alvorada, Timon - MA, 65633-150, Brasil",Timon,-5.131324,-42.8274169,"{""Depilação""}",https://www.google.com/maps/search/?api=1&query=Kamilla%20Arocho%20Depila%C3%A7%C3%A3o%20Profissional%20Timon%20Maranh%C3%A3o&query_place_id=ChIJx-55J-Q3jgcRV4YH_dZMmcI,prospect
,5586999964177,"R. São João, 1533 - São Benedito, Timon - MA, 65636-320, Brasil",Timon,-5.1072138,-42.8412304,"{""Salão de Beleza""}",https://www.google.com/maps/search/?api=1&query=Jenyffer%20Fernanda%20studio&query_place_id=ChIJOyI7RAA3jgcRsKoJOM9FxXA,prospect
,,"Av. Formosa, 715 - Formosa, Timon - MA, 65636-180, Brasil",Timon,-5.1095632,-42.8326793,"{""Salão de Beleza""}",https://www.google.com/maps/search/?api=1&query=Studio%20Mariellyportela&query_place_id=ChIJ9QvmTAA3jgcR0cRnSYg6Luw,prospect
,5586994144461,"Av. Formosa - São Benedito, Timon - MA, 65636-180, Brasil",Timon,-5.1062676,-42.8306209,"{""Salão de Beleza""}",https://www.google.com/maps/search/?api=1&query=Studio%20Josania%20Bezerra&query_place_id=ChIJd4CPCZA3jgcRfNRvtL7oCEA,prospect
,5599988080878,"R. São José, 821 - São Benedito, Timon - MA, 65636-320, Brasil",Timon,-5.1042672,-42.8353214,"{""Salão de Beleza""}",https://www.google.com/maps/search/?api=1&query=Kelson%20Beauty%20Hair&query_place_id=ChIJN3KfdQY3jgcReRChDNxcajo,prospect
,5586988161734,"Av. Formosa, 520 A - Formosa, Timon - MA, 65636-180, Brasil",Timon,-5.1078524,-42.8316766,"{""Salão de Beleza""}",https://www.google.com/maps/search/?api=1&query=Aylla%20Cabelos&query_place_id=ChIJlfVoXKQ3jgcRNaQgqUPJvz0,prospect
,5586999058396,"Av. Francisco Vitórino de Assunção - São Benedito, Timon - MA, 65636-310, Brasil",Timon,-5.1046773,-42.8343219,"{""Salão de Beleza""}",https://www.google.com/maps/search/?api=1&query=Studio%20Gabi%20Alves&query_place_id=ChIJHaf2Axg3jgcRjUfGAWUBO4M,prospect
,5586999508021,"BRONZEAMENTO & BELEZA - AMO BRONZE, R. Firmino Gonçalves Pedreira, 856, Timon - MA, 65636-400, Brasil",Timon,-5.0975708,-42.8292724,"{""Clínica de Estética""}",https://www.google.com/maps/search/?api=1&query=AMO%20BRONZE%20(BRONZEAMENTO%20%26%20BELEZA)&query_place_id=ChIJycc03Fg3jgcRhuW3agHeu5k,prospect
,5586988866253,"Av. Luís Firmino de Sousa, 1564 - São Benedito, Timon - MA, 65636-340, Brasil",Timon,-5.1026118,-42.8350147,"{""Salão de Beleza""}",https://www.google.com/maps/search/?api=1&query=Studio%20Rayane%20Binacet&query_place_id=ChIJ79oCTo03jgcRmTOFfiCmyBc,prospect
,,"São Benedito, Timon - MA, 65636-290, Brasil",Timon,-5.1071099,-42.8315902,"{""Salão de Beleza""}",https://www.google.com/maps/search/?api=1&query=Marsala%20BEAUTY&query_place_id=ChIJubtpeqQ3jgcRVzHxaBLAGps,prospect
,5586981331543,"Beco 2 - São Marcos, Timon - MA, 65634-202, Brasil",Timon,-5.110694,-42.8386022,"{""Salão de Beleza""}",https://www.google.com/maps/search/?api=1&query=Studio%20Pamela%20Nunes&query_place_id=ChIJSTaDnTY3jgcRbcXAX-iQ-JU,prospect
,5586995493940,"Av. Piauí, 700 - Parque Alvorada, Timon - MA, 65630-030, Brasil",Timon,-5.0916492,-42.8244361,"{""Salão de Beleza""}",https://www.google.com/maps/search/?api=1&query=Fiorellas%20Beauty&query_place_id=ChIJrQgmnvU3jgcR4UXXPgbEM0g,prospect
,5599984065406,"Rua 650 Av. Belo Horizonte, casa 206 - Mateuzinho, Timon - MA, 65630-650, Brasil",Timon,-5.1107992,-42.8253352,"{""Salão de Beleza""}",https://www.google.com/maps/search/?api=1&query=Studio.emilly%20B%C3%A1rbara&query_place_id=ChIJYetMXOk3jgcRWLVuGXuXUPs,prospect
,558699633235,"R. 750, 249 - Mateuzinho, Timon - MA, 65630-710, Brasil",Timon,-5.1122024,-42.8254661,"{""Salão de Beleza""}",https://www.google.com/maps/search/?api=1&query=Studio%20Stefany&query_place_id=ChIJnaLxRgA3jgcRaP_hlW2WLxE,prospect
,5586988390544,"Av. Francisco Vitórino de Assunção, 1707 - Parque Piaui, Timon - MA, 65636-310, Brasil",Timon,-5.1001709,-42.8363189,"{""Salão de Beleza""}",https://www.google.com/maps/search/?api=1&query=Beleza%20Feminina&query_place_id=ChIJge2wCJc3jgcR0WGdqk4ZRBk,prospect
,,"Av. Formosa, 826 - Formosa, Timon - MA, 65636-180, Brasil",Timon,-5.1110161,-42.8339405,"{""Salão de Beleza""}",https://www.google.com/maps/search/?api=1&query=Studio%20Raquel%20Gomes&query_place_id=ChIJrwgpRwA3jgcRchq2qFzp9cY,prospect
,5586994678926,"R. Lourdes Carlos de Oliveira Nunes, 879 - Mateuzinho, Timon - MA, 65630-350, Brasil",Timon,-5.111215,-42.8238636,"{""Salão de Beleza""}",https://www.google.com/maps/search/?api=1&query=Skarlleth%20Oyama%20Beauty&query_place_id=ChIJo3Hou6s5jgcR_KJvUiXwJmM,prospect
,5586988592721,"R. Alagoas, Quadra O - casa 22 - Julia Almeida, Timon - MA, 65635-478, Brasil",Timon,-5.115343,-42.8666931,"{""Salão de Beleza""}",https://www.google.com/maps/search/?api=1&query=LannyMaraBeauty&query_place_id=ChIJHSIIAzZJjgcR-CIlySdZLaA,prospect
,5586995653292,"Rua José Fernandes da Silva, R. Dois, Num 178 - São Marcos, Timon - MA, 65634-180, Brasil",Timon,-5.1100206,-42.8349683,"{""Salão de Beleza""}",https://www.google.com/maps/search/?api=1&query=Studio%20Espelho%20Meu&query_place_id=ChIJpZ0ce-c3jgcRtGpn0WIq60I,prospect
,5599988239398,"R. Dezeseis, 2176 - Parque Piaui, Timon - MA, 65636-285, Brasil",Timon,-5.1079085,-42.8375258,"{""Manicure - Esmalteria""}",https://www.google.com/maps/search/?api=1&query=STUDIO%20Stefanymotta___Nails&query_place_id=ChIJWXwF1sg3jgcRW5aOpxGufAM,prospect
,5599984266690,"R. Sete, Parque - São Francisco, Timon - MA, 65630-020, Brasil",Timon,-5.0814223,-42.8438913,"{""Salão de Beleza""}",https://www.google.com/maps/search/?api=1&query=Cleciane_cabelos&query_place_id=ChIJ-9fMfAA5jgcRKD5EoqMRALk,prospect
,5599996470690,"Av. Teresina, • 995 - Parque Piaui, Timon - MA, 65636-500, Brasil",Timon,-5.09519,-42.837595,"{""Salão de Beleza""}",https://www.google.com/maps/search/?api=1&query=Fernanda%20Patr%C3%ADcia%20Concept&query_place_id=ChIJY11CjDA3jgcR0141fG6pWDk,prospect
,5586995688197,"R. 22, 1156 - Parque Alvorada, Timon - MA, 65634-580, Brasil",Timon,-5.127643,-42.839227,"{""Salão de Beleza""}",https://www.google.com/maps/search/?api=1&query=Paloma%20Hechyllen%20Beauty&query_place_id=ChIJ0-mz2BM3jgcRpwbgtP2D0IA,prospect
,5599984475564,"Av. Francisco Carlos Jansen, 1686 - Parque Uniao, Timon - MA, 65631-240, Brasil",Timon,-5.085834,-42.8381003,"{""Barbearia""}",https://www.google.com/maps/search/?api=1&query=Micael%20Barbearia%20-%20Timon&query_place_id=ChIJJ3aiWrRHjgcRLTTQowWu0l8,prospect
,5586994713266,"Rua Raimundo correa Lima, Numero 1012 - Parque Alvorada, Timon - MA, 65633-010, Brasil",Timon,-5.1264387,-42.8310655,"{""Salão de Beleza""}",https://www.google.com/maps/search/?api=1&query=Studio%20Nivyane%20Freitas&query_place_id=ChIJQxAWMjA3jgcR3kZpXuac6wM,prospect
,5599988291274,"R. G, 234-314 - Parque Alvorada, Timon - MA, 65633-100, Brasil",Timon,-5.1262391,-42.8310635,"{""Salão de Beleza""}",https://www.google.com/maps/search/?api=1&query=MB%20Studio&query_place_id=ChIJF3Gl_Mo3jgcRJRWSPekZEDA,prospect
,5599984342118,"R. B, casa 02 - Q6 L12 - Sete Estrelas, Timon - MA, 65632-600, Brasil",Timon,-5.1361063,-42.8419048,"{""Manicure - Esmalteria""}",https://www.google.com/maps/search/?api=1&query=studio%20Eduarda%20nails%20designer&query_place_id=ChIJtSx9RXI3jgcRHFV5QlQimLU,prospect
,5586994614877,"R. A, 2492 - Jóia, Timon - MA, 65632-610, Brasil",Timon,-5.1369737,-42.835339,"{""Salão de Beleza""}",https://www.google.com/maps/search/?api=1&query=Studio%20Maysa%20Karine&query_place_id=ChIJIV8_9Zg3jgcRTMxl_xaYtRY,prospect
,5599984565128,"Av. Gerônimo Silva - Parque Alvorada, Timon - MA, 65630-020, Brasil",Timon,-5.1311979,-42.8289852,"{""Salão de Beleza""}",https://www.google.com/maps/search/?api=1&query=Lobitos%20Cabelos&query_place_id=ChIJX8iDXOQ3jgcRF-hvxW9dlUM,prospect
,5586981656369,"Conjunto Miguel Arrais Q17 C15 Residencial, Av. Miguel Arraes, Timon - MA, 65633-420, Brasil",Timon,-5.1506701,-42.8494864,"{""Salão de Beleza""}",https://www.google.com/maps/search/?api=1&query=Studio_ArianeYasmin&query_place_id=ChIJ_xcSQ901jgcRQODaXB3wWbA,prospect
,5586995511661,"R. Poe. Castro Alves, 480 - Pedro prático, Timon - MA, 65634-590, Brasil",Timon,-5.128692,-42.834613,"{""Salão de Beleza""}",https://www.google.com/maps/search/?api=1&query=Cleia%20Pinho%20Studio&query_place_id=ChIJAXbHeVw2jgcRDucIvQ6wyhA,prospect
,5586988942934,"R. Manoel Martins Costa, 1347 - Parque Alvorada, Timon - MA, 65633-070, Brasil",Timon,-5.1275892,-42.8358898,"{""Salão de Beleza""}",https://www.google.com/maps/search/?api=1&query=Bil%20Studio%20Hair&query_place_id=ChIJFcyhJRw3jgcR7qVdB-C74VQ,prospect
,5586999324827,"R. Filomena Martins Nazareno Bringel, 462 - Parque Piaui, Timon - MA, 65306-560, Brasil",Timon,-5.0915789,-42.8365629,"{""Salão de Beleza""}",https://www.google.com/maps/search/?api=1&query=Virtud's%20SB&query_place_id=ChIJh4PEEDA3jgcRgRZ83d0e8Ug,prospect
,5599981048480,"R. Brilhante, 405 - Jóia, Timon - MA, 65632-282, Brasil",Timon,-5.1415975,-42.8410914,"{""Manicure - Esmalteria""}",https://www.google.com/maps/search/?api=1&query=Duda%20nails%20Studio&query_place_id=ChIJP2SkKAA3jgcRRYfrueI0pNw,prospect
,5599984342118,"R. B, casa 01 - Q6 L12 - Sete Estrelas, Timon - MA, 65632-600, Brasil",Timon,-5.1434106,-42.8359304,"{""Manicure - Esmalteria""}",https://www.google.com/maps/search/?api=1&query=Studio%20Eduarda%20nails&query_place_id=ChIJrUSZ8pc3jgcRDTo09o-_5pY,prospect
,5599991870316,"R. Treze, 433 - Formosa, Timon - MA, 65633-626, Brasil",Timon,-5.1189897,-42.8317244,"{""Salão de Beleza""}",https://www.google.com/maps/search/?api=1&query=St%C3%BAdio%20Eloah%20%F0%9F%92%87%F0%9F%8F%BB%E2%80%8D%E2%99%80%EF%B8%8F&query_place_id=ChIJWwmSUgA3jgcRYI-Ddeshh2Y,prospect
,5586988032706,"Av. Benedito Ferreira de Souza - Parque Alvorada, Timon - MA, 65633-230, Brasil",Timon,-5.1306358,-42.8239985,"{""Manicure - Esmalteria""}",https://www.google.com/maps/search/?api=1&query=Jhacy%20Unhas&query_place_id=ChIJE27wgYs3jgcRcWXZRTHGWU8,prospect
,5586988115252,"R. 29 - Cidade Nova, Timon - MA, 65630-000, Brasil",Timon,-5.1290673,-42.8434662,"{""Manicure - Esmalteria""}",https://www.google.com/maps/search/?api=1&query=L%C3%ADvia%20nail%20beauty&query_place_id=ChIJY4CIhZY3jgcRW_n0D9a9bRg,prospect
,5586988680835,"R. Herculano dos Santos - Cidade Nova, Timon - MA, 65634-336, Brasil",Timon,-5.1195682,-42.834938,"{""Depilação""}",https://www.google.com/maps/search/?api=1&query=DEPILA%C3%87%C3%83O%20POLIANA%20SAMPAIO&query_place_id=ChIJCYZYpGk3jgcRpqeZG2aVuGI,prospect
,5599999356084,"Trabalho - Tv. Dois, 433 - Formosa, Timon - MA, 65633-629, Brasil",Timon,-5.1345125,-42.8229776,"{""Salão de Beleza""}",https://www.google.com/maps/search/?api=1&query=St%C3%BAdio%20Eloah&query_place_id=ChIJ85vkQQA3jgcRDk4EVai-bh0,prospect
,5586994594084,"R. Adamastor Oliveira, n°2219 - Parque Alvorada, Timon - MA, 65633-220, Brasil",Timon,-5.131157,-42.836086,"{""Salão de Beleza""}",https://www.google.com/maps/search/?api=1&query=Studio%20Larissa%20Gomes&query_place_id=ChIJ-anp4k03jgcRznWZpeDeMXQ,prospect
,5586981061836,"Av. Benedito Ferreira Campos, 886 - Parque Alvorada, Timon - MA, 65633-280, Brasil",Timon,-5.1298426,-42.8290435,"{""Salão de Beleza""}",https://www.google.com/maps/search/?api=1&query=Studio%20Ana%20K%C3%A1ssia%20Coimbra&query_place_id=ChIJPfQJLuU3jgcRRS_2SNcnrdw,prospect
,5586981652462,"R. Pepita, 351 - Jóia, Timon - MA, 65636-000, Brasil",Timon,-5.1433464,-42.8421729,"{""Sobrancelhas e Cílios""}",https://www.google.com/maps/search/?api=1&query=Cilios%20Studio%20da%20Paty%202&query_place_id=ChIJoU-KGAo3jgcRGp0m233iERM,prospect
,5586988573375,"R. Martinho Carlos da Silva - Parque Alvorada, Timon - MA, 65633-350, Brasil",Timon,-5.1298313,-42.8328273,"{""Manicure - Esmalteria""}",https://www.google.com/maps/search/?api=1&query=Nandanaildesing&query_place_id=ChIJveAhtXQ3jgcRYilWIBpwf5I,prospect
,,"R. G, 20a - Glória, Timon - MA, 65632-200, Brasil",Timon,-5.1378703,-42.825665,"{""Salão de Beleza""}",https://www.google.com/maps/search/?api=1&query=Studio%20Raylanne%20Souto&query_place_id=ChIJWSyEMgA3jgcRwoweYqMwVg0,prospect
,,"R. Firmino Gonçalves Pedreira - Centro, Timon - MA, 65631-040, Brasil",Timon,-5.0950299,-42.8242466,"{""Clínica de Estética""}",https://www.google.com/maps/search/?api=1&query=S%C3%A1%20est%C3%A9tica%20e%20beleza&query_place_id=ChIJ3RkpTgE3jgcRSDf3Hpf4lao,prospect
,,"R. 28, 1240 - Sete Estrelas, Timon - MA, 65633-450, Brasil",Timon,-5.1273695,-42.8436853,"{""Salão de Beleza""}",https://www.google.com/maps/search/?api=1&query=Studio%20Byana%20Santana&query_place_id=ChIJoZfPpXA3jgcRB1TGEcvmytU,prospect
,5586981865376,"R. Um - Jóia, Timon - MA, 65632-230, Brasil",Timon,-5.1410207,-42.8379133,"{""Salão de Beleza""}",https://www.google.com/maps/search/?api=1&query=Studio%20Hanna%20beauty&query_place_id=ChIJLTbA59U3jgcRCGAiSbKlAiE,prospect
,,"Rua, R. 1 Leonel Brizola, 03, Timon - MA, 65633-080, Brasil",Timon,-5.1234403,-42.8574814,"{""Salão de Beleza""}",https://www.google.com/maps/search/?api=1&query=Leyla%20cabelos&query_place_id=ChIJWaBQ2Gk3jgcRYm4ovOCXz10,prospect
,5586994621984,"Miguel Arraes, R. 27, Q. 28 - casa 25 - Jóia, Timon - MA, 65633-420, Brasil",Timon,-5.1501819,-42.8506651,"{""Salão de Beleza""}",https://www.google.com/maps/search/?api=1&query=Amparo%20cabelos&query_place_id=ChIJC0QGkEg1jgcRf7MuicdbEM4,prospect
,5586999050373,"R. Constância Gomes da Silva, 1092 - Parque Alvorada, Timon - MA, 65633-290, Brasil",Timon,-5.1274509,-42.8313977,"{""Manicure - Esmalteria""}",https://www.google.com/maps/search/?api=1&query=Tha%C3%ADs%20Gabriela%20Nail%20designer&query_place_id=ChIJ4_uMVTI3jgcRMmM3dm0XsPs,prospect
,,"R. Vicente Faustino do Nascimento, 925 - Parque Alvorada, Timon - MA, 65633-270, Brasil",Timon,-5.1283285,-42.8263373,"{""Manicure - Esmalteria""}",https://www.google.com/maps/search/?api=1&query=Mr%20Unhas%20%26%20Sabrancelhas&query_place_id=ChIJPw2IQ1g2jgcRJGwhZdeNMQk,prospect
,5586981594994,"Rua G 20 A Bairro Vila do Bec 2, Timon - MA, Brasil",Timon,-5.1379544,-42.8257491,"{""Sobrancelhas e Cílios""}",https://www.google.com/maps/search/?api=1&query=Studio%20Raylanne%20Souto%20Lash%20designer%20_Cilios%20e%20Sobrancelhas&query_place_id=ChIJAVLaHgA3jgcRE0tqEzy2FxE,prospect
,5586998624754,"R. Turmalina, 148 - Jóia, Timon - MA, 65632-277, Brasil",Timon,-5.1427896,-42.8515206,"{""Manicure - Esmalteria""}",https://www.google.com/maps/search/?api=1&query=Vit%C3%B3ria%20Moura%20Nail%20Designer&query_place_id=ChIJ2bxL1z83jgcRggF30cNT2lI,prospect
,,"Av. Gerônimo Silva, 1253 - Parque Alvorada, Timon - MA, 65633-180, Brasil",Timon,-5.1319651,-42.8311448,"{""Salão de Beleza""}",https://www.google.com/maps/search/?api=1&query=Studio%20Fabi%20Oliveira&query_place_id=ChIJk110Rlw2jgcRR83O83ox3OI,prospect
,5599991477346,"R. Vinte, casa 753 - Planalto Boa Esperança, Timon - MA, 65632-435, Brasil",Timon,-5.1415459,-42.8302426,"{""Sobrancelhas e Cílios""}",https://www.google.com/maps/search/?api=1&query=coimbra_lashdesigner&query_place_id=ChIJnSSO8F03jgcRgU07WvmdLbY,prospect
,5599984960376,"R. D, N 1977 - Vila do Bec, Timon - MA, 65632-610, Brasil",Timon,-5.1368376,-42.8305993,"{""Salão de Beleza""}",https://www.google.com/maps/search/?api=1&query=LR%20Concept&query_place_id=ChIJ-4oRYNg3jgcRyyktdBppcgg,prospect
,5586999324078,"35, R. 50, 17, Timon - MA, 65632-837, Brasil",Timon,-5.1508086,-42.849593,"{""Salão de Beleza""}",https://www.google.com/maps/search/?api=1&query=Ranny%20Sousa&query_place_id=ChIJt2tK9zU1jgcReYp9_ovQoio,prospect
,5599988619699,"R. Raimundo Pereira Magalhães, 1102 - Parque Alvorada, Timon - MA, 65633-260, Brasil",Timon,-5.1268154,-42.8315882,"{""Manicure - Esmalteria""}",https://www.google.com/maps/search/?api=1&query=Samara%20Ribeiro%20nail%20designer&query_place_id=ChIJa9PSihU3jgcRdvOdeoaueQk,prospect
,5586995960355,"R. Emanuel Veloso, 2550 - São Pedro, Teresina - PI, 64018-041, Brasil",Teresina,-5.1171858,-42.8140145,"{""Salão de Beleza""}",https://www.google.com/maps/search/?api=1&query=Studio%20universo%20feminino&query_place_id=ChIJTZ_XAwA3jgcRnO4aK_Gxqxo,prospect
,5586999201143,"Parque Alvorada, Timon - MA, 65636-045, Brasil",Timon,-5.1211683,-42.8250031,"{""Salão de Beleza""}",https://www.google.com/maps/search/?api=1&query=Studio%20Cleycianny%20silva&query_place_id=ChIJKX7ZVgA3jgcRZ7qbwUqa6z0,prospect
,,"R. Preciosa - Jóia, Timon - MA, 65632-280, Brasil",Timon,-5.1407812,-42.839893,"{""Manicure - Esmalteria""}",https://www.google.com/maps/search/?api=1&query=Studiohelennails&query_place_id=ChIJz5mOSQA3jgcRve_0PRlj43o,prospect
,5586981590836,"R. G, Casa 17 - Timon, MA, 65630-000, Brasil",Timon,-5.1144255,-42.8377975,"{""Manicure - Esmalteria""}",https://www.google.com/maps/search/?api=1&query=Marias%20Esmalteria&query_place_id=ChIJ4cU80Yw3jgcRbf6wnwC6zWc,prospect
,5586988619431,"Rua 5 numero 176 Vila do Bec - Sete Estrelas, Timon - MA, 65632-655, Brasil",Timon,-5.1197356,-42.8272577,"{""Salão de Beleza""}",https://www.google.com/maps/search/?api=1&query=Studio%20Joyce%20Alves&query_place_id=ChIJu4H_3083jgcR5ws6oIA-28c,prospect
,5586988466416,"Av. Benedito Ferreira Campos, 851 - Parque Alvorada, Timon - MA, 65633-280, Brasil",Timon,-5.1298083,-42.828424,"{""Salão de Beleza""}",https://www.google.com/maps/search/?api=1&query=Sal%C3%A3o%20do%20Chico%20Igo&query_place_id=ChIJge-hB9U3jgcRqn0GCE9f5gA,prospect
,5586999547797,"Av. Maranhão, 2465 - São Pedro, Teresina - PI, 64018-100, Brasil",Teresina,-5.1158731,-42.8144376,"{""Manicure - Esmalteria""}",https://www.google.com/maps/search/?api=1&query=Studio%20Samila%20Sousa%20nails&query_place_id=ChIJZY51Wk43jgcRkiQYFisT8TU,prospect
,,"R. 28, 1452 - Sete estrelas, Timon - MA, 65633-470, Brasil",Timon,-5.1274242,-42.8436371,"{""Sobrancelhas e Cílios""}",https://www.google.com/maps/search/?api=1&query=Ac%20Studio%20Lash%20Design&query_place_id=ChIJGcu9dQA3jgcRRxzN2sNaKRo,prospect
,5586988070880,"R. Um Mil e Dois - Formosa, Timon - MA, Brasil",Timon,-5.1124346,-42.8282279,"{""Salão de Beleza""}",https://www.google.com/maps/search/?api=1&query=VS%20design%20(Vit%C3%B3ria%20Santos)&query_place_id=ChIJU9cz3L43jgcR0pzjLTY1p2M,prospect
,,"Av. Gerônimo Silva, 425 - Cajueiro, Timon - MA, 65630-464, Brasil",Timon,-5.1274251,-42.8179833,"{""Salão de Beleza""}",https://www.google.com/maps/search/?api=1&query=MP_BEAUTY&query_place_id=ChIJrajxQR03jgcRZbdtZ3FpdPE,prospect
,5599985259232,"R. Treze, 448 - Cidade Nova, Timon - MA, 65633-626, Brasil",Timon,-5.1188447,-42.8316325,"{""Salão de Beleza""}",https://www.google.com/maps/search/?api=1&query=Duda%20cabelo&query_place_id=ChIJL33vSjI3jgcR5GDAND5Y3d4,prospect
,5586999799435,"Rua vinte e nove Sete estrelas - Parque Alvorada, Timon - MA, 65630-200, Brasil",Timon,-5.1312658,-42.8424516,"{""Manicure - Esmalteria""}",https://www.google.com/maps/search/?api=1&query=Viviane%20Lopes%20unhas&query_place_id=ChIJf6FM1hw3jgcRRNJ6ZU6cPiA,prospect
,,"Parque Alvorada, Timon - MA, 65633-250, Brasil",Timon,-5.1310482,-42.8247874,"{""Salão de Beleza""}",https://www.google.com/maps/search/?api=1&query=Lu%20M%C3%A3os%20E%20P%C3%A9s&query_place_id=ChIJgbt09lg2jgcRr1Hie33kEpA,prospect
,5586999847802,"R. Esmeralda - Jóia, Timon - MA, Brasil",Timon,-5.1432603,-42.8372036,"{""Depilação""}",https://www.google.com/maps/search/?api=1&query=Ana.depill&query_place_id=ChIJlX3HR2o3jgcRXu8ByBkdb9Y,prospect
,5586999062229,"R. 22, 1541 - Parque Alvorada, Timon - MA, 65633-490, Brasil",Timon,-5.1288135,-42.8396637,"{""Manicure - Esmalteria""}",https://www.google.com/maps/search/?api=1&query=Minhas%20Unhas%20Meu%20Humor&query_place_id=ChIJpUMODk03jgcR1cdCWzg9arE,prospect
,,"R. A, 81 - QD 35, BL A, LT 21 A - Centro Operário, Timon - MA, 65530-000, Brasil",Timon,-5.1352325,-42.8283209,"{""Salão de Beleza""}",https://www.google.com/maps/search/?api=1&query=Resid%C3%AAncia%20da%20Day&query_place_id=ChIJ6ZDfK4Q3jgcRZKA1RZwaudI,prospect
,5599984167343,,Timon,-5.126249,-42.8285842,"{""Manicure - Esmalteria""}",https://www.google.com/maps/search/?api=1&query=Fernanda%20Oliveira%20Nails&query_place_id=ChIJC1UMg4VI0EQR-hyJ_1ArqW0,prospect
,5586995404508,"Av. Luís Firmino de Sousa, 1564 - São Benedito, Timon - MA, 65636-310, Brasil",Timon,-5.1026118,-42.8350147,"{""Clínica de Estética""}",https://www.google.com/maps/search/?api=1&query=Tatiara%20Binacet%20-%20Est%C3%A9tica%20Facial%20e%20Corporal&query_place_id=ChIJwxWWalY3jgcRH3mVm3C5aZE,prospect
,5586988587910,"R. Marcos Batista da Silva, 3233 - Centro Operario, Timon - MA, 65636-600, Brasil",Timon,-5.0999514,-42.8571864,"{""Salão de Beleza""}",https://www.google.com/maps/search/?api=1&query=Lu%20cosm%C3%A9ticos&query_place_id=ChIJb-zpWJQ3jgcR9wz4TckP4xc,prospect
,5586994977368,"Av. Luís Firmino de Sousa, 2060 - São Benedito, Timon - MA, 65636-340, Brasil",Timon,-5.1036857,-42.8374992,"{""Salão de Beleza""}",https://www.google.com/maps/search/?api=1&query=Clin%20Multfisio&query_place_id=ChIJ3S7ayGM3jgcRsfvtd29GZC0,prospect
,5586998173066,"Av. Teresina, 2047 - Parque Piaui, Timon - MA, 65636-500, Brasil",Timon,-5.1003515,-42.84761,"{""Salão de Beleza""}",https://www.google.com/maps/search/?api=1&query=Circuito%20de%20Treinamento&query_place_id=ChIJawdj0Ig3jgcRbRb4Hz_TlDQ,prospect
,5586998022678,"Av. Teresina, 1831 - Parque Piaui, Timon - MA, 65636-500, Brasil",Timon,-5.0991037,-42.845034,"{""Salão de Beleza""}",https://www.google.com/maps/search/?api=1&query=CT%20VIRTUS&query_place_id=ChIJ9_sgdwA3jgcR8oDmAfM9yS0,prospect
,,"Res. Padre Delfino - R. Babaçu, S/N, Timon - MA, Brasil",Timon,-5.1167376,-42.8624517,"{""Salão de Beleza""}",https://www.google.com/maps/search/?api=1&query=UBS%20-%20Padre%20Delfino&query_place_id=ChIJZ5BiqTY3jgcRBrs25gM2UXA,prospect
,,"Av. Paulo Ramos, 476 - Centro, Timon - MA, 65630-140, Brasil",Timon,-5.0978682,-42.8309161,"{""Salão de Beleza""}",https://www.google.com/maps/search/?api=1&query=Pedro%20Cabelos%20UNISSEX&query_place_id=ChIJRXt3Cpw3jgcRsWcHOR7mSko,prospect
,5586988136719,"R. João Joca Assunção, 1317 - Parque-Piaui I, Timon - MA, 65636-440, Brasil",Timon,-5.0971404,-42.8332399,"{""Salão de Beleza""}",https://www.google.com/maps/search/?api=1&query=Studio%20Amanda%20Crispim&query_place_id=ChIJL4UfbMM3jgcRTuuxRVNe-ig,prospect
,5586988070579,"R. Projetada, 431 - Parque Piaui, Timon - MA, 65631-220, Brasil",Timon,-5.0890353,-42.8377322,"{""Clínica de Estética""}",https://www.google.com/maps/search/?api=1&query=Central%20de%20Est%C3%A9tica%20Aromas%20e%20Sensibilidades&query_place_id=ChIJd8UWB4s3jgcRdf-cuwKKQb4,prospect
,5586994714113,"R. projetada 01, 2027 - Planalto Boa Esperança, Timon - MA, Brasil",Timon,-5.1446199,-42.8343667,"{""Salão de Beleza""}",https://www.google.com/maps/search/?api=1&query=Studio%20Gabriele%20Trindade&query_place_id=ChIJ6ZePdgA3jgcR0RPDz50jM3w,prospect
,5599988233497,"Rua av j, n 2339 - Parque Alvorada, Timon - MA, 65633-200, Brasil",Timon,-5.1270852,-42.8371744,"{""Salão de Beleza""}",https://www.google.com/maps/search/?api=1&query=Studio%20BRmark'S&query_place_id=ChIJLxFVxPM3jgcRhlYDVlRd2AE,prospect
,5586981644220,"R. Henrique Pereira de Souza, 1090 - Parque Piaui, Timon - MA, 65636-300, Brasil",Timon,-5.0978523,-42.8338751,"{""Clínica de Estética""}",https://www.google.com/maps/search/?api=1&query=Luciana%20Rillena%20Beleza%20Est%C3%A9tica&query_place_id=ChIJ_9Av_bY3jgcRKSyiRXu7f3Q,prospect
,5586988361116,"R. Maria Carlos da Silva, 863 - Parque Piaui, Timon - MA, 65631-125, Brasil",Timon,-5.0939277,-42.836426,"{""Salão de Beleza""}",https://www.google.com/maps/search/?api=1&query=Studio%20Marias&query_place_id=ChIJmz97DXs3jgcR_yPxcT4Ly_8,prospect
,,"R. 1 Leonel Brizola - Timon, MA, 65633-080, Brasil",Timon,-5.1229203,-42.8546099,"{""Salão de Beleza""}",https://www.google.com/maps/search/?api=1&query=Studio%20giselly%20moura&query_place_id=ChIJwbKgBQA3jgcR3PaV8ClLKj4,prospect
,5599984346211,"Av. Piauí, 700 - Lojas 118 e 119 - Centro, Timon - MA, 65630-030, Brasil",Timon,-5.0916492,-42.8244361,"{""Salão de Beleza""}",https://www.google.com/maps/search/?api=1&query=Espa%C3%A7olaser%20Timon&query_place_id=ChIJNybQMAA3jgcRodr3-fpgoZg,prospect
,5586999974625,"Av. Piauí, 700 - S - 094 - Centro, Timon - MA, 65630-030, Brasil",Timon,-5.0921007,-42.8241136,"{""Salão de Beleza""}",https://www.google.com/maps/search/?api=1&query=Divare%20Cosm%C3%A9ticos&query_place_id=ChIJSyZrt3g3jgcR2q-CunApX4I,prospect
,5599985073402,"Av. Piauí, 700 - Centro, Timon - MA, 65630-030, Brasil",Timon,-5.0913673,-42.8238326,"{""Salão de Beleza""}",https://www.google.com/maps/search/?api=1&query=Yara%20Carvalho%20Cosm%C3%A9ticos%20%26%20Perfumaria&query_place_id=ChIJP5em1RQ3jgcRI_lQCqC7w9o,prospect
,559932125763,"Av. Pres. Médici, 1317 - Parque Piaui, Timon - MA, 65631-390, Brasil",Timon,-5.0996661,-42.8296552,"{""Salão de Beleza""}",https://www.google.com/maps/search/?api=1&query=Belo%20Visual&query_place_id=ChIJ-w-ztJ43jgcRrqTPbb1X5o0,prospect
,5586981338320,"Cocais Shopping - Av. Piauí, 700 - Sl 224 - Centro, Timon - MA, 65630-030, Brasil",Timon,-5.0916492,-42.8244361,"{""Salão de Beleza""}",https://www.google.com/maps/search/?api=1&query=Master%20Cosm%C3%A9ticos&query_place_id=ChIJG88lKcI3jgcRXsQ_s0wD2iU,prospect
,5599988393915,"R. José Simões Pedreira, 916 - Centro, Timon - MA, 65630-360, Brasil",Timon,-5.1042966,-42.8282261,"{""Barbearia""}",https://www.google.com/maps/search/?api=1&query=HC%20barbearia&query_place_id=ChIJjS99iP03jgcREW5Jnf3qu_I,prospect
,5586981863978,"Av. Piauí - Centro, Timon - MA, 65630-020, Brasil",Timon,-5.1000407,-42.819973,"{""Barbearia""}",https://www.google.com/maps/search/?api=1&query=Salve%20Barbearia%20-%20Timon&query_place_id=ChIJeSrQlY83jgcRdvXX1gOGgV8,prospect
,5599984316928,"Cocais Shopping - Av. Piauí, 700 - loja 120 - Centro, Timon - MA, 65630-030, Brasil",Timon,-5.0916492,-42.8244361,"{""Salão de Beleza""}",https://www.google.com/maps/search/?api=1&query=Clinica%20Ciclo%20Sa%C3%BAde%20da%20Mulher&query_place_id=ChIJr-OBd9M3jgcRHLFevtMKWYw,prospect
,5586988333595,"Av. Jaime Rios - Centro, Timon - MA, 65631-040, Brasil",Timon,-5.0961802,-42.8263614,"{""Barbearia""}",https://www.google.com/maps/search/?api=1&query=Barbearia%20O%20Foco%20%C3%89%20O%20Corte&query_place_id=ChIJndGxghw3jgcRgap2h40ZSsI,prospect
,5586998468775,"R. José Simões Pedreira, 378 - Mangueira, Timon - MA, 65630-360, Brasil",Timon,-5.1022961,-42.8233117,"{""Barbearia""}",https://www.google.com/maps/search/?api=1&query=Denis%20Barbearia&query_place_id=ChIJge4EzUs3jgcRsvig_bZ9TlM,prospect
,5586981695173,,Timon,-5.1073053,-42.8500662,"{""Salão de Beleza""}",https://www.google.com/maps/search/?api=1&query=JAQUELINE%20LESSA&query_place_id=ChIJOcOYLWRtPWQRUVYPpkGDQZ4,prospect
,559932127144,"R. Magalhães de Almeida, 240 - Centro, Timon - MA, 65630-290, Brasil",Timon,-5.1006551,-42.8259871,"{""Salão de Beleza""}",https://www.google.com/maps/search/?api=1&query=CLIDENTI%20-%20Cl%C3%ADnica%20Dent%C3%A1ria%20de%20Timon&query_place_id=ChIJebjyBgO5jAcR0nLXyIvU6zQ,prospect
,5599988088510,"R. Benedito Leite - Centro, Timon - MA, 65630-320, Brasil",Timon,-5.103452,-42.8282815,"{""Salão de Beleza""}",https://www.google.com/maps/search/?api=1&query=Associa%C3%A7%C3%A3o%20Saraiva%20Jiu-Jitsu&query_place_id=ChIJvegkAAA3jgcR6xpNx0ECjlg,prospect
,5586988720710,,Timon,-5.1073053,-42.8500662,"{""Salão de Beleza""}",https://www.google.com/maps/search/?api=1&query=HINODE%3A%20FRANCISCA%20MATOS%20(CONSULTORA%2FVENDEDORA)%20HINODE%3A%20CELIO%20MATOS%20(consultor%2Fvendedor)&query_place_id=ChIJJ684VH45jgcRypCEjeZWJb0,prospect
,559932125397,"R. José Simões Pedreira, 814 - Centro, Timon - MA, 65630-020, Brasil",Timon,-5.1039471,-42.8274118,"{""Salão de Beleza""}",https://www.google.com/maps/search/?api=1&query=Academia%20Club%20Fitness&query_place_id=ChIJCbivy6E3jgcRiZzGVpQGSSs,prospect
,5586988447467,"R. Aquiles Lisboa, 287 - Centro, Timon - MA, 65630-300, Brasil",Timon,-5.10071,-42.822032,"{""Salão de Beleza""}",https://www.google.com/maps/search/?api=1&query=Tany%20%C3%93tica&query_place_id=ChIJGXP_fNg5jgcR11zvTQbpJj0,prospect
,,"R. 07 de Setembro - Centro, Timon - CE, 62670-000, Brasil",Timon,-5.1029877,-42.826466,"{""Salão de Beleza""}",https://www.google.com/maps/search/?api=1&query=Teresina%20Centro&query_place_id=ChIJHfH7iJ83jgcR3vnExsNzvMk,prospect
,5586994924493,"Av. Pres. Médici, 1863 - Centro, Timon - MA, 65631-391, Brasil",Timon,-5.1042969,-42.8286392,"{""Salão de Beleza""}",https://www.google.com/maps/search/?api=1&query=%C3%93tica%20Mercad%C3%A3o&query_place_id=ChIJM-NrJQc3jgcRapxdIyKFtKg,prospect
,5599981015756,"Av. Pres. Médici, 1600 - São Benedito, Timon - MA, 65636-246, Brasil",Timon,-5.1019719,-42.8293652,"{""Salão de Beleza""}",https://www.google.com/maps/search/?api=1&query=Centro%20M%C3%A9dico%20Viver&query_place_id=ChIJNWcUNp83jgcRK7qvzHmbus0,prospect
,5599991211001,"Av. Pres. Médici, 1370 - Parque Piaui, Timon - MA, 65631-391, Brasil",Timon,-5.100265,-42.8293786,"{""Salão de Beleza""}",https://www.google.com/maps/search/?api=1&query=DROGASIL%2024%20HORAS%20TIMON%202&query_place_id=ChIJv8zNzp43jgcRH5YLV1mQYI8,prospect
,,"Tv. Firmo Pedreira, 358-376 - São Benedito, Timon - MA, 65630-260, Brasil",Timon,-5.1037548,-42.8288252,"{""Salão de Beleza""}",https://www.google.com/maps/search/?api=1&query=Ambulat%C3%B3rio%20Santa%20F%C3%A9&query_place_id=ChIJW4EY7KE3jgcRyMewz_kZQGA,prospect
,5586988761527,"Av. Francisco Vitórino de Assunção, 2256 - Parque Piaui, Timon - MA, 65636-310, Brasil",Timon,-5.1053885,-42.8341047,"{""Salão de Beleza""}",https://www.google.com/maps/search/?api=1&query=Lavita%20Laborat%C3%B3rio&query_place_id=ChIJ___7NqM3jgcRrLBB5A31QbA,prospect
,,"R. Odilo Costa, 392 - Centro, Timon - MA, 65630-250, Brasil",Timon,-5.1020577,-42.8247679,"{""Salão de Beleza""}",https://www.google.com/maps/search/?api=1&query=%C3%93ticas%20Ester%20A%20Menina%20Dos%20Seus%20Olhos&query_place_id=ChIJ0xsfYnU3jgcRzMiX-pwerfQ,prospect
,5599984771088,"R. José Simões Pedreira, 897 - Centro, Timon - MA, 65630-360, Brasil",Timon,-5.1045522,-42.8280833,"{""Salão de Beleza""}",https://www.google.com/maps/search/?api=1&query=Cl%C3%ADnica%20H%2B%20Timon%2FMA&query_place_id=ChIJG6rQJpA3jgcRcjRtxtnsdE0,prospect
,,"Av. Principal - Centro, Timon - MA, 65630-300, Brasil",Timon,-5.1006811,-42.833727,"{""Salão de Beleza""}",https://www.google.com/maps/search/?api=1&query=Penitenci%C3%A1ria%20Regional%20de%20Timon&query_place_id=ChIJb8kWM5g3jgcRZy3Bh7UTAdM,prospect
,5599984615628,"R. Benedito Leite, 1105 - Centro, Timon - MA, 65630-320, Brasil",Timon,-5.1038318,-42.8284873,"{""Salão de Beleza""}",https://www.google.com/maps/search/?api=1&query=%C3%8AH%2C%20DOUTOR%20-%20CLINICA%20POPULAR&query_place_id=ChIJpQX2SrE3jgcRhKpFk8-OooI,prospect
,5599985549029,"R. José Simões Pedreira, 223 - Centro, Timon - MA, 65630-360, Brasil",Timon,-5.1020167,-42.8216446,"{""Salão de Beleza""}",https://www.google.com/maps/search/?api=1&query=Cl%C3%ADnica%20Comed%20%7C%20Dr.%20Glausto%20Set%C3%BAbal&query_place_id=ChIJsQYv46Y3jgcRiHwji11x44Y,prospect
,5586981953400,,Timon,-5.1073053,-42.8500662,"{""Salão de Beleza""}",https://www.google.com/maps/search/?api=1&query=FLOR%20DE%20LIRA&query_place_id=ChIJJ1TMMUjvWwMRow6bqunS6Y4,prospect
,5599999013254,"R. Duque de Caxias, n° 790 - Mangueira, Timon - MA, 65630-526, Brasil",Timon,-5.1057438,-42.8222708,"{""Salão de Beleza""}",https://www.google.com/maps/search/?api=1&query=CT%20LE%C3%95ES%20DE%20JUD%C3%81%20BJJ&query_place_id=ChIJvy2LQW43jgcRO1Pc0jBtw1o,prospect
,5586995473517,,Timon,-5.1864402,-42.9024646,"{""Salão de Beleza""}",https://www.google.com/maps/search/?api=1&query=B%C3%A1rbara%20Berilo&query_place_id=ChIJfbNTb6k3jgcRIENlOddtm6I,prospect
